[
  {
    "title" : null,
    "traits" : [

    ],
    "custom_actions" : [

    ],
    "children" : [
      {
        "pid" : 3090,
        "role_description" : "group",
        "AXValue" : null,
        "children" : [
          {
            "title" : null,
            "custom_actions" : [

            ],
            "help" : null,
            "role_description" : "group",
            "role" : "AXGroup",
            "pid" : 3090,
            "AXValue" : null,
            "content_required" : false,
            "children" : [
              {
                "children" : [
                  {
                    "help" : null,
                    "AXUniqueId" : null,
                    "title" : null,
                    "custom_actions" : [

                    ],
                    "traits" : [

                    ],
                    "AXFrame" : "{{0, 0}, {402, 874}}",
                    "role_description" : "group",
                    "enabled" : true,
                    "role" : "AXGroup",
                    "children" : [
                      {
                        "custom_actions" : [

                        ],
                        "traits" : [

                        ],
                        "type" : "Group",
                        "pid" : 3090,
                        "help" : null,
                        "subrole" : null,
                        "AXValue" : null,
                        "children" : [
                          {
                            "custom_actions" : [

                            ],
                            "title" : null,
                            "traits" : [

                            ],
                            "subrole" : null,
                            "pid" : 3090,
                            "type" : "Group",
                            "help" : null,
                            "frame" : {
                              "width" : 402,
                              "x" : 0,
                              "height" : 874,
                              "y" : 0
                            },
                            "role_description" : "group",
                            "AXLabel" : null,
                            "AXValue" : null,
                            "AXFrame" : "{{0, 0}, {402, 874}}",
                            "children" : [
                              {
                                "AXFrame" : "{{0, 0}, {402, 874}}",
                                "custom_actions" : [

                                ],
                                "traits" : [

                                ],
                                "children" : [
                                  {
                                    "role_description" : "group",
                                    "custom_actions" : [

                                    ],
                                    "type" : "Group",
                                    "AXFrame" : "{{0, 0}, {402, 874}}",
                                    "AXUniqueId" : null,
                                    "help" : null,
                                    "children" : [
                                      {
                                        "type" : "Group",
                                        "content_required" : false,
                                        "children" : [
                                          {
                                            "title" : null,
                                            "children" : [
                                              {
                                                "role" : "AXGroup",
                                                "traits" : [

                                                ],
                                                "children" : [
                                                  {
                                                    "children" : [
                                                      {
                                                        "children" : [
                                                          {
                                                            "children" : [

                                                            ],
                                                            "role_description" : "back button",
                                                            "help" : null,
                                                            "custom_actions" : [

                                                            ],
                                                            "AXUniqueId" : "BackButton",
                                                            "frame" : {
                                                              "width" : 44,
                                                              "x" : 16,
                                                              "height" : 44,
                                                              "y" : 62
                                                            },
                                                            "content_required" : false,
                                                            "subrole" : null,
                                                            "enabled" : true,
                                                            "role" : "AXButton",
                                                            "AXLabel" : "Train",
                                                            "pid" : 3090,
                                                            "type" : "Button",
                                                            "AXFrame" : "{{16, 62}, {44, 44}}",
                                                            "traits" : [

                                                            ],
                                                            "title" : null,
                                                            "AXValue" : null
                                                          },
                                                          {
                                                            "title" : null,
                                                            "enabled" : true,
                                                            "help" : null,
                                                            "AXUniqueId" : null,
                                                            "traits" : [

                                                            ],
                                                            "custom_actions" : [

                                                            ],
                                                            "frame" : {
                                                              "width" : 88.666666666666657,
                                                              "x" : 156.66666666666666,
                                                              "height" : 20.666666666666671,
                                                              "y" : 73.666666666666657
                                                            },
                                                            "children" : [

                                                            ],
                                                            "role" : "AXHeading",
                                                            "AXValue" : null,
                                                            "pid" : 3090,
                                                            "AXLabel" : "Hold specs",
                                                            "subrole" : null,
                                                            "content_required" : false,
                                                            "type" : "Heading",
                                                            "role_description" : "heading",
                                                            "AXFrame" : "{{156.66666666666666, 73.666666666666657}, {88.666666666666657, 20.666666666666671}}"
                                                          },
                                                          {
                                                            "subrole" : null,
                                                            "role" : "AXGroup",
                                                            "children" : [
                                                              {
                                                                "role_description" : "group",
                                                                "help" : null,
                                                                "AXUniqueId" : null,
                                                                "subrole" : null,
                                                                "AXLabel" : null,
                                                                "content_required" : false,
                                                                "AXValue" : null,
                                                                "type" : "Group",
                                                                "children" : [
                                                                  {
                                                                    "custom_actions" : [

                                                                    ],
                                                                    "traits" : [

                                                                    ],
                                                                    "AXLabel" : "Report a problem",
                                                                    "AXValue" : null,
                                                                    "children" : [

                                                                    ],
                                                                    "pid" : 3090,
                                                                    "role_description" : "button",
                                                                    "subrole" : null,
                                                                    "enabled" : true,
                                                                    "AXUniqueId" : "boardDetail.reportProblem",
                                                                    "title" : null,
                                                                    "frame" : {
                                                                      "width" : 33.333333333333314,
                                                                      "x" : 347.33333333333331,
                                                                      "height" : 36,
                                                                      "y" : 66
                                                                    },
                                                                    "role" : "AXButton",
                                                                    "type" : "Button",
                                                                    "help" : null,
                                                                    "AXFrame" : "{{347.33333333333331, 66}, {33.333333333333314, 36}}",
                                                                    "content_required" : false
                                                                  }
                                                                ],
                                                                "title" : null,
                                                                "pid" : 3090,
                                                                "role" : "AXGroup",
                                                                "enabled" : true,
                                                                "traits" : [

                                                                ],
                                                                "custom_actions" : [

                                                                ],
                                                                "frame" : {
                                                                  "width" : 36,
                                                                  "x" : 346,
                                                                  "height" : 36,
                                                                  "y" : 66
                                                                },
                                                                "AXFrame" : "{{346, 66}, {36, 36}}"
                                                              }
                                                            ],
                                                            "title" : null,
                                                            "AXUniqueId" : "boardDetail.reportProblem",
                                                            "role_description" : "group",
                                                            "content_required" : false,
                                                            "pid" : 3090,
                                                            "custom_actions" : [

                                                            ],
                                                            "traits" : [

                                                            ],
                                                            "AXFrame" : "{{346, 66}, {36, 36}}",
                                                            "AXValue" : null,
                                                            "help" : null,
                                                            "AXLabel" : "Report a problem",
                                                            "type" : "Group",
                                                            "enabled" : true,
                                                            "frame" : {
                                                              "width" : 36,
                                                              "x" : 346,
                                                              "height" : 36,
                                                              "y" : 66
                                                            }
                                                          }
                                                        ],
                                                        "role_description" : "Nav bar",
                                                        "AXFrame" : "{{0, 62}, {402, 54}}",
                                                        "help" : null,
                                                        "AXValue" : null,
                                                        "type" : "Group",
                                                        "title" : null,
                                                        "AXUniqueId" : "Hold specs",
                                                        "frame" : {
                                                          "width" : 402,
                                                          "x" : 0,
                                                          "height" : 54,
                                                          "y" : 62
                                                        },
                                                        "enabled" : true,
                                                        "AXLabel" : null,
                                                        "custom_actions" : [

                                                        ],
                                                        "role" : "AXGroup",
                                                        "subrole" : null,
                                                        "content_required" : false,
                                                        "pid" : 3090,
                                                        "traits" : [

                                                        ]
                                                      },
                                                      {
                                                        "enabled" : true,
                                                        "traits" : [

                                                        ],
                                                        "AXUniqueId" : null,
                                                        "role_description" : "group",
                                                        "custom_actions" : [

                                                        ],
                                                        "frame" : {
                                                          "width" : 402,
                                                          "x" : 0,
                                                          "height" : 874,
                                                          "y" : 0
                                                        },
                                                        "role" : "AXGroup",
                                                        "title" : null,
                                                        "subrole" : null,
                                                        "children" : [
                                                          {
                                                            "traits" : [

                                                            ],
                                                            "AXUniqueId" : null,
                                                            "children" : [
                                                              {
                                                                "AXLabel" : null,
                                                                "traits" : [

                                                                ],
                                                                "custom_actions" : [

                                                                ],
                                                                "AXFrame" : "{{0, 0}, {402, 874}}",
                                                                "role_description" : "group",
                                                                "AXValue" : null,
                                                                "AXUniqueId" : null,
                                                                "title" : null,
                                                                "subrole" : null,
                                                                "enabled" : true,
                                                                "content_required" : false,
                                                                "frame" : {
                                                                  "width" : 402,
                                                                  "x" : 0,
                                                                  "height" : 874,
                                                                  "y" : 0
                                                                },
                                                                "role" : "AXGroup",
                                                                "help" : null,
                                                                "pid" : 3090,
                                                                "children" : [
                                                                  {
                                                                    "content_required" : false,
                                                                    "AXLabel" : null,
                                                                    "frame" : {
                                                                      "width" : 402,
                                                                      "x" : 0,
                                                                      "height" : 874,
                                                                      "y" : 0
                                                                    },
                                                                    "enabled" : true,
                                                                    "traits" : [

                                                                    ],
                                                                    "help" : null,
                                                                    "AXFrame" : "{{0, 0}, {402, 874}}",
                                                                    "subrole" : null,
                                                                    "custom_actions" : [

                                                                    ],
                                                                    "role_description" : "group",
                                                                    "role" : "AXGroup",
                                                                    "pid" : 3090,
                                                                    "AXUniqueId" : null,
                                                                    "AXValue" : null,
                                                                    "title" : null,
                                                                    "children" : [
                                                                      {
                                                                        "help" : null,
                                                                        "AXFrame" : "{{0, 0}, {402, 874}}",
                                                                        "enabled" : true,
                                                                        "traits" : [

                                                                        ],
                                                                        "AXValue" : null,
                                                                        "AXUniqueId" : "boardDetail.screen",
                                                                        "type" : "ScrollArea",
                                                                        "subrole" : null,
                                                                        "title" : null,
                                                                        "content_required" : false,
                                                                        "children" : [
                                                                          {
                                                                            "role_description" : "group",
                                                                            "enabled" : true,
                                                                            "frame" : {
                                                                              "width" : 402,
                                                                              "x" : 0,
                                                                              "height" : 874,
                                                                              "y" : 0
                                                                            },
                                                                            "AXFrame" : "{{0, 0}, {402, 874}}",
                                                                            "AXUniqueId" : null,
                                                                            "custom_actions" : [

                                                                            ],
                                                                            "pid" : 3090,
                                                                            "subrole" : null,
                                                                            "AXValue" : null,
                                                                            "traits" : [

                                                                            ],
                                                                            "AXLabel" : null,
                                                                            "help" : null,
                                                                            "title" : null,
                                                                            "children" : [
                                                                              {
                                                                                "AXUniqueId" : null,
                                                                                "AXLabel" : null,
                                                                                "traits" : [

                                                                                ],
                                                                                "enabled" : true,
                                                                                "subrole" : null,
                                                                                "AXFrame" : "{{0, 0}, {402, 170.80000000000001}}",
                                                                                "role_description" : "group",
                                                                                "type" : "Group",
                                                                                "role" : "AXGroup",
                                                                                "help" : null,
                                                                                "title" : null,
                                                                                "frame" : {
                                                                                  "width" : 402,
                                                                                  "x" : 0,
                                                                                  "height" : 170.80000000000001,
                                                                                  "y" : 0
                                                                                },
                                                                                "content_required" : false,
                                                                                "custom_actions" : [

                                                                                ],
                                                                                "children" : [

                                                                                ],
                                                                                "pid" : 3090,
                                                                                "AXValue" : null
                                                                              },
                                                                              {
                                                                                "help" : null,
                                                                                "type" : "Group",
                                                                                "frame" : {
                                                                                  "width" : 402,
                                                                                  "x" : 0,
                                                                                  "height" : 147.79999999999995,
                                                                                  "y" : 726.20000000000005
                                                                                },
                                                                                "title" : null,
                                                                                "role_description" : "group",
                                                                                "AXLabel" : null,
                                                                                "pid" : 3090,
                                                                                "traits" : [

                                                                                ],
                                                                                "AXUniqueId" : null,
                                                                                "role" : "AXGroup",
                                                                                "AXValue" : null,
                                                                                "enabled" : true,
                                                                                "custom_actions" : [

                                                                                ],
                                                                                "content_required" : false,
                                                                                "children" : [

                                                                                ],
                                                                                "AXFrame" : "{{0, 726.20000000000005}, {402, 147.79999999999995}}",
                                                                                "subrole" : null
                                                                              }
                                                                            ],
                                                                            "type" : "Group",
                                                                            "content_required" : false,
                                                                            "role" : "AXGroup"
                                                                          },
                                                                          {
                                                                            "content_required" : false,
                                                                            "custom_actions" : [

                                                                            ],
                                                                            "frame" : {
                                                                              "width" : 402,
                                                                              "x" : 0,
                                                                              "height" : 874,
                                                                              "y" : 0
                                                                            },
                                                                            "AXFrame" : "{{0, 0}, {402, 874}}",
                                                                            "AXValue" : null,
                                                                            "AXUniqueId" : null,
                                                                            "title" : null,
                                                                            "type" : "Group",
                                                                            "children" : [
                                                                              {
                                                                                "pid" : 3090,
                                                                                "title" : null,
                                                                                "type" : "Group",
                                                                                "enabled" : true,
                                                                                "subrole" : null,
                                                                                "custom_actions" : [

                                                                                ],
                                                                                "traits" : [

                                                                                ],
                                                                                "help" : null,
                                                                                "children" : [
                                                                                  {
                                                                                    "custom_actions" : [

                                                                                    ],
                                                                                    "subrole" : null,
                                                                                    "title" : null,
                                                                                    "frame" : {
                                                                                      "width" : 642,
                                                                                      "x" : -120,
                                                                                      "height" : 286,
                                                                                      "y" : 731
                                                                                    },
                                                                                    "AXFrame" : "{{-120, 731}, {642, 286}}",
                                                                                    "enabled" : true,
                                                                                    "pid" : 3090,
                                                                                    "type" : "Image",
                                                                                    "AXValue" : null,
                                                                                    "role_description" : "image",
                                                                                    "role" : "AXImage",
                                                                                    "AXUniqueId" : "AdditionalDimmingOverlay",
                                                                                    "AXLabel" : null,
                                                                                    "children" : [

                                                                                    ],
                                                                                    "traits" : [

                                                                                    ],
                                                                                    "content_required" : false,
                                                                                    "help" : null
                                                                                  },
                                                                                  {
                                                                                    "subrole" : null,
                                                                                    "AXFrame" : "{{0, 726.20000000000005}, {402, 147.79999999999995}}",
                                                                                    "role_description" : "group",
                                                                                    "custom_actions" : [

                                                                                    ],
                                                                                    "AXLabel" : null,
                                                                                    "content_required" : false,
                                                                                    "traits" : [

                                                                                    ],
                                                                                    "help" : null,
                                                                                    "role" : "AXGroup",
                                                                                    "AXValue" : null,
                                                                                    "type" : "Group",
                                                                                    "title" : null,
                                                                                    "frame" : {
                                                                                      "width" : 402,
                                                                                      "x" : 0,
                                                                                      "height" : 147.79999999999995,
                                                                                      "y" : 726.20000000000005
                                                                                    },
                                                                                    "pid" : 3090,
                                                                                    "enabled" : true,
                                                                                    "AXUniqueId" : null,
                                                                                    "children" : [
                                                                                      {
                                                                                        "enabled" : true,
                                                                                        "type" : "Group",
                                                                                        "role" : "AXGroup",
                                                                                        "role_description" : "group",
                                                                                        "AXValue" : null,
                                                                                        "AXLabel" : null,
                                                                                        "custom_actions" : [

                                                                                        ],
                                                                                        "title" : null,
                                                                                        "traits" : [

                                                                                        ],
                                                                                        "frame" : {
                                                                                          "width" : 402,
                                                                                          "x" : 0,
                                                                                          "height" : 147.79999999999995,
                                                                                          "y" : 726.20000000000005
                                                                                        },
                                                                                        "help" : null,
                                                                                        "AXUniqueId" : null,
                                                                                        "subrole" : null,
                                                                                        "pid" : 3090,
                                                                                        "content_required" : false,
                                                                                        "children" : [

                                                                                        ],
                                                                                        "AXFrame" : "{{0, 726.20000000000005}, {402, 147.79999999999995}}"
                                                                                      }
                                                                                    ]
                                                                                  },
                                                                                  {
                                                                                    "role_description" : "group",
                                                                                    "AXValue" : null,
                                                                                    "content_required" : false,
                                                                                    "traits" : [

                                                                                    ],
                                                                                    "AXFrame" : "{{0, 726.20000000000005}, {402, 147.79999999999995}}",
                                                                                    "title" : null,
                                                                                    "subrole" : null,
                                                                                    "enabled" : true,
                                                                                    "role" : "AXGroup",
                                                                                    "frame" : {
                                                                                      "width" : 402,
                                                                                      "x" : 0,
                                                                                      "height" : 147.79999999999995,
                                                                                      "y" : 726.20000000000005
                                                                                    },
                                                                                    "children" : [
                                                                                      {
                                                                                        "role" : "AXGroup",
                                                                                        "custom_actions" : [

                                                                                        ],
                                                                                        "frame" : {
                                                                                          "width" : 402,
                                                                                          "x" : 0,
                                                                                          "height" : 147.79999999999995,
                                                                                          "y" : 726.20000000000005
                                                                                        },
                                                                                        "subrole" : null,
                                                                                        "pid" : 3090,
                                                                                        "AXValue" : null,
                                                                                        "AXLabel" : null,
                                                                                        "children" : [

                                                                                        ],
                                                                                        "AXFrame" : "{{0, 726.20000000000005}, {402, 147.79999999999995}}",
                                                                                        "type" : "Group",
                                                                                        "help" : null,
                                                                                        "AXUniqueId" : null,
                                                                                        "enabled" : true,
                                                                                        "content_required" : false,
                                                                                        "traits" : [

                                                                                        ],
                                                                                        "role_description" : "group",
                                                                                        "title" : null
                                                                                      },
                                                                                      {
                                                                                        "custom_actions" : [

                                                                                        ],
                                                                                        "pid" : 3090,
                                                                                        "enabled" : true,
                                                                                        "AXValue" : null,
                                                                                        "frame" : {
                                                                                          "width" : 402,
                                                                                          "x" : 0,
                                                                                          "height" : 147.79999999999995,
                                                                                          "y" : 726.20000000000005
                                                                                        },
                                                                                        "role" : "AXGroup",
                                                                                        "title" : null,
                                                                                        "subrole" : null,
                                                                                        "children" : [

                                                                                        ],
                                                                                        "type" : "Group",
                                                                                        "AXUniqueId" : null,
                                                                                        "AXFrame" : "{{0, 726.20000000000005}, {402, 147.79999999999995}}",
                                                                                        "AXLabel" : null,
                                                                                        "role_description" : "group",
                                                                                        "content_required" : false,
                                                                                        "traits" : [

                                                                                        ],
                                                                                        "help" : null
                                                                                      }
                                                                                    ],
                                                                                    "AXLabel" : null,
                                                                                    "pid" : 3090,
                                                                                    "help" : null,
                                                                                    "AXUniqueId" : null,
                                                                                    "type" : "Group",
                                                                                    "custom_actions" : [

                                                                                    ]
                                                                                  }
                                                                                ],
                                                                                "AXValue" : null,
                                                                                "frame" : {
                                                                                  "width" : 402,
                                                                                  "x" : 0,
                                                                                  "height" : 147.79999999999995,
                                                                                  "y" : 726.20000000000005
                                                                                },
                                                                                "role_description" : "group",
                                                                                "AXFrame" : "{{0, 726.20000000000005}, {402, 147.79999999999995}}",
                                                                                "AXLabel" : null,
                                                                                "AXUniqueId" : null,
                                                                                "role" : "AXGroup",
                                                                                "content_required" : false
                                                                              }
                                                                            ],
                                                                            "traits" : [

                                                                            ],
                                                                            "help" : null,
                                                                            "enabled" : true,
                                                                            "subrole" : null,
                                                                            "AXLabel" : null,
                                                                            "pid" : 3090,
                                                                            "role_description" : "group",
                                                                            "role" : "AXGroup"
                                                                          },
                                                                          {
                                                                            "traits" : [

                                                                            ],
                                                                            "frame" : {
                                                                              "width" : 402,
                                                                              "x" : 0,
                                                                              "height" : 1012.6666666666665,
                                                                              "y" : 116
                                                                            },
                                                                            "title" : null,
                                                                            "enabled" : true,
                                                                            "subrole" : null,
                                                                            "children" : [
                                                                              {
                                                                                "frame" : {
                                                                                  "width" : 83.333333333333329,
                                                                                  "x" : 20,
                                                                                  "height" : 13.333333333333343,
                                                                                  "y" : 134
                                                                                },
                                                                                "role_description" : "text",
                                                                                "help" : null,
                                                                                "traits" : [

                                                                                ],
                                                                                "pid" : 3090,
                                                                                "enabled" : true,
                                                                                "AXFrame" : "{{20, 134}, {83.333333333333329, 13.333333333333343}}",
                                                                                "AXUniqueId" : null,
                                                                                "AXValue" : null,
                                                                                "content_required" : false,
                                                                                "custom_actions" : [

                                                                                ],
                                                                                "type" : "StaticText",
                                                                                "children" : [

                                                                                ],
                                                                                "role" : "AXStaticText",
                                                                                "subrole" : null,
                                                                                "title" : null,
                                                                                "AXLabel" : "ZLAGBOARD"
                                                                              },
                                                                              {
                                                                                "subrole" : null,
                                                                                "type" : "StaticText",
                                                                                "enabled" : true,
                                                                                "role" : "AXStaticText",
                                                                                "custom_actions" : [

                                                                                ],
                                                                                "traits" : [

                                                                                ],
                                                                                "frame" : {
                                                                                  "width" : 236,
                                                                                  "x" : 20,
                                                                                  "height" : 33.666666666666686,
                                                                                  "y" : 152.33333333333331
                                                                                },
                                                                                "AXLabel" : "Zlagboard.Pro 2.0",
                                                                                "AXUniqueId" : null,
                                                                                "title" : null,
                                                                                "help" : null,
                                                                                "content_required" : false,
                                                                                "AXValue" : null,
                                                                                "pid" : 3090,
                                                                                "role_description" : "text",
                                                                                "AXFrame" : "{{20, 152.33333333333331}, {236, 33.666666666666686}}",
                                                                                "children" : [

                                                                                ]
                                                                              },
                                                                              {
                                                                                "AXUniqueId" : "boardModel.renderDiagnostic",
                                                                                "title" : null,
                                                                                "type" : "GenericElement",
                                                                                "AXValue" : "revision=12;rootActive=true;cameraActive=true;sameScene=true;azimuth=0.0;elevation=0.20943952;cameraPitch=0.5461143;cameraSettled=true;selection=top-jug-left;tapRevision=1;pickedContact=top-jug-left",
                                                                                "role_description" : "",
                                                                                "role" : "AXGenericElement",
                                                                                "frame" : {
                                                                                  "width" : 1,
                                                                                  "x" : 34,
                                                                                  "height" : 1,
                                                                                  "y" : 220
                                                                                },
                                                                                "AXLabel" : "Board renderer diagnostic",
                                                                                "AXFrame" : "{{34, 220}, {1, 1}}",
                                                                                "custom_actions" : [

                                                                                ],
                                                                                "enabled" : true,
                                                                                "subrole" : null,
                                                                                "content_required" : false,
                                                                                "pid" : 3090,
                                                                                "traits" : [

                                                                                ],
                                                                                "children" : [

                                                                                ],
                                                                                "help" : null
                                                                              },
                                                                              {
                                                                                "AXFrame" : "{{64, 212.66666666666666}, {44, 43.999999999999972}}",
                                                                                "subrole" : null,
                                                                                "help" : null,
                                                                                "enabled" : true,
                                                                                "role_description" : "button",
                                                                                "content_required" : false,
                                                                                "children" : [

                                                                                ],
                                                                                "frame" : {
                                                                                  "width" : 44,
                                                                                  "x" : 64,
                                                                                  "height" : 43.999999999999972,
                                                                                  "y" : 212.66666666666666
                                                                                },
                                                                                "title" : null,
                                                                                "pid" : 3090,
                                                                                "traits" : [

                                                                                ],
                                                                                "AXValue" : null,
                                                                                "type" : "Button",
                                                                                "custom_actions" : [

                                                                                ],
                                                                                "role" : "AXButton",
                                                                                "AXUniqueId" : "boardModel.contact.top-jug-left",
                                                                                "AXLabel" : "Left top jug"
                                                                              },
                                                                              {
                                                                                "children" : [

                                                                                ],
                                                                                "help" : null,
                                                                                "custom_actions" : [

                                                                                ],
                                                                                "AXLabel" : "Left 30 mm edge",
                                                                                "type" : "Button",
                                                                                "role_description" : "button",
                                                                                "AXValue" : null,
                                                                                "AXFrame" : "{{78.666666666666657, 225.66666666666666}, {44, 43.999999999999972}}",
                                                                                "AXUniqueId" : "boardModel.contact.edge-30-left",
                                                                                "title" : null,
                                                                                "subrole" : null,
                                                                                "content_required" : false,
                                                                                "pid" : 3090,
                                                                                "enabled" : true,
                                                                                "traits" : [

                                                                                ],
                                                                                "frame" : {
                                                                                  "width" : 44,
                                                                                  "x" : 78.666666666666657,
                                                                                  "height" : 43.999999999999972,
                                                                                  "y" : 225.66666666666666
                                                                                },
                                                                                "role" : "AXButton"
                                                                              },
                                                                              {
                                                                                "role_description" : "button",
                                                                                "enabled" : true,
                                                                                "AXValue" : null,
                                                                                "content_required" : false,
                                                                                "AXLabel" : "Left 32-degree top sloper",
                                                                                "AXUniqueId" : "boardModel.contact.top-sloper-32-left",
                                                                                "pid" : 3090,
                                                                                "role" : "AXButton",
                                                                                "traits" : [

                                                                                ],
                                                                                "subrole" : null,
                                                                                "type" : "Button",
                                                                                "help" : null,
                                                                                "children" : [

                                                                                ],
                                                                                "custom_actions" : [

                                                                                ],
                                                                                "title" : null,
                                                                                "AXFrame" : "{{97.666666666666657, 214.33333333333331}, {44, 44}}",
                                                                                "frame" : {
                                                                                  "width" : 44,
                                                                                  "x" : 97.666666666666657,
                                                                                  "height" : 44,
                                                                                  "y" : 214.33333333333331
                                                                                }
                                                                              },
                                                                              {
                                                                                "role" : "AXButton",
                                                                                "help" : null,
                                                                                "custom_actions" : [

                                                                                ],
                                                                                "pid" : 3090,
                                                                                "content_required" : false,
                                                                                "frame" : {
                                                                                  "width" : 44,
                                                                                  "x" : 115.66666666666666,
                                                                                  "height" : 44,
                                                                                  "y" : 225
                                                                                },
                                                                                "AXValue" : null,
                                                                                "AXUniqueId" : "boardModel.contact.sloper-edge-30-left",
                                                                                "subrole" : null,
                                                                                "title" : null,
                                                                                "AXLabel" : "Left 30 mm sloper edge",
                                                                                "role_description" : "button",
                                                                                "enabled" : true,
                                                                                "AXFrame" : "{{115.66666666666666, 225}, {44, 44}}",
                                                                                "type" : "Button",
                                                                                "children" : [

                                                                                ],
                                                                                "traits" : [

                                                                                ]
                                                                              },
                                                                              {
                                                                                "traits" : [

                                                                                ],
                                                                                "AXFrame" : "{{128.33333333333331, 212.33333333333331}, {44, 44}}",
                                                                                "help" : null,
                                                                                "AXValue" : null,
                                                                                "AXLabel" : "Left 20-degree top sloper",
                                                                                "children" : [

                                                                                ],
                                                                                "role_description" : "button",
                                                                                "enabled" : true,
                                                                                "AXUniqueId" : "boardModel.contact.top-sloper-20-left",
                                                                                "type" : "Button",
                                                                                "role" : "AXButton",
                                                                                "custom_actions" : [

                                                                                ],
                                                                                "frame" : {
                                                                                  "width" : 44,
                                                                                  "x" : 128.33333333333331,
                                                                                  "height" : 44,
                                                                                  "y" : 212.33333333333331
                                                                                },
                                                                                "title" : null,
                                                                                "content_required" : false,
                                                                                "subrole" : null,
                                                                                "pid" : 3090
                                                                              },
                                                                              {
                                                                                "help" : null,
                                                                                "frame" : {
                                                                                  "width" : 44,
                                                                                  "x" : 143.66666666666666,
                                                                                  "height" : 43.999999999999972,
                                                                                  "y" : 225.66666666666666
                                                                                },
                                                                                "role" : "AXButton",
                                                                                "AXLabel" : "Left 25 mm sloper edge",
                                                                                "title" : null,
                                                                                "content_required" : false,
                                                                                "enabled" : true,
                                                                                "traits" : [

                                                                                ],
                                                                                "custom_actions" : [

                                                                                ],
                                                                                "AXUniqueId" : "boardModel.contact.sloper-edge-25-left",
                                                                                "pid" : 3090,
                                                                                "role_description" : "button",
                                                                                "AXValue" : null,
                                                                                "type" : "Button",
                                                                                "AXFrame" : "{{143.66666666666666, 225.66666666666666}, {44, 43.999999999999972}}",
                                                                                "subrole" : null,
                                                                                "children" : [

                                                                                ]
                                                                              },
                                                                              {
                                                                                "type" : "Button",
                                                                                "role" : "AXButton",
                                                                                "frame" : {
                                                                                  "width" : 44,
                                                                                  "x" : 179,
                                                                                  "height" : 44,
                                                                                  "y" : 211
                                                                                },
                                                                                "pid" : 3090,
                                                                                "AXValue" : null,
                                                                                "AXLabel" : "Center top sloper jug",
                                                                                "traits" : [

                                                                                ],
                                                                                "help" : null,
                                                                                "custom_actions" : [

                                                                                ],
                                                                                "AXUniqueId" : "boardModel.contact.top-sloper-jug-center",
                                                                                "enabled" : true,
                                                                                "title" : null,
                                                                                "AXFrame" : "{{179, 211}, {44, 44}}",
                                                                                "children" : [

                                                                                ],
                                                                                "role_description" : "button",
                                                                                "subrole" : null,
                                                                                "content_required" : false
                                                                              },
                                                                              {
                                                                                "pid" : 3090,
                                                                                "enabled" : true,
                                                                                "role_description" : "button",
                                                                                "frame" : {
                                                                                  "x" : 179,
                                                                                  "width" : 44,
                                                                                  "y" : 225.33333333333331,
                                                                                  "height" : 44
                                                                                },
                                                                                "custom_actions" : [

                                                                                ],
                                                                                "help" : null,
                                                                                "AXFrame" : "{{179, 225.33333333333331}, {44, 44}}",
                                                                                "subrole" : null,
                                                                                "AXValue" : null,
                                                                                "children" : [

                                                                                ],
                                                                                "role" : "AXButton",
                                                                                "AXUniqueId" : "boardModel.contact.edge-35-center",
                                                                                "title" : null,
                                                                                "traits" : [

                                                                                ],
                                                                                "AXLabel" : "Center 35 mm edge",
                                                                                "content_required" : false,
                                                                                "type" : "Button"
                                                                              },
                                                                              {
                                                                                "role" : "AXButton",
                                                                                "AXLabel" : "Right 25 mm sloper edge",
                                                                                "AXValue" : null,
                                                                                "frame" : {
                                                                                  "width" : 44,
                                                                                  "x" : 214.33333333333331,
                                                                                  "y" : 225.66666666666666,
                                                                                  "height" : 43.999999999999972
                                                                                },
                                                                                "subrole" : null,
                                                                                "children" : [

                                                                                ],
                                                                                "role_description" : "button",
                                                                                "custom_actions" : [

                                                                                ],
                                                                                "traits" : [

                                                                                ],
                                                                                "type" : "Button",
                                                                                "title" : null,
                                                                                "AXUniqueId" : "boardModel.contact.sloper-edge-25-right",
                                                                                "content_required" : false,
                                                                                "AXFrame" : "{{214.33333333333331, 225.66666666666666}, {44, 43.999999999999972}}",
                                                                                "pid" : 3090,
                                                                                "help" : null,
                                                                                "enabled" : true
                                                                              },
                                                                              {
                                                                                "help" : null,
                                                                                "role_description" : "button",
                                                                                "title" : null,
                                                                                "custom_actions" : [

                                                                                ],
                                                                                "traits" : [

                                                                                ],
                                                                                "role" : "AXButton",
                                                                                "frame" : {
                                                                                  "x" : 229.66666666666666,
                                                                                  "width" : 43.999999999999972,
                                                                                  "y" : 212.33333333333331,
                                                                                  "height" : 44
                                                                                },
                                                                                "AXValue" : null,
                                                                                "AXUniqueId" : "boardModel.contact.top-sloper-20-right",
                                                                                "content_required" : false,
                                                                                "children" : [

                                                                                ],
                                                                                "type" : "Button",
                                                                                "subrole" : null,
                                                                                "AXFrame" : "{{229.66666666666666, 212.33333333333331}, {43.999999999999972, 44}}",
                                                                                "pid" : 3090,
                                                                                "enabled" : true,
                                                                                "AXLabel" : "Right 20-degree top sloper"
                                                                              },
                                                                              {
                                                                                "enabled" : true,
                                                                                "subrole" : null,
                                                                                "AXLabel" : "Right 30 mm sloper edge",
                                                                                "role" : "AXButton",
                                                                                "AXFrame" : "{{242.33333333333331, 225}, {44, 44}}",
                                                                                "traits" : [

                                                                                ],
                                                                                "custom_actions" : [

                                                                                ],
                                                                                "children" : [

                                                                                ],
                                                                                "frame" : {
                                                                                  "x" : 242.33333333333331,
                                                                                  "width" : 44,
                                                                                  "y" : 225,
                                                                                  "height" : 44
                                                                                },
                                                                                "AXValue" : null,
                                                                                "pid" : 3090,
                                                                                "AXUniqueId" : "boardModel.contact.sloper-edge-30-right",
                                                                                "title" : null,
                                                                                "help" : null,
                                                                                "role_description" : "button",
                                                                                "content_required" : false,
                                                                                "type" : "Button"
                                                                              },
                                                                              {
                                                                                "title" : null,
                                                                                "enabled" : true,
                                                                                "role" : "AXButton",
                                                                                "frame" : {
                                                                                  "x" : 260.33333333333331,
                                                                                  "width" : 44,
                                                                                  "y" : 214.33333333333331,
                                                                                  "height" : 44
                                                                                },
                                                                                "AXValue" : null,
                                                                                "pid" : 3090,
                                                                                "AXFrame" : "{{260.33333333333331, 214.33333333333331}, {44, 44}}",
                                                                                "role_description" : "button",
                                                                                "content_required" : false,
                                                                                "children" : [

                                                                                ],
                                                                                "help" : null,
                                                                                "subrole" : null,
                                                                                "type" : "Button",
                                                                                "AXLabel" : "Right 32-degree top sloper",
                                                                                "custom_actions" : [

                                                                                ],
                                                                                "AXUniqueId" : "boardModel.contact.top-sloper-32-right",
                                                                                "traits" : [

                                                                                ]
                                                                              },
                                                                              {
                                                                                "traits" : [

                                                                                ],
                                                                                "type" : "Button",
                                                                                "AXFrame" : "{{279.33333333333331, 225.66666666666666}, {44, 43.999999999999972}}",
                                                                                "AXValue" : null,
                                                                                "AXLabel" : "Right 30 mm edge",
                                                                                "content_required" : false,
                                                                                "role" : "AXButton",
                                                                                "AXUniqueId" : "boardModel.contact.edge-30-right",
                                                                                "frame" : {
                                                                                  "x" : 279.33333333333331,
                                                                                  "width" : 44,
                                                                                  "y" : 225.66666666666666,
                                                                                  "height" : 43.999999999999972
                                                                                },
                                                                                "children" : [

                                                                                ],
                                                                                "title" : null,
                                                                                "pid" : 3090,
                                                                                "role_description" : "button",
                                                                                "enabled" : true,
                                                                                "subrole" : null,
                                                                                "custom_actions" : [

                                                                                ],
                                                                                "help" : null
                                                                              },
                                                                              {
                                                                                "title" : null,
                                                                                "AXLabel" : "Right top jug",
                                                                                "role" : "AXButton",
                                                                                "children" : [

                                                                                ],
                                                                                "enabled" : true,
                                                                                "content_required" : false,
                                                                                "frame" : {
                                                                                  "x" : 294,
                                                                                  "width" : 44,
                                                                                  "y" : 212.66666666666666,
                                                                                  "height" : 43.999999999999972
                                                                                },
                                                                                "AXValue" : null,
                                                                                "role_description" : "button",
                                                                                "type" : "Button",
                                                                                "AXFrame" : "{{294, 212.66666666666666}, {44, 43.999999999999972}}",
                                                                                "AXUniqueId" : "boardModel.contact.top-jug-right",
                                                                                "pid" : 3090,
                                                                                "help" : null,
                                                                                "custom_actions" : [

                                                                                ],
                                                                                "subrole" : null,
                                                                                "traits" : [

                                                                                ]
                                                                              },
                                                                              {
                                                                                "subrole" : null,
                                                                                "traits" : [

                                                                                ],
                                                                                "AXUniqueId" : "boardModel.contact.edge-20-left",
                                                                                "pid" : 3090,
                                                                                "AXValue" : null,
                                                                                "children" : [

                                                                                ],
                                                                                "role" : "AXButton",
                                                                                "content_required" : false,
                                                                                "role_description" : "button",
                                                                                "type" : "Button",
                                                                                "help" : null,
                                                                                "custom_actions" : [

                                                                                ],
                                                                                "AXFrame" : "{{82.666666666666657, 238.66666666666666}, {44, 43.999999999999972}}",
                                                                                "frame" : {
                                                                                  "width" : 44,
                                                                                  "x" : 82.666666666666657,
                                                                                  "y" : 238.66666666666666,
                                                                                  "height" : 43.999999999999972
                                                                                },
                                                                                "title" : null,
                                                                                "enabled" : true,
                                                                                "AXLabel" : "Left 20 mm edge"
                                                                              },
                                                                              {
                                                                                "type" : "Button",
                                                                                "children" : [

                                                                                ],
                                                                                "role_description" : "button",
                                                                                "content_required" : false,
                                                                                "AXValue" : null,
                                                                                "help" : null,
                                                                                "subrole" : null,
                                                                                "pid" : 3090,
                                                                                "AXLabel" : "Lower left 25 mm sloper edge",
                                                                                "AXFrame" : "{{118.66666666666666, 237.66666666666666}, {44, 43.999999999999972}}",
                                                                                "AXUniqueId" : "boardModel.contact.sloper-edge-25-lower-left",
                                                                                "title" : null,
                                                                                "traits" : [

                                                                                ],
                                                                                "role" : "AXButton",
                                                                                "custom_actions" : [

                                                                                ],
                                                                                "enabled" : true,
                                                                                "frame" : {
                                                                                  "x" : 118.66666666666666,
                                                                                  "width" : 44,
                                                                                  "y" : 237.66666666666666,
                                                                                  "height" : 43.999999999999972
                                                                                }
                                                                              },
                                                                              {
                                                                                "frame" : {
                                                                                  "width" : 44,
                                                                                  "x" : 145.66666666666666,
                                                                                  "y" : 237.66666666666666,
                                                                                  "height" : 43.999999999999972
                                                                                },
                                                                                "pid" : 3090,
                                                                                "subrole" : null,
                                                                                "role" : "AXButton",
                                                                                "help" : null,
                                                                                "children" : [

                                                                                ],
                                                                                "traits" : [

                                                                                ],
                                                                                "AXLabel" : "Inner left 30 mm edge",
                                                                                "custom_actions" : [

                                                                                ],
                                                                                "title" : null,
                                                                                "role_description" : "button",
                                                                                "type" : "Button",
                                                                                "AXFrame" : "{{145.66666666666666, 237.66666666666666}, {44, 43.999999999999972}}",
                                                                                "enabled" : true,
                                                                                "AXUniqueId" : "boardModel.contact.edge-30-inner-left",
                                                                                "AXValue" : null,
                                                                                "content_required" : false
                                                                              },
                                                                              {
                                                                                "AXValue" : null,
                                                                                "custom_actions" : [

                                                                                ],
                                                                                "AXLabel" : "Center 30 mm sloper edge",
                                                                                "role_description" : "button",
                                                                                "frame" : {
                                                                                  "width" : 44,
                                                                                  "x" : 179,
                                                                                  "y" : 237,
                                                                                  "height" : 44
                                                                                },
                                                                                "help" : null,
                                                                                "AXFrame" : "{{179, 237}, {44, 44}}",
                                                                                "title" : null,
                                                                                "subrole" : null,
                                                                                "content_required" : false,
                                                                                "pid" : 3090,
                                                                                "children" : [

                                                                                ],
                                                                                "traits" : [

                                                                                ],
                                                                                "role" : "AXButton",
                                                                                "enabled" : true,
                                                                                "type" : "Button",
                                                                                "AXUniqueId" : "boardModel.contact.sloper-edge-30-center"
                                                                              },
                                                                              {
                                                                                "help" : null,
                                                                                "role" : "AXButton",
                                                                                "AXUniqueId" : "boardModel.contact.edge-30-inner-right",
                                                                                "AXFrame" : "{{212.33333333333331, 237.66666666666666}, {44, 43.999999999999972}}",
                                                                                "subrole" : null,
                                                                                "pid" : 3090,
                                                                                "children" : [

                                                                                ],
                                                                                "content_required" : false,
                                                                                "AXValue" : null,
                                                                                "custom_actions" : [

                                                                                ],
                                                                                "title" : null,
                                                                                "type" : "Button",
                                                                                "frame" : {
                                                                                  "width" : 44,
                                                                                  "x" : 212.33333333333331,
                                                                                  "y" : 237.66666666666666,
                                                                                  "height" : 43.999999999999972
                                                                                },
                                                                                "enabled" : true,
                                                                                "traits" : [

                                                                                ],
                                                                                "role_description" : "button",
                                                                                "AXLabel" : "Inner right 30 mm edge"
                                                                              },
                                                                              {
                                                                                "custom_actions" : [

                                                                                ],
                                                                                "children" : [

                                                                                ],
                                                                                "AXUniqueId" : "boardModel.contact.sloper-edge-25-lower-right",
                                                                                "role" : "AXButton",
                                                                                "title" : null,
                                                                                "AXValue" : null,
                                                                                "AXLabel" : "Lower right 25 mm sloper edge",
                                                                                "type" : "Button",
                                                                                "help" : null,
                                                                                "AXFrame" : "{{239.33333333333331, 237.66666666666666}, {44, 43.999999999999972}}",
                                                                                "subrole" : null,
                                                                                "frame" : {
                                                                                  "x" : 239.33333333333331,
                                                                                  "width" : 44,
                                                                                  "y" : 237.66666666666666,
                                                                                  "height" : 43.999999999999972
                                                                                },
                                                                                "enabled" : true,
                                                                                "role_description" : "button",
                                                                                "content_required" : false,
                                                                                "pid" : 3090,
                                                                                "traits" : [

                                                                                ]
                                                                              },
                                                                              {
                                                                                "title" : null,
                                                                                "content_required" : false,
                                                                                "subrole" : null,
                                                                                "AXValue" : null,
                                                                                "enabled" : true,
                                                                                "help" : null,
                                                                                "AXLabel" : "Right 20 mm edge",
                                                                                "custom_actions" : [

                                                                                ],
                                                                                "children" : [

                                                                                ],
                                                                                "pid" : 3090,
                                                                                "AXUniqueId" : "boardModel.contact.edge-20-right",
                                                                                "role_description" : "button",
                                                                                "frame" : {
                                                                                  "width" : 44,
                                                                                  "x" : 275.33333333333331,
                                                                                  "y" : 238.66666666666666,
                                                                                  "height" : 43.999999999999972
                                                                                },
                                                                                "traits" : [

                                                                                ],
                                                                                "role" : "AXButton",
                                                                                "AXFrame" : "{{275.33333333333331, 238.66666666666666}, {44, 43.999999999999972}}",
                                                                                "type" : "Button"
                                                                              },
                                                                              {
                                                                                "title" : null,
                                                                                "AXFrame" : "{{34, 220}, {334, 72}}",
                                                                                "role" : "AXGroup",
                                                                                "frame" : {
                                                                                  "x" : 34,
                                                                                  "width" : 334,
                                                                                  "y" : 220,
                                                                                  "height" : 72
                                                                                },
                                                                                "AXValue" : null,
                                                                                "traits" : [

                                                                                ],
                                                                                "role_description" : "group",
                                                                                "custom_actions" : [

                                                                                ],
                                                                                "AXLabel" : null,
                                                                                "pid" : 3090,
                                                                                "AXUniqueId" : null,
                                                                                "type" : "Group",
                                                                                "help" : null,
                                                                                "enabled" : true,
                                                                                "subrole" : null,
                                                                                "children" : [

                                                                                ],
                                                                                "content_required" : false
                                                                              },
                                                                              {
                                                                                "pid" : 3090,
                                                                                "enabled" : true,
                                                                                "AXUniqueId" : null,
                                                                                "children" : [

                                                                                ],
                                                                                "role_description" : "group",
                                                                                "AXValue" : null,
                                                                                "type" : "Group",
                                                                                "frame" : {
                                                                                  "x" : 34,
                                                                                  "width" : 334,
                                                                                  "y" : 220,
                                                                                  "height" : 72
                                                                                },
                                                                                "traits" : [

                                                                                ],
                                                                                "content_required" : false,
                                                                                "AXFrame" : "{{34, 220}, {334, 72}}",
                                                                                "help" : null,
                                                                                "AXLabel" : null,
                                                                                "title" : null,
                                                                                "custom_actions" : [

                                                                                ],
                                                                                "role" : "AXGroup",
                                                                                "subrole" : null
                                                                              },
                                                                              {
                                                                                "children" : [

                                                                                ],
                                                                                "traits" : [

                                                                                ],
                                                                                "frame" : {
                                                                                  "x" : 34,
                                                                                  "width" : 334,
                                                                                  "y" : 220,
                                                                                  "height" : 72
                                                                                },
                                                                                "help" : null,
                                                                                "subrole" : null,
                                                                                "AXLabel" : null,
                                                                                "role_description" : "",
                                                                                "type" : "GenericElement",
                                                                                "role" : "AXGenericElement",
                                                                                "pid" : 3090,
                                                                                "enabled" : true,
                                                                                "custom_actions" : [

                                                                                ],
                                                                                "AXUniqueId" : "boardDetail.map",
                                                                                "AXFrame" : "{{34, 220}, {334, 72}}",
                                                                                "title" : null,
                                                                                "content_required" : false,
                                                                                "AXValue" : null
                                                                              },
                                                                              {
                                                                                "help" : null,
                                                                                "AXFrame" : "{{87, 249.66666666666666}, {44, 43.999999999999972}}",
                                                                                "role" : "AXButton",
                                                                                "subrole" : null,
                                                                                "content_required" : false,
                                                                                "AXValue" : null,
                                                                                "AXLabel" : "Left incut 15 mm edge",
                                                                                "enabled" : true,
                                                                                "title" : null,
                                                                                "frame" : {
                                                                                  "width" : 44,
                                                                                  "x" : 87,
                                                                                  "y" : 249.66666666666666,
                                                                                  "height" : 43.999999999999972
                                                                                },
                                                                                "role_description" : "button",
                                                                                "traits" : [

                                                                                ],
                                                                                "AXUniqueId" : "boardModel.contact.edge-incut-15-left",
                                                                                "children" : [

                                                                                ],
                                                                                "custom_actions" : [

                                                                                ],
                                                                                "pid" : 3090,
                                                                                "type" : "Button"
                                                                              },
                                                                              {
                                                                                "children" : [

                                                                                ],
                                                                                "enabled" : true,
                                                                                "AXUniqueId" : "boardModel.contact.edge-15-left",
                                                                                "AXLabel" : "Left 15 mm edge",
                                                                                "AXFrame" : "{{121.33333333333333, 249.66666666666666}, {43.999999999999986, 43.999999999999972}}",
                                                                                "subrole" : null,
                                                                                "role_description" : "button",
                                                                                "title" : null,
                                                                                "AXValue" : null,
                                                                                "frame" : {
                                                                                  "width" : 43.999999999999986,
                                                                                  "x" : 121.33333333333333,
                                                                                  "y" : 249.66666666666666,
                                                                                  "height" : 43.999999999999972
                                                                                },
                                                                                "help" : null,
                                                                                "role" : "AXButton",
                                                                                "type" : "Button",
                                                                                "custom_actions" : [

                                                                                ],
                                                                                "content_required" : false,
                                                                                "traits" : [

                                                                                ],
                                                                                "pid" : 3090
                                                                              },
                                                                              {
                                                                                "children" : [

                                                                                ],
                                                                                "type" : "Button",
                                                                                "frame" : {
                                                                                  "width" : 44,
                                                                                  "x" : 147.33333333333331,
                                                                                  "y" : 248.33333333333331,
                                                                                  "height" : 44
                                                                                },
                                                                                "role_description" : "button",
                                                                                "AXLabel" : "Inner left incut 30 mm edge",
                                                                                "help" : null,
                                                                                "AXFrame" : "{{147.33333333333331, 248.33333333333331}, {44, 44}}",
                                                                                "role" : "AXButton",
                                                                                "AXUniqueId" : "boardModel.contact.edge-incut-30-left",
                                                                                "pid" : 3090,
                                                                                "subrole" : null,
                                                                                "AXValue" : null,
                                                                                "content_required" : false,
                                                                                "enabled" : true,
                                                                                "custom_actions" : [

                                                                                ],
                                                                                "traits" : [

                                                                                ],
                                                                                "title" : null
                                                                              },
                                                                              {
                                                                                "role_description" : "button",
                                                                                "enabled" : true,
                                                                                "type" : "Button",
                                                                                "title" : null,
                                                                                "subrole" : null,
                                                                                "frame" : {
                                                                                  "x" : 179,
                                                                                  "width" : 44,
                                                                                  "y" : 250.33333333333331,
                                                                                  "height" : 44
                                                                                },
                                                                                "custom_actions" : [

                                                                                ],
                                                                                "content_required" : false,
                                                                                "pid" : 3090,
                                                                                "traits" : [

                                                                                ],
                                                                                "AXLabel" : "Center incut 10 mm edge",
                                                                                "help" : null,
                                                                                "role" : "AXButton",
                                                                                "AXUniqueId" : "boardModel.contact.edge-incut-10-center",
                                                                                "children" : [

                                                                                ],
                                                                                "AXValue" : null,
                                                                                "AXFrame" : "{{179, 250.33333333333331}, {44, 44}}"
                                                                              },
                                                                              {
                                                                                "AXValue" : null,
                                                                                "children" : [

                                                                                ],
                                                                                "help" : null,
                                                                                "role_description" : "button",
                                                                                "custom_actions" : [

                                                                                ],
                                                                                "pid" : 3090,
                                                                                "traits" : [

                                                                                ],
                                                                                "subrole" : null,
                                                                                "role" : "AXButton",
                                                                                "AXFrame" : "{{210.66666666666666, 248.33333333333331}, {44, 44}}",
                                                                                "AXLabel" : "Inner right incut 30 mm edge",
                                                                                "title" : null,
                                                                                "content_required" : false,
                                                                                "frame" : {
                                                                                  "width" : 44,
                                                                                  "x" : 210.66666666666666,
                                                                                  "y" : 248.33333333333331,
                                                                                  "height" : 44
                                                                                },
                                                                                "enabled" : true,
                                                                                "type" : "Button",
                                                                                "AXUniqueId" : "boardModel.contact.edge-incut-30-right"
                                                                              },
                                                                              {
                                                                                "pid" : 3090,
                                                                                "type" : "Button",
                                                                                "frame" : {
                                                                                  "x" : 236.66666666666666,
                                                                                  "width" : 43.999999999999972,
                                                                                  "y" : 249.66666666666666,
                                                                                  "height" : 43.999999999999972
                                                                                },
                                                                                "AXLabel" : "Right 15 mm edge",
                                                                                "role_description" : "button",
                                                                                "AXValue" : null,
                                                                                "AXUniqueId" : "boardModel.contact.edge-15-right",
                                                                                "title" : null,
                                                                                "role" : "AXButton",
                                                                                "subrole" : null,
                                                                                "content_required" : false,
                                                                                "children" : [

                                                                                ],
                                                                                "traits" : [

                                                                                ],
                                                                                "custom_actions" : [

                                                                                ],
                                                                                "help" : null,
                                                                                "AXFrame" : "{{236.66666666666666, 249.66666666666666}, {43.999999999999972, 43.999999999999972}}",
                                                                                "enabled" : true
                                                                              },
                                                                              {
                                                                                "children" : [

                                                                                ],
                                                                                "enabled" : true,
                                                                                "subrole" : null,
                                                                                "AXFrame" : "{{271, 249.66666666666666}, {44, 43.999999999999972}}",
                                                                                "help" : null,
                                                                                "AXLabel" : "Right incut 15 mm edge",
                                                                                "type" : "Button",
                                                                                "content_required" : false,
                                                                                "role" : "AXButton",
                                                                                "traits" : [

                                                                                ],
                                                                                "custom_actions" : [

                                                                                ],
                                                                                "AXUniqueId" : "boardModel.contact.edge-incut-15-right",
                                                                                "AXValue" : null,
                                                                                "frame" : {
                                                                                  "width" : 44,
                                                                                  "x" : 271,
                                                                                  "y" : 249.66666666666666,
                                                                                  "height" : 43.999999999999972
                                                                                },
                                                                                "role_description" : "button",
                                                                                "title" : null,
                                                                                "pid" : 3090
                                                                              },
                                                                              {
                                                                                "help" : null,
                                                                                "AXLabel" : null,
                                                                                "custom_actions" : [

                                                                                ],
                                                                                "AXValue" : null,
                                                                                "AXUniqueId" : "boardDetail.selectedHold.top-jug-left",
                                                                                "title" : null,
                                                                                "AXFrame" : "{{33.5, 303.5}, {335, 120.33333587646484}}",
                                                                                "subrole" : null,
                                                                                "children" : [
                                                                                  {
                                                                                    "frame" : {
                                                                                      "x" : 52,
                                                                                      "width" : 111.66666666666666,
                                                                                      "y" : 322.01134751773048,
                                                                                      "height" : 13.333333333333314
                                                                                    },
                                                                                    "children" : [

                                                                                    ],
                                                                                    "role_description" : "text",
                                                                                    "AXLabel" : "SELECTED HOLD",
                                                                                    "type" : "StaticText",
                                                                                    "content_required" : false,
                                                                                    "subrole" : null,
                                                                                    "traits" : [

                                                                                    ],
                                                                                    "help" : null,
                                                                                    "AXFrame" : "{{52, 322.01134751773048}, {111.66666666666666, 13.333333333333314}}",
                                                                                    "pid" : 3090,
                                                                                    "AXValue" : null,
                                                                                    "role" : "AXStaticText",
                                                                                    "AXUniqueId" : null,
                                                                                    "custom_actions" : [

                                                                                    ],
                                                                                    "title" : null,
                                                                                    "enabled" : true
                                                                                  },
                                                                                  {
                                                                                    "AXLabel" : "Left top jug",
                                                                                    "content_required" : false,
                                                                                    "AXValue" : null,
                                                                                    "children" : [

                                                                                    ],
                                                                                    "role_description" : "text",
                                                                                    "pid" : 3090,
                                                                                    "traits" : [

                                                                                    ],
                                                                                    "enabled" : true,
                                                                                    "subrole" : null,
                                                                                    "role" : "AXStaticText",
                                                                                    "help" : null,
                                                                                    "AXUniqueId" : null,
                                                                                    "custom_actions" : [

                                                                                    ],
                                                                                    "AXFrame" : "{{52, 349.3446808510638}, {107, 24}}",
                                                                                    "title" : null,
                                                                                    "type" : "StaticText",
                                                                                    "frame" : {
                                                                                      "x" : 52,
                                                                                      "width" : 107,
                                                                                      "y" : 349.3446808510638,
                                                                                      "height" : 24
                                                                                    }
                                                                                  },
                                                                                  {
                                                                                    "content_required" : false,
                                                                                    "children" : [

                                                                                    ],
                                                                                    "enabled" : true,
                                                                                    "traits" : [

                                                                                    ],
                                                                                    "role_description" : "text",
                                                                                    "subrole" : null,
                                                                                    "AXLabel" : "Kind",
                                                                                    "type" : "StaticText",
                                                                                    "title" : null,
                                                                                    "pid" : 3090,
                                                                                    "help" : null,
                                                                                    "AXFrame" : "{{52, 389.3446808510638}, {27.666666666666657, 15.666666666666686}}",
                                                                                    "frame" : {
                                                                                      "width" : 27.666666666666657,
                                                                                      "x" : 52,
                                                                                      "y" : 389.3446808510638,
                                                                                      "height" : 15.666666666666686
                                                                                    },
                                                                                    "AXValue" : null,
                                                                                    "AXUniqueId" : null,
                                                                                    "role" : "AXStaticText",
                                                                                    "custom_actions" : [

                                                                                    ]
                                                                                  },
                                                                                  {
                                                                                    "type" : "StaticText",
                                                                                    "AXValue" : null,
                                                                                    "enabled" : true,
                                                                                    "children" : [

                                                                                    ],
                                                                                    "role_description" : "text",
                                                                                    "AXFrame" : "{{322.66666666666663, 387.3446808510638}, {27.333333333333314, 18}}",
                                                                                    "role" : "AXStaticText",
                                                                                    "AXLabel" : "Jug",
                                                                                    "frame" : {
                                                                                      "x" : 322.66666666666663,
                                                                                      "width" : 27.333333333333314,
                                                                                      "y" : 387.3446808510638,
                                                                                      "height" : 18
                                                                                    },
                                                                                    "custom_actions" : [

                                                                                    ],
                                                                                    "pid" : 3090,
                                                                                    "content_required" : false,
                                                                                    "traits" : [

                                                                                    ],
                                                                                    "help" : null,
                                                                                    "title" : null,
                                                                                    "AXUniqueId" : null,
                                                                                    "subrole" : null
                                                                                  }
                                                                                ],
                                                                                "frame" : {
                                                                                  "width" : 335,
                                                                                  "x" : 33.5,
                                                                                  "y" : 303.5,
                                                                                  "height" : 120.33333587646484
                                                                                },
                                                                                "content_required" : false,
                                                                                "enabled" : true,
                                                                                "traits" : [

                                                                                ],
                                                                                "role_description" : "group",
                                                                                "role" : "AXGroup",
                                                                                "type" : "Group",
                                                                                "pid" : 3090
                                                                              },
                                                                              {
                                                                                "subrole" : null,
                                                                                "traits" : [

                                                                                ],
                                                                                "role_description" : "text",
                                                                                "AXFrame" : "{{34, 435.3446808510638}, {72, 13.333333333333314}}",
                                                                                "help" : null,
                                                                                "enabled" : true,
                                                                                "role" : "AXStaticText",
                                                                                "AXLabel" : "HOLD MAP",
                                                                                "content_required" : false,
                                                                                "frame" : {
                                                                                  "width" : 72,
                                                                                  "x" : 34,
                                                                                  "y" : 435.3446808510638,
                                                                                  "height" : 13.333333333333314
                                                                                },
                                                                                "type" : "StaticText",
                                                                                "AXUniqueId" : null,
                                                                                "custom_actions" : [

                                                                                ],
                                                                                "children" : [

                                                                                ],
                                                                                "title" : null,
                                                                                "AXValue" : null,
                                                                                "pid" : 3090
                                                                              },
                                                                              {
                                                                                "AXUniqueId" : null,
                                                                                "AXLabel" : null,
                                                                                "frame" : {
                                                                                  "x" : 34,
                                                                                  "width" : 334,
                                                                                  "y" : 460.66665649414062,
                                                                                  "height" : 406.00003051757812
                                                                                },
                                                                                "role" : "AXGroup",
                                                                                "pid" : 3090,
                                                                                "help" : null,
                                                                                "role_description" : "group",
                                                                                "AXFrame" : "{{34, 460.66665649414062}, {334, 406.00003051757812}}",
                                                                                "type" : "Group",
                                                                                "enabled" : true,
                                                                                "subrole" : null,
                                                                                "AXValue" : null,
                                                                                "title" : null,
                                                                                "content_required" : false,
                                                                                "traits" : [

                                                                                ],
                                                                                "children" : [
                                                                                  {
                                                                                    "subrole" : null,
                                                                                    "children" : [
                                                                                      {
                                                                                        "enabled" : true,
                                                                                        "pid" : 3090,
                                                                                        "traits" : [

                                                                                        ],
                                                                                        "custom_actions" : [

                                                                                        ],
                                                                                        "role_description" : "text",
                                                                                        "frame" : {
                                                                                          "width" : 6.3333333333333357,
                                                                                          "x" : 50.833333333333336,
                                                                                          "y" : 472.51134751773043,
                                                                                          "height" : 14.333333333333314
                                                                                        },
                                                                                        "AXUniqueId" : null,
                                                                                        "title" : null,
                                                                                        "AXLabel" : "1",
                                                                                        "role" : "AXStaticText",
                                                                                        "children" : [

                                                                                        ],
                                                                                        "subrole" : null,
                                                                                        "AXValue" : null,
                                                                                        "type" : "StaticText",
                                                                                        "AXFrame" : "{{50.833333333333336, 472.51134751773043}, {6.3333333333333357, 14.333333333333314}}",
                                                                                        "content_required" : false,
                                                                                        "help" : null
                                                                                      },
                                                                                      {
                                                                                        "content_required" : false,
                                                                                        "AXUniqueId" : null,
                                                                                        "help" : null,
                                                                                        "frame" : {
                                                                                          "x" : 74,
                                                                                          "height" : 15.666666666666686,
                                                                                          "width" : 70.666666666666657,
                                                                                          "y" : 471.8446808510638
                                                                                        },
                                                                                        "enabled" : true,
                                                                                        "title" : null,
                                                                                        "AXValue" : null,
                                                                                        "AXLabel" : "Left top jug",
                                                                                        "AXFrame" : "{{74, 471.8446808510638}, {70.666666666666657, 15.666666666666686}}",
                                                                                        "type" : "StaticText",
                                                                                        "custom_actions" : [

                                                                                        ],
                                                                                        "pid" : 3090,
                                                                                        "traits" : [

                                                                                        ],
                                                                                        "role_description" : "text",
                                                                                        "role" : "AXStaticText",
                                                                                        "children" : [

                                                                                        ],
                                                                                        "subrole" : null
                                                                                      }
                                                                                    ],
                                                                                    "title" : null,
                                                                                    "enabled" : true,
                                                                                    "type" : "Button",
                                                                                    "frame" : {
                                                                                      "y" : 460.66666666666663,
                                                                                      "height" : 38,
                                                                                      "width" : 163,
                                                                                      "x" : 34
                                                                                    },
                                                                                    "help" : null,
                                                                                    "traits" : [

                                                                                    ],
                                                                                    "AXUniqueId" : "boardDetail.holdLegend.top-jug-left",
                                                                                    "AXValue" : null,
                                                                                    "content_required" : false,
                                                                                    "custom_actions" : [

                                                                                    ],
                                                                                    "pid" : 3090,
                                                                                    "role_description" : "button",
                                                                                    "role" : "AXButton",
                                                                                    "AXFrame" : "{{34, 460.66666666666663}, {163, 38}}",
                                                                                    "AXLabel" : "Hold 1: Left top jug"
                                                                                  },
                                                                                  {
                                                                                    "AXFrame" : "{{205, 460.66666666666663}, {163, 38}}",
                                                                                    "role" : "AXButton",
                                                                                    "enabled" : true,
                                                                                    "title" : null,
                                                                                    "role_description" : "button",
                                                                                    "frame" : {
                                                                                      "x" : 205,
                                                                                      "height" : 38,
                                                                                      "width" : 163,
                                                                                      "y" : 460.66666666666663
                                                                                    },
                                                                                    "custom_actions" : [

                                                                                    ],
                                                                                    "type" : "Button",
                                                                                    "pid" : 3090,
                                                                                    "children" : [
                                                                                      {
                                                                                        "children" : [

                                                                                        ],
                                                                                        "custom_actions" : [

                                                                                        ],
                                                                                        "title" : null,
                                                                                        "role" : "AXStaticText",
                                                                                        "AXLabel" : "2",
                                                                                        "frame" : {
                                                                                          "x" : 221,
                                                                                          "height" : 14.333333333333314,
                                                                                          "width" : 8,
                                                                                          "y" : 472.51134751773043
                                                                                        },
                                                                                        "AXUniqueId" : null,
                                                                                        "content_required" : false,
                                                                                        "subrole" : null,
                                                                                        "traits" : [

                                                                                        ],
                                                                                        "AXFrame" : "{{221, 472.51134751773043}, {8, 14.333333333333314}}",
                                                                                        "type" : "StaticText",
                                                                                        "enabled" : true,
                                                                                        "AXValue" : null,
                                                                                        "help" : null,
                                                                                        "pid" : 3090,
                                                                                        "role_description" : "text"
                                                                                      },
                                                                                      {
                                                                                        "AXLabel" : "Right top jug",
                                                                                        "role" : "AXStaticText",
                                                                                        "AXUniqueId" : null,
                                                                                        "subrole" : null,
                                                                                        "content_required" : false,
                                                                                        "title" : null,
                                                                                        "help" : null,
                                                                                        "role_description" : "text",
                                                                                        "AXValue" : null,
                                                                                        "enabled" : true,
                                                                                        "type" : "StaticText",
                                                                                        "pid" : 3090,
                                                                                        "children" : [

                                                                                        ],
                                                                                        "AXFrame" : "{{245, 471.8446808510638}, {79, 15.666666666666686}}",
                                                                                        "traits" : [

                                                                                        ],
                                                                                        "frame" : {
                                                                                          "y" : 471.8446808510638,
                                                                                          "height" : 15.666666666666686,
                                                                                          "width" : 79,
                                                                                          "x" : 245
                                                                                        },
                                                                                        "custom_actions" : [

                                                                                        ]
                                                                                      }
                                                                                    ],
                                                                                    "AXUniqueId" : "boardDetail.holdLegend.top-jug-right",
                                                                                    "AXLabel" : "Hold 2: Right top jug",
                                                                                    "AXValue" : null,
                                                                                    "traits" : [

                                                                                    ],
                                                                                    "subrole" : null,
                                                                                    "help" : null,
                                                                                    "content_required" : false
                                                                                  },
                                                                                  {
                                                                                    "frame" : {
                                                                                      "x" : 34,
                                                                                      "height" : 38,
                                                                                      "width" : 163,
                                                                                      "y" : 506.66666666666663
                                                                                    },
                                                                                    "role_description" : "button",
                                                                                    "title" : null,
                                                                                    "traits" : [

                                                                                    ],
                                                                                    "AXLabel" : "Hold 3: Left 32-degree top sloper",
                                                                                    "AXValue" : null,
                                                                                    "content_required" : false,
                                                                                    "role" : "AXButton",
                                                                                    "AXFrame" : "{{34, 506.66666666666663}, {163, 38}}",
                                                                                    "help" : null,
                                                                                    "AXUniqueId" : "boardDetail.holdLegend.top-sloper-32-left",
                                                                                    "pid" : 3090,
                                                                                    "custom_actions" : [

                                                                                    ],
                                                                                    "type" : "Button",
                                                                                    "subrole" : null,
                                                                                    "children" : [
                                                                                      {
                                                                                        "subrole" : null,
                                                                                        "AXUniqueId" : null,
                                                                                        "AXLabel" : "3",
                                                                                        "AXFrame" : "{{49.833333333333336, 518.51134751773043}, {8.3333333333333357, 14.333333333333258}}",
                                                                                        "content_required" : false,
                                                                                        "frame" : {
                                                                                          "x" : 49.833333333333336,
                                                                                          "height" : 14.333333333333258,
                                                                                          "width" : 8.3333333333333357,
                                                                                          "y" : 518.51134751773043
                                                                                        },
                                                                                        "role_description" : "text",
                                                                                        "type" : "StaticText",
                                                                                        "AXValue" : null,
                                                                                        "title" : null,
                                                                                        "enabled" : true,
                                                                                        "children" : [

                                                                                        ],
                                                                                        "pid" : 3090,
                                                                                        "traits" : [

                                                                                        ],
                                                                                        "custom_actions" : [

                                                                                        ],
                                                                                        "role" : "AXStaticText",
                                                                                        "help" : null
                                                                                      },
                                                                                      {
                                                                                        "custom_actions" : [

                                                                                        ],
                                                                                        "role" : "AXStaticText",
                                                                                        "pid" : 3090,
                                                                                        "frame" : {
                                                                                          "y" : 517.8446808510638,
                                                                                          "height" : 15.666666666666629,
                                                                                          "width" : 105,
                                                                                          "x" : 74
                                                                                        },
                                                                                        "type" : "StaticText",
                                                                                        "enabled" : true,
                                                                                        "AXValue" : null,
                                                                                        "content_required" : false,
                                                                                        "title" : null,
                                                                                        "subrole" : null,
                                                                                        "AXFrame" : "{{74, 517.8446808510638}, {105, 15.666666666666629}}",
                                                                                        "help" : null,
                                                                                        "children" : [

                                                                                        ],
                                                                                        "traits" : [

                                                                                        ],
                                                                                        "AXUniqueId" : null,
                                                                                        "AXLabel" : "Left 32-degree top sloper",
                                                                                        "role_description" : "text"
                                                                                      }
                                                                                    ],
                                                                                    "enabled" : true
                                                                                  },
                                                                                  {
                                                                                    "type" : "Button",
                                                                                    "role" : "AXButton",
                                                                                    "enabled" : true,
                                                                                    "help" : null,
                                                                                    "role_description" : "button",
                                                                                    "AXValue" : null,
                                                                                    "title" : null,
                                                                                    "frame" : {
                                                                                      "y" : 506.66666666666663,
                                                                                      "height" : 38,
                                                                                      "width" : 163,
                                                                                      "x" : 205
                                                                                    },
                                                                                    "children" : [
                                                                                      {
                                                                                        "content_required" : false,
                                                                                        "subrole" : null,
                                                                                        "AXLabel" : "4",
                                                                                        "AXValue" : null,
                                                                                        "AXUniqueId" : null,
                                                                                        "children" : [

                                                                                        ],
                                                                                        "title" : null,
                                                                                        "role" : "AXStaticText",
                                                                                        "AXFrame" : "{{220.83333333333334, 518.51134751773043}, {8.3333333333333428, 14.333333333333258}}",
                                                                                        "help" : null,
                                                                                        "traits" : [

                                                                                        ],
                                                                                        "role_description" : "text",
                                                                                        "type" : "StaticText",
                                                                                        "enabled" : true,
                                                                                        "custom_actions" : [

                                                                                        ],
                                                                                        "pid" : 3090,
                                                                                        "frame" : {
                                                                                          "y" : 518.51134751773043,
                                                                                          "height" : 14.333333333333258,
                                                                                          "width" : 8.3333333333333428,
                                                                                          "x" : 220.83333333333334
                                                                                        }
                                                                                      },
                                                                                      {
                                                                                        "subrole" : null,
                                                                                        "pid" : 3090,
                                                                                        "enabled" : true,
                                                                                        "traits" : [

                                                                                        ],
                                                                                        "help" : null,
                                                                                        "AXUniqueId" : null,
                                                                                        "frame" : {
                                                                                          "x" : 245,
                                                                                          "height" : 15.666666666666629,
                                                                                          "width" : 105.66666666666663,
                                                                                          "y" : 517.8446808510638
                                                                                        },
                                                                                        "content_required" : false,
                                                                                        "children" : [

                                                                                        ],
                                                                                        "role_description" : "text",
                                                                                        "custom_actions" : [

                                                                                        ],
                                                                                        "type" : "StaticText",
                                                                                        "role" : "AXStaticText",
                                                                                        "AXValue" : null,
                                                                                        "AXFrame" : "{{245, 517.8446808510638}, {105.66666666666663, 15.666666666666629}}",
                                                                                        "title" : null,
                                                                                        "AXLabel" : "Right 32-degree top sloper"
                                                                                      }
                                                                                    ],
                                                                                    "pid" : 3090,
                                                                                    "custom_actions" : [

                                                                                    ],
                                                                                    "AXLabel" : "Hold 4: Right 32-degree top sloper",
                                                                                    "AXUniqueId" : "boardDetail.holdLegend.top-sloper-32-right",
                                                                                    "traits" : [

                                                                                    ],
                                                                                    "content_required" : false,
                                                                                    "AXFrame" : "{{205, 506.66666666666663}, {163, 38}}",
                                                                                    "subrole" : null
                                                                                  },
                                                                                  {
                                                                                    "AXFrame" : "{{34, 552.66666666666663}, {163, 38}}",
                                                                                    "type" : "Button",
                                                                                    "title" : null,
                                                                                    "custom_actions" : [

                                                                                    ],
                                                                                    "AXUniqueId" : "boardDetail.holdLegend.top-sloper-20-left",
                                                                                    "role" : "AXButton",
                                                                                    "enabled" : true,
                                                                                    "content_required" : false,
                                                                                    "role_description" : "button",
                                                                                    "AXValue" : null,
                                                                                    "frame" : {
                                                                                      "x" : 34,
                                                                                      "height" : 38,
                                                                                      "width" : 163,
                                                                                      "y" : 552.66666666666663
                                                                                    },
                                                                                    "help" : null,
                                                                                    "pid" : 3090,
                                                                                    "children" : [
                                                                                      {
                                                                                        "role_description" : "text",
                                                                                        "type" : "StaticText",
                                                                                        "AXUniqueId" : null,
                                                                                        "enabled" : true,
                                                                                        "AXLabel" : "5",
                                                                                        "custom_actions" : [

                                                                                        ],
                                                                                        "children" : [

                                                                                        ],
                                                                                        "subrole" : null,
                                                                                        "frame" : {
                                                                                          "x" : 49.833333333333336,
                                                                                          "height" : 14.333333333333258,
                                                                                          "width" : 8.3333333333333357,
                                                                                          "y" : 564.51134751773043
                                                                                        },
                                                                                        "title" : null,
                                                                                        "content_required" : false,
                                                                                        "pid" : 3090,
                                                                                        "help" : null,
                                                                                        "role" : "AXStaticText",
                                                                                        "AXFrame" : "{{49.833333333333336, 564.51134751773043}, {8.3333333333333357, 14.333333333333258}}",
                                                                                        "traits" : [

                                                                                        ],
                                                                                        "AXValue" : null
                                                                                      },
                                                                                      {
                                                                                        "AXLabel" : "Left 20-degree top sloper",
                                                                                        "content_required" : false,
                                                                                        "title" : null,
                                                                                        "subrole" : null,
                                                                                        "AXFrame" : "{{74, 563.8446808510638}, {105, 15.666666666666629}}",
                                                                                        "frame" : {
                                                                                          "y" : 563.8446808510638,
                                                                                          "height" : 15.666666666666629,
                                                                                          "width" : 105,
                                                                                          "x" : 74
                                                                                        },
                                                                                        "role_description" : "text",
                                                                                        "custom_actions" : [

                                                                                        ],
                                                                                        "type" : "StaticText",
                                                                                        "enabled" : true,
                                                                                        "pid" : 3090,
                                                                                        "help" : null,
                                                                                        "children" : [

                                                                                        ],
                                                                                        "AXValue" : null,
                                                                                        "role" : "AXStaticText",
                                                                                        "traits" : [

                                                                                        ],
                                                                                        "AXUniqueId" : null
                                                                                      }
                                                                                    ],
                                                                                    "traits" : [

                                                                                    ],
                                                                                    "subrole" : null,
                                                                                    "AXLabel" : "Hold 5: Left 20-degree top sloper"
                                                                                  },
                                                                                  {
                                                                                    "AXValue" : null,
                                                                                    "frame" : {
                                                                                      "y" : 552.66666666666663,
                                                                                      "height" : 38,
                                                                                      "width" : 163,
                                                                                      "x" : 205
                                                                                    },
                                                                                    "title" : null,
                                                                                    "type" : "Button",
                                                                                    "AXUniqueId" : "boardDetail.holdLegend.top-sloper-20-right",
                                                                                    "help" : null,
                                                                                    "enabled" : true,
                                                                                    "pid" : 3090,
                                                                                    "subrole" : null,
                                                                                    "children" : [
                                                                                      {
                                                                                        "children" : [

                                                                                        ],
                                                                                        "custom_actions" : [

                                                                                        ],
                                                                                        "AXUniqueId" : null,
                                                                                        "enabled" : true,
                                                                                        "type" : "StaticText",
                                                                                        "AXLabel" : "6",
                                                                                        "role" : "AXStaticText",
                                                                                        "content_required" : false,
                                                                                        "subrole" : null,
                                                                                        "AXValue" : null,
                                                                                        "frame" : {
                                                                                          "y" : 564.51134751773043,
                                                                                          "height" : 14.333333333333258,
                                                                                          "width" : 8.3333333333333428,
                                                                                          "x" : 220.83333333333334
                                                                                        },
                                                                                        "role_description" : "text",
                                                                                        "help" : null,
                                                                                        "AXFrame" : "{{220.83333333333334, 564.51134751773043}, {8.3333333333333428, 14.333333333333258}}",
                                                                                        "title" : null,
                                                                                        "pid" : 3090,
                                                                                        "traits" : [

                                                                                        ]
                                                                                      },
                                                                                      {
                                                                                        "pid" : 3090,
                                                                                        "role_description" : "text",
                                                                                        "AXFrame" : "{{245, 563.8446808510638}, {105.66666666666663, 15.666666666666629}}",
                                                                                        "traits" : [

                                                                                        ],
                                                                                        "type" : "StaticText",
                                                                                        "title" : null,
                                                                                        "AXValue" : null,
                                                                                        "children" : [

                                                                                        ],
                                                                                        "frame" : {
                                                                                          "x" : 245,
                                                                                          "height" : 15.666666666666629,
                                                                                          "width" : 105.66666666666663,
                                                                                          "y" : 563.8446808510638
                                                                                        },
                                                                                        "AXUniqueId" : null,
                                                                                        "enabled" : true,
                                                                                        "role" : "AXStaticText",
                                                                                        "content_required" : false,
                                                                                        "help" : null,
                                                                                        "subrole" : null,
                                                                                        "AXLabel" : "Right 20-degree top sloper",
                                                                                        "custom_actions" : [

                                                                                        ]
                                                                                      }
                                                                                    ],
                                                                                    "AXFrame" : "{{205, 552.66666666666663}, {163, 38}}",
                                                                                    "content_required" : false,
                                                                                    "role" : "AXButton",
                                                                                    "role_description" : "button",
                                                                                    "traits" : [

                                                                                    ],
                                                                                    "custom_actions" : [

                                                                                    ],
                                                                                    "AXLabel" : "Hold 6: Right 20-degree top sloper"
                                                                                  },
                                                                                  {
                                                                                    "AXValue" : null,
                                                                                    "role_description" : "button",
                                                                                    "type" : "Button",
                                                                                    "AXUniqueId" : "boardDetail.holdLegend.top-sloper-jug-center",
                                                                                    "AXLabel" : "Hold 7: Center top sloper jug",
                                                                                    "title" : null,
                                                                                    "children" : [
                                                                                      {
                                                                                        "AXUniqueId" : null,
                                                                                        "AXLabel" : "7",
                                                                                        "AXFrame" : "{{50.166666666666671, 610.51134751773043}, {7.6666666666666643, 14.333333333333258}}",
                                                                                        "custom_actions" : [

                                                                                        ],
                                                                                        "enabled" : true,
                                                                                        "pid" : 3090,
                                                                                        "role" : "AXStaticText",
                                                                                        "AXValue" : null,
                                                                                        "role_description" : "text",
                                                                                        "help" : null,
                                                                                        "traits" : [

                                                                                        ],
                                                                                        "type" : "StaticText",
                                                                                        "content_required" : false,
                                                                                        "frame" : {
                                                                                          "x" : 50.166666666666671,
                                                                                          "height" : 14.333333333333258,
                                                                                          "width" : 7.6666666666666643,
                                                                                          "y" : 610.51134751773043
                                                                                        },
                                                                                        "title" : null,
                                                                                        "children" : [

                                                                                        ],
                                                                                        "subrole" : null
                                                                                      },
                                                                                      {
                                                                                        "AXUniqueId" : null,
                                                                                        "traits" : [

                                                                                        ],
                                                                                        "children" : [

                                                                                        ],
                                                                                        "title" : null,
                                                                                        "pid" : 3090,
                                                                                        "content_required" : false,
                                                                                        "help" : null,
                                                                                        "AXValue" : null,
                                                                                        "type" : "StaticText",
                                                                                        "frame" : {
                                                                                          "y" : 609.8446808510638,
                                                                                          "height" : 15.666666666666629,
                                                                                          "width" : 106,
                                                                                          "x" : 74
                                                                                        },
                                                                                        "role" : "AXStaticText",
                                                                                        "subrole" : null,
                                                                                        "enabled" : true,
                                                                                        "role_description" : "text",
                                                                                        "AXFrame" : "{{74, 609.8446808510638}, {106, 15.666666666666629}}",
                                                                                        "AXLabel" : "Center top sloper jug",
                                                                                        "custom_actions" : [

                                                                                        ]
                                                                                      }
                                                                                    ],
                                                                                    "AXFrame" : "{{34, 598.66666666666663}, {163, 38}}",
                                                                                    "pid" : 3090,
                                                                                    "traits" : [

                                                                                    ],
                                                                                    "help" : null,
                                                                                    "frame" : {
                                                                                      "y" : 598.66666666666663,
                                                                                      "height" : 38,
                                                                                      "width" : 163,
                                                                                      "x" : 34
                                                                                    },
                                                                                    "role" : "AXButton",
                                                                                    "custom_actions" : [

                                                                                    ],
                                                                                    "content_required" : false,
                                                                                    "enabled" : true,
                                                                                    "subrole" : null
                                                                                  },
                                                                                  {
                                                                                    "help" : null,
                                                                                    "title" : null,
                                                                                    "subrole" : null,
                                                                                    "AXUniqueId" : "boardDetail.holdLegend.edge-30-left",
                                                                                    "AXValue" : null,
                                                                                    "enabled" : true,
                                                                                    "frame" : {
                                                                                      "y" : 598.66666666666663,
                                                                                      "height" : 38,
                                                                                      "width" : 163,
                                                                                      "x" : 205
                                                                                    },
                                                                                    "AXFrame" : "{{205, 598.66666666666663}, {163, 38}}",
                                                                                    "role" : "AXButton",
                                                                                    "type" : "Button",
                                                                                    "role_description" : "button",
                                                                                    "traits" : [

                                                                                    ],
                                                                                    "children" : [
                                                                                      {
                                                                                        "role_description" : "text",
                                                                                        "type" : "StaticText",
                                                                                        "frame" : {
                                                                                          "x" : 220.66666666666666,
                                                                                          "height" : 14.333333333333258,
                                                                                          "width" : 8.6666666666666572,
                                                                                          "y" : 610.51134751773043
                                                                                        },
                                                                                        "enabled" : true,
                                                                                        "pid" : 3090,
                                                                                        "AXUniqueId" : null,
                                                                                        "AXFrame" : "{{220.66666666666666, 610.51134751773043}, {8.6666666666666572, 14.333333333333258}}",
                                                                                        "role" : "AXStaticText",
                                                                                        "title" : null,
                                                                                        "AXLabel" : "8",
                                                                                        "help" : null,
                                                                                        "traits" : [

                                                                                        ],
                                                                                        "children" : [

                                                                                        ],
                                                                                        "subrole" : null,
                                                                                        "AXValue" : null,
                                                                                        "custom_actions" : [

                                                                                        ],
                                                                                        "content_required" : false
                                                                                      },
                                                                                      {
                                                                                        "AXValue" : null,
                                                                                        "role" : "AXStaticText",
                                                                                        "children" : [

                                                                                        ],
                                                                                        "subrole" : null,
                                                                                        "title" : null,
                                                                                        "type" : "StaticText",
                                                                                        "role_description" : "text",
                                                                                        "frame" : {
                                                                                          "y" : 609.8446808510638,
                                                                                          "height" : 15.666666666666629,
                                                                                          "width" : 105.33333333333331,
                                                                                          "x" : 245
                                                                                        },
                                                                                        "pid" : 3090,
                                                                                        "AXUniqueId" : null,
                                                                                        "enabled" : true,
                                                                                        "content_required" : false,
                                                                                        "traits" : [

                                                                                        ],
                                                                                        "AXFrame" : "{{245, 609.8446808510638}, {105.33333333333331, 15.666666666666629}}",
                                                                                        "AXLabel" : "Left 30 mm edge",
                                                                                        "help" : null,
                                                                                        "custom_actions" : [

                                                                                        ]
                                                                                      }
                                                                                    ],
                                                                                    "AXLabel" : "Hold 8: Left 30 mm edge",
                                                                                    "custom_actions" : [

                                                                                    ],
                                                                                    "content_required" : false,
                                                                                    "pid" : 3090
                                                                                  },
                                                                                  {
                                                                                    "role_description" : "button",
                                                                                    "traits" : [

                                                                                    ],
                                                                                    "enabled" : true,
                                                                                    "subrole" : null,
                                                                                    "children" : [
                                                                                      {
                                                                                        "type" : "StaticText",
                                                                                        "children" : [

                                                                                        ],
                                                                                        "help" : null,
                                                                                        "frame" : {
                                                                                          "y" : 656.51134751773054,
                                                                                          "height" : 14.333333333333371,
                                                                                          "width" : 8.3333333333333357,
                                                                                          "x" : 49.833333333333336
                                                                                        },
                                                                                        "role_description" : "text",
                                                                                        "AXLabel" : "9",
                                                                                        "subrole" : null,
                                                                                        "AXFrame" : "{{49.833333333333336, 656.51134751773054}, {8.3333333333333357, 14.333333333333371}}",
                                                                                        "AXValue" : null,
                                                                                        "title" : null,
                                                                                        "content_required" : false,
                                                                                        "pid" : 3090,
                                                                                        "traits" : [

                                                                                        ],
                                                                                        "role" : "AXStaticText",
                                                                                        "custom_actions" : [

                                                                                        ],
                                                                                        "enabled" : true,
                                                                                        "AXUniqueId" : null
                                                                                      },
                                                                                      {
                                                                                        "subrole" : null,
                                                                                        "children" : [

                                                                                        ],
                                                                                        "AXFrame" : "{{74, 655.8446808510638}, {103.33333333333331, 15.666666666666629}}",
                                                                                        "AXUniqueId" : null,
                                                                                        "pid" : 3090,
                                                                                        "AXValue" : null,
                                                                                        "type" : "StaticText",
                                                                                        "help" : null,
                                                                                        "AXLabel" : "Left 30 mm sloper edge",
                                                                                        "role_description" : "text",
                                                                                        "enabled" : true,
                                                                                        "frame" : {
                                                                                          "x" : 74,
                                                                                          "height" : 15.666666666666629,
                                                                                          "width" : 103.33333333333331,
                                                                                          "y" : 655.8446808510638
                                                                                        },
                                                                                        "title" : null,
                                                                                        "traits" : [

                                                                                        ],
                                                                                        "content_required" : false,
                                                                                        "custom_actions" : [

                                                                                        ],
                                                                                        "role" : "AXStaticText"
                                                                                      }
                                                                                    ],
                                                                                    "type" : "Button",
                                                                                    "role" : "AXButton",
                                                                                    "AXUniqueId" : "boardDetail.holdLegend.sloper-edge-30-left",
                                                                                    "title" : null,
                                                                                    "AXLabel" : "Hold 9: Left 30 mm sloper edge",
                                                                                    "help" : null,
                                                                                    "content_required" : false,
                                                                                    "pid" : 3090,
                                                                                    "custom_actions" : [

                                                                                    ],
                                                                                    "AXValue" : null,
                                                                                    "frame" : {
                                                                                      "y" : 644.66666666666663,
                                                                                      "height" : 38,
                                                                                      "width" : 163,
                                                                                      "x" : 34
                                                                                    },
                                                                                    "AXFrame" : "{{34, 644.66666666666663}, {163, 38}}"
                                                                                  },
                                                                                  {
                                                                                    "type" : "Button",
                                                                                    "AXLabel" : "Hold 10: Left 25 mm sloper edge",
                                                                                    "title" : null,
                                                                                    "enabled" : true,
                                                                                    "traits" : [

                                                                                    ],
                                                                                    "custom_actions" : [

                                                                                    ],
                                                                                    "AXValue" : null,
                                                                                    "subrole" : null,
                                                                                    "pid" : 3090,
                                                                                    "help" : null,
                                                                                    "role" : "AXButton",
                                                                                    "frame" : {
                                                                                      "y" : 644.66666666666663,
                                                                                      "height" : 38,
                                                                                      "width" : 163,
                                                                                      "x" : 205
                                                                                    },
                                                                                    "AXFrame" : "{{205, 644.66666666666663}, {163, 38}}",
                                                                                    "children" : [
                                                                                      {
                                                                                        "role_description" : "text",
                                                                                        "pid" : 3090,
                                                                                        "children" : [

                                                                                        ],
                                                                                        "role" : "AXStaticText",
                                                                                        "enabled" : true,
                                                                                        "AXValue" : null,
                                                                                        "AXUniqueId" : null,
                                                                                        "AXLabel" : "10",
                                                                                        "content_required" : false,
                                                                                        "AXFrame" : "{{217.5, 656.51134751773054}, {15, 14.333333333333371}}",
                                                                                        "traits" : [

                                                                                        ],
                                                                                        "type" : "StaticText",
                                                                                        "custom_actions" : [

                                                                                        ],
                                                                                        "title" : null,
                                                                                        "help" : null,
                                                                                        "subrole" : null,
                                                                                        "frame" : {
                                                                                          "x" : 217.5,
                                                                                          "height" : 14.333333333333371,
                                                                                          "width" : 15,
                                                                                          "y" : 656.51134751773054
                                                                                        }
                                                                                      },
                                                                                      {
                                                                                        "content_required" : false,
                                                                                        "AXUniqueId" : null,
                                                                                        "AXValue" : null,
                                                                                        "type" : "StaticText",
                                                                                        "AXLabel" : "Left 25 mm sloper edge",
                                                                                        "frame" : {
                                                                                          "y" : 655.8446808510638,
                                                                                          "height" : 15.666666666666629,
                                                                                          "width" : 102.66666666666663,
                                                                                          "x" : 245
                                                                                        },
                                                                                        "subrole" : null,
                                                                                        "children" : [

                                                                                        ],
                                                                                        "AXFrame" : "{{245, 655.8446808510638}, {102.66666666666663, 15.666666666666629}}",
                                                                                        "enabled" : true,
                                                                                        "role" : "AXStaticText",
                                                                                        "help" : null,
                                                                                        "custom_actions" : [

                                                                                        ],
                                                                                        "pid" : 3090,
                                                                                        "title" : null,
                                                                                        "role_description" : "text",
                                                                                        "traits" : [

                                                                                        ]
                                                                                      }
                                                                                    ],
                                                                                    "role_description" : "button",
                                                                                    "AXUniqueId" : "boardDetail.holdLegend.sloper-edge-25-left",
                                                                                    "content_required" : false
                                                                                  },
                                                                                  {
                                                                                    "custom_actions" : [

                                                                                    ],
                                                                                    "AXValue" : null,
                                                                                    "traits" : [

                                                                                    ],
                                                                                    "AXUniqueId" : "boardDetail.holdLegend.edge-35-center",
                                                                                    "AXFrame" : "{{34, 690.66666666666663}, {163, 38}}",
                                                                                    "enabled" : true,
                                                                                    "type" : "Button",
                                                                                    "subrole" : null,
                                                                                    "children" : [
                                                                                      {
                                                                                        "AXLabel" : "11",
                                                                                        "role" : "AXStaticText",
                                                                                        "content_required" : false,
                                                                                        "AXFrame" : "{{47.666666666666664, 702.51134751773054}, {12.666666666666664, 14.333333333333371}}",
                                                                                        "children" : [

                                                                                        ],
                                                                                        "pid" : 3090,
                                                                                        "type" : "StaticText",
                                                                                        "custom_actions" : [

                                                                                        ],
                                                                                        "help" : null,
                                                                                        "traits" : [

                                                                                        ],
                                                                                        "AXValue" : null,
                                                                                        "enabled" : true,
                                                                                        "subrole" : null,
                                                                                        "frame" : {
                                                                                          "y" : 702.51134751773054,
                                                                                          "height" : 14.333333333333371,
                                                                                          "width" : 12.666666666666664,
                                                                                          "x" : 47.666666666666664
                                                                                        },
                                                                                        "title" : null,
                                                                                        "AXUniqueId" : null,
                                                                                        "role_description" : "text"
                                                                                      },
                                                                                      {
                                                                                        "enabled" : true,
                                                                                        "role_description" : "text",
                                                                                        "help" : null,
                                                                                        "title" : null,
                                                                                        "custom_actions" : [

                                                                                        ],
                                                                                        "children" : [

                                                                                        ],
                                                                                        "AXFrame" : "{{74, 701.8446808510638}, {99, 15.666666666666629}}",
                                                                                        "type" : "StaticText",
                                                                                        "traits" : [

                                                                                        ],
                                                                                        "AXLabel" : "Center 35 mm edge",
                                                                                        "frame" : {
                                                                                          "y" : 701.8446808510638,
                                                                                          "height" : 15.666666666666629,
                                                                                          "width" : 99,
                                                                                          "x" : 74
                                                                                        },
                                                                                        "subrole" : null,
                                                                                        "role" : "AXStaticText",
                                                                                        "AXUniqueId" : null,
                                                                                        "content_required" : false,
                                                                                        "pid" : 3090,
                                                                                        "AXValue" : null
                                                                                      }
                                                                                    ],
                                                                                    "content_required" : false,
                                                                                    "AXLabel" : "Hold 11: Center 35 mm edge",
                                                                                    "pid" : 3090,
                                                                                    "frame" : {
                                                                                      "y" : 690.66666666666663,
                                                                                      "height" : 38,
                                                                                      "width" : 163,
                                                                                      "x" : 34
                                                                                    },
                                                                                    "role_description" : "button",
                                                                                    "help" : null,
                                                                                    "role" : "AXButton",
                                                                                    "title" : null
                                                                                  },
                                                                                  {
                                                                                    "content_required" : false,
                                                                                    "help" : null,
                                                                                    "pid" : 3090,
                                                                                    "type" : "Button",
                                                                                    "role" : "AXButton",
                                                                                    "AXFrame" : "{{205, 690.66666666666663}, {163, 38}}",
                                                                                    "title" : null,
                                                                                    "enabled" : true,
                                                                                    "role_description" : "button",
                                                                                    "frame" : {
                                                                                      "height" : 38,
                                                                                      "x" : 205,
                                                                                      "width" : 163,
                                                                                      "y" : 690.66666666666663
                                                                                    },
                                                                                    "AXUniqueId" : "boardDetail.holdLegend.sloper-edge-25-right",
                                                                                    "traits" : [

                                                                                    ],
                                                                                    "AXLabel" : "Hold 12: Right 25 mm sloper edge",
                                                                                    "AXValue" : null,
                                                                                    "subrole" : null,
                                                                                    "custom_actions" : [

                                                                                    ],
                                                                                    "children" : [
                                                                                      {
                                                                                        "pid" : 3090,
                                                                                        "subrole" : null,
                                                                                        "children" : [

                                                                                        ],
                                                                                        "frame" : {
                                                                                          "height" : 14.333333333333371,
                                                                                          "x" : 217.83333333333334,
                                                                                          "width" : 14.333333333333343,
                                                                                          "y" : 702.51134751773054
                                                                                        },
                                                                                        "AXUniqueId" : null,
                                                                                        "content_required" : false,
                                                                                        "help" : null,
                                                                                        "custom_actions" : [

                                                                                        ],
                                                                                        "AXValue" : null,
                                                                                        "role_description" : "text",
                                                                                        "title" : null,
                                                                                        "type" : "StaticText",
                                                                                        "enabled" : true,
                                                                                        "role" : "AXStaticText",
                                                                                        "traits" : [

                                                                                        ],
                                                                                        "AXFrame" : "{{217.83333333333334, 702.51134751773054}, {14.333333333333343, 14.333333333333371}}",
                                                                                        "AXLabel" : "12"
                                                                                      },
                                                                                      {
                                                                                        "AXUniqueId" : null,
                                                                                        "title" : null,
                                                                                        "pid" : 3090,
                                                                                        "traits" : [

                                                                                        ],
                                                                                        "help" : null,
                                                                                        "type" : "StaticText",
                                                                                        "role_description" : "text",
                                                                                        "role" : "AXStaticText",
                                                                                        "content_required" : false,
                                                                                        "frame" : {
                                                                                          "height" : 15.666666666666629,
                                                                                          "x" : 245,
                                                                                          "width" : 103,
                                                                                          "y" : 701.8446808510638
                                                                                        },
                                                                                        "AXFrame" : "{{245, 701.8446808510638}, {103, 15.666666666666629}}",
                                                                                        "AXLabel" : "Right 25 mm sloper edge",
                                                                                        "children" : [

                                                                                        ],
                                                                                        "subrole" : null,
                                                                                        "custom_actions" : [

                                                                                        ],
                                                                                        "enabled" : true,
                                                                                        "AXValue" : null
                                                                                      }
                                                                                    ]
                                                                                  },
                                                                                  {
                                                                                    "role_description" : "button",
                                                                                    "role" : "AXButton",
                                                                                    "AXLabel" : "Hold 13: Right 30 mm sloper edge",
                                                                                    "content_required" : false,
                                                                                    "custom_actions" : [

                                                                                    ],
                                                                                    "frame" : {
                                                                                      "height" : 38,
                                                                                      "x" : 34,
                                                                                      "width" : 163,
                                                                                      "y" : 736.66666666666663
                                                                                    },
                                                                                    "type" : "Button",
                                                                                    "children" : [
                                                                                      {
                                                                                        "help" : null,
                                                                                        "AXFrame" : "{{46.666666666666664, 748.51134751773054}, {14.666666666666664, 14.333333333333371}}",
                                                                                        "frame" : {
                                                                                          "height" : 14.333333333333371,
                                                                                          "x" : 46.666666666666664,
                                                                                          "width" : 14.666666666666664,
                                                                                          "y" : 748.51134751773054
                                                                                        },
                                                                                        "AXUniqueId" : null,
                                                                                        "AXValue" : null,
                                                                                        "enabled" : true,
                                                                                        "content_required" : false,
                                                                                        "children" : [

                                                                                        ],
                                                                                        "title" : null,
                                                                                        "custom_actions" : [

                                                                                        ],
                                                                                        "role" : "AXStaticText",
                                                                                        "role_description" : "text",
                                                                                        "subrole" : null,
                                                                                        "type" : "StaticText",
                                                                                        "AXLabel" : "13",
                                                                                        "pid" : 3090,
                                                                                        "traits" : [

                                                                                        ]
                                                                                      },
                                                                                      {
                                                                                        "AXUniqueId" : null,
                                                                                        "role_description" : "text",
                                                                                        "content_required" : false,
                                                                                        "custom_actions" : [

                                                                                        ],
                                                                                        "children" : [

                                                                                        ],
                                                                                        "AXValue" : null,
                                                                                        "frame" : {
                                                                                          "height" : 15.666666666666629,
                                                                                          "x" : 74,
                                                                                          "width" : 103.66666666666666,
                                                                                          "y" : 747.8446808510638
                                                                                        },
                                                                                        "type" : "StaticText",
                                                                                        "pid" : 3090,
                                                                                        "help" : null,
                                                                                        "enabled" : true,
                                                                                        "title" : null,
                                                                                        "traits" : [

                                                                                        ],
                                                                                        "AXFrame" : "{{74, 747.8446808510638}, {103.66666666666666, 15.666666666666629}}",
                                                                                        "role" : "AXStaticText",
                                                                                        "AXLabel" : "Right 30 mm sloper edge",
                                                                                        "subrole" : null
                                                                                      }
                                                                                    ],
                                                                                    "AXValue" : null,
                                                                                    "help" : null,
                                                                                    "AXFrame" : "{{34, 736.66666666666663}, {163, 38}}",
                                                                                    "traits" : [

                                                                                    ],
                                                                                    "pid" : 3090,
                                                                                    "enabled" : true,
                                                                                    "title" : null,
                                                                                    "AXUniqueId" : "boardDetail.holdLegend.sloper-edge-30-right",
                                                                                    "subrole" : null
                                                                                  },
                                                                                  {
                                                                                    "help" : null,
                                                                                    "title" : null,
                                                                                    "subrole" : null,
                                                                                    "AXFrame" : "{{205, 736.66666666666663}, {163, 38}}",
                                                                                    "children" : [
                                                                                      {
                                                                                        "subrole" : null,
                                                                                        "frame" : {
                                                                                          "height" : 14.333333333333371,
                                                                                          "x" : 217.66666666666666,
                                                                                          "width" : 14.666666666666657,
                                                                                          "y" : 748.51134751773054
                                                                                        },
                                                                                        "children" : [

                                                                                        ],
                                                                                        "role_description" : "text",
                                                                                        "AXValue" : null,
                                                                                        "traits" : [

                                                                                        ],
                                                                                        "title" : null,
                                                                                        "enabled" : true,
                                                                                        "AXFrame" : "{{217.66666666666666, 748.51134751773054}, {14.666666666666657, 14.333333333333371}}",
                                                                                        "pid" : 3090,
                                                                                        "custom_actions" : [

                                                                                        ],
                                                                                        "AXUniqueId" : null,
                                                                                        "content_required" : false,
                                                                                        "help" : null,
                                                                                        "role" : "AXStaticText",
                                                                                        "type" : "StaticText",
                                                                                        "AXLabel" : "14"
                                                                                      },
                                                                                      {
                                                                                        "title" : null,
                                                                                        "enabled" : true,
                                                                                        "frame" : {
                                                                                          "height" : 15.666666666666629,
                                                                                          "x" : 245,
                                                                                          "width" : 100.66666666666663,
                                                                                          "y" : 747.8446808510638
                                                                                        },
                                                                                        "role_description" : "text",
                                                                                        "content_required" : false,
                                                                                        "role" : "AXStaticText",
                                                                                        "pid" : 3090,
                                                                                        "traits" : [

                                                                                        ],
                                                                                        "AXValue" : null,
                                                                                        "help" : null,
                                                                                        "AXUniqueId" : null,
                                                                                        "type" : "StaticText",
                                                                                        "custom_actions" : [

                                                                                        ],
                                                                                        "AXFrame" : "{{245, 747.8446808510638}, {100.66666666666663, 15.666666666666629}}",
                                                                                        "subrole" : null,
                                                                                        "children" : [

                                                                                        ],
                                                                                        "AXLabel" : "Right 30 mm edge"
                                                                                      }
                                                                                    ],
                                                                                    "role_description" : "button",
                                                                                    "custom_actions" : [

                                                                                    ],
                                                                                    "AXUniqueId" : "boardDetail.holdLegend.edge-30-right",
                                                                                    "AXValue" : null,
                                                                                    "enabled" : true,
                                                                                    "content_required" : false,
                                                                                    "frame" : {
                                                                                      "height" : 38,
                                                                                      "x" : 205,
                                                                                      "width" : 163,
                                                                                      "y" : 736.66666666666663
                                                                                    },
                                                                                    "pid" : 3090,
                                                                                    "AXLabel" : "Hold 14: Right 30 mm edge",
                                                                                    "traits" : [

                                                                                    ],
                                                                                    "type" : "Button",
                                                                                    "role" : "AXButton"
                                                                                  },
                                                                                  {
                                                                                    "role" : "AXButton",
                                                                                    "enabled" : true,
                                                                                    "children" : [
                                                                                      {
                                                                                        "role" : "AXStaticText",
                                                                                        "type" : "StaticText",
                                                                                        "pid" : 3090,
                                                                                        "frame" : {
                                                                                          "height" : 14.333333333333371,
                                                                                          "x" : 46.666666666666664,
                                                                                          "width" : 14.666666666666664,
                                                                                          "y" : 794.51134751773054
                                                                                        },
                                                                                        "role_description" : "text",
                                                                                        "AXUniqueId" : null,
                                                                                        "AXFrame" : "{{46.666666666666664, 794.51134751773054}, {14.666666666666664, 14.333333333333371}}",
                                                                                        "title" : null,
                                                                                        "enabled" : true,
                                                                                        "custom_actions" : [

                                                                                        ],
                                                                                        "subrole" : null,
                                                                                        "content_required" : false,
                                                                                        "traits" : [

                                                                                        ],
                                                                                        "children" : [

                                                                                        ],
                                                                                        "help" : null,
                                                                                        "AXValue" : null,
                                                                                        "AXLabel" : "15"
                                                                                      },
                                                                                      {
                                                                                        "AXValue" : null,
                                                                                        "type" : "StaticText",
                                                                                        "children" : [

                                                                                        ],
                                                                                        "subrole" : null,
                                                                                        "AXFrame" : "{{74, 793.8446808510638}, {105, 15.666666666666629}}",
                                                                                        "traits" : [

                                                                                        ],
                                                                                        "custom_actions" : [

                                                                                        ],
                                                                                        "role_description" : "text",
                                                                                        "pid" : 3090,
                                                                                        "help" : null,
                                                                                        "enabled" : true,
                                                                                        "role" : "AXStaticText",
                                                                                        "AXLabel" : "Left 20 mm edge",
                                                                                        "frame" : {
                                                                                          "height" : 15.666666666666629,
                                                                                          "x" : 74,
                                                                                          "width" : 105,
                                                                                          "y" : 793.8446808510638
                                                                                        },
                                                                                        "title" : null,
                                                                                        "content_required" : false,
                                                                                        "AXUniqueId" : null
                                                                                      }
                                                                                    ],
                                                                                    "subrole" : null,
                                                                                    "AXUniqueId" : "boardDetail.holdLegend.edge-20-left",
                                                                                    "role_description" : "button",
                                                                                    "pid" : 3090,
                                                                                    "title" : null,
                                                                                    "custom_actions" : [

                                                                                    ],
                                                                                    "AXFrame" : "{{34, 782.66666666666663}, {163, 38}}",
                                                                                    "content_required" : false,
                                                                                    "frame" : {
                                                                                      "height" : 38,
                                                                                      "x" : 34,
                                                                                      "width" : 163,
                                                                                      "y" : 782.66666666666663
                                                                                    },
                                                                                    "traits" : [

                                                                                    ],
                                                                                    "AXLabel" : "Hold 15: Left 20 mm edge",
                                                                                    "type" : "Button",
                                                                                    "help" : null,
                                                                                    "AXValue" : null
                                                                                  },
                                                                                  {
                                                                                    "pid" : 3090,
                                                                                    "type" : "Button",
                                                                                    "help" : null,
                                                                                    "AXLabel" : "Hold 16: Lower left 25 mm sloper edge",
                                                                                    "enabled" : true,
                                                                                    "children" : [
                                                                                      {
                                                                                        "enabled" : true,
                                                                                        "traits" : [

                                                                                        ],
                                                                                        "role" : "AXStaticText",
                                                                                        "role_description" : "text",
                                                                                        "title" : null,
                                                                                        "children" : [

                                                                                        ],
                                                                                        "AXValue" : null,
                                                                                        "frame" : {
                                                                                          "height" : 14.333333333333371,
                                                                                          "x" : 217.66666666666666,
                                                                                          "width" : 14.666666666666657,
                                                                                          "y" : 794.51134751773054
                                                                                        },
                                                                                        "AXLabel" : "16",
                                                                                        "type" : "StaticText",
                                                                                        "help" : null,
                                                                                        "subrole" : null,
                                                                                        "content_required" : false,
                                                                                        "pid" : 3090,
                                                                                        "custom_actions" : [

                                                                                        ],
                                                                                        "AXUniqueId" : null,
                                                                                        "AXFrame" : "{{217.66666666666666, 794.51134751773054}, {14.666666666666657, 14.333333333333371}}"
                                                                                      },
                                                                                      {
                                                                                        "custom_actions" : [

                                                                                        ],
                                                                                        "pid" : 3090,
                                                                                        "title" : null,
                                                                                        "AXLabel" : "Lower left 25 mm sloper edge",
                                                                                        "type" : "StaticText",
                                                                                        "subrole" : null,
                                                                                        "help" : null,
                                                                                        "AXUniqueId" : null,
                                                                                        "content_required" : false,
                                                                                        "frame" : {
                                                                                          "height" : 15.666666666666629,
                                                                                          "x" : 245,
                                                                                          "width" : 107,
                                                                                          "y" : 793.8446808510638
                                                                                        },
                                                                                        "children" : [

                                                                                        ],
                                                                                        "role_description" : "text",
                                                                                        "AXFrame" : "{{245, 793.8446808510638}, {107, 15.666666666666629}}",
                                                                                        "enabled" : true,
                                                                                        "traits" : [

                                                                                        ],
                                                                                        "role" : "AXStaticText",
                                                                                        "AXValue" : null
                                                                                      }
                                                                                    ],
                                                                                    "role" : "AXButton",
                                                                                    "content_required" : false,
                                                                                    "AXValue" : null,
                                                                                    "AXFrame" : "{{205, 782.66666666666663}, {163, 38}}",
                                                                                    "title" : null,
                                                                                    "custom_actions" : [

                                                                                    ],
                                                                                    "AXUniqueId" : "boardDetail.holdLegend.sloper-edge-25-lower-left",
                                                                                    "frame" : {
                                                                                      "height" : 38,
                                                                                      "x" : 205,
                                                                                      "width" : 163,
                                                                                      "y" : 782.66666666666663
                                                                                    },
                                                                                    "role_description" : "button",
                                                                                    "traits" : [

                                                                                    ],
                                                                                    "subrole" : null
                                                                                  },
                                                                                  {
                                                                                    "AXFrame" : "{{34, 828.66666666666663}, {163, 38}}",
                                                                                    "role" : "AXButton",
                                                                                    "subrole" : null,
                                                                                    "help" : null,
                                                                                    "custom_actions" : [

                                                                                    ],
                                                                                    "traits" : [

                                                                                    ],
                                                                                    "type" : "Button",
                                                                                    "AXValue" : null,
                                                                                    "title" : null,
                                                                                    "content_required" : false,
                                                                                    "frame" : {
                                                                                      "height" : 38,
                                                                                      "x" : 34,
                                                                                      "width" : 163,
                                                                                      "y" : 828.66666666666663
                                                                                    },
                                                                                    "enabled" : true,
                                                                                    "children" : [
                                                                                      {
                                                                                        "children" : [

                                                                                        ],
                                                                                        "AXFrame" : "{{47, 840.51134751773054}, {14, 14.333333333333371}}",
                                                                                        "subrole" : null,
                                                                                        "frame" : {
                                                                                          "height" : 14.333333333333371,
                                                                                          "x" : 47,
                                                                                          "width" : 14,
                                                                                          "y" : 840.51134751773054
                                                                                        },
                                                                                        "pid" : 3090,
                                                                                        "AXUniqueId" : null,
                                                                                        "AXValue" : null,
                                                                                        "help" : null,
                                                                                        "role_description" : "text",
                                                                                        "role" : "AXStaticText",
                                                                                        "enabled" : true,
                                                                                        "AXLabel" : "17",
                                                                                        "traits" : [

                                                                                        ],
                                                                                        "title" : null,
                                                                                        "type" : "StaticText",
                                                                                        "custom_actions" : [

                                                                                        ],
                                                                                        "content_required" : false
                                                                                      },
                                                                                      {
                                                                                        "AXUniqueId" : null,
                                                                                        "pid" : 3090,
                                                                                        "role_description" : "text",
                                                                                        "AXValue" : null,
                                                                                        "children" : [

                                                                                        ],
                                                                                        "type" : "StaticText",
                                                                                        "AXLabel" : "Inner left 30 mm edge",
                                                                                        "AXFrame" : "{{74, 839.8446808510638}, {101.66666666666666, 15.666666666666629}}",
                                                                                        "frame" : {
                                                                                          "height" : 15.666666666666629,
                                                                                          "x" : 74,
                                                                                          "width" : 101.66666666666666,
                                                                                          "y" : 839.8446808510638
                                                                                        },
                                                                                        "subrole" : null,
                                                                                        "role" : "AXStaticText",
                                                                                        "enabled" : true,
                                                                                        "content_required" : false,
                                                                                        "help" : null,
                                                                                        "title" : null,
                                                                                        "traits" : [

                                                                                        ],
                                                                                        "custom_actions" : [

                                                                                        ]
                                                                                      }
                                                                                    ],
                                                                                    "AXUniqueId" : "boardDetail.holdLegend.edge-30-inner-left",
                                                                                    "pid" : 3090,
                                                                                    "role_description" : "button",
                                                                                    "AXLabel" : "Hold 17: Inner left 30 mm edge"
                                                                                  },
                                                                                  {
                                                                                    "frame" : {
                                                                                      "height" : 38,
                                                                                      "x" : 205,
                                                                                      "width" : 163,
                                                                                      "y" : 828.66666666666663
                                                                                    },
                                                                                    "content_required" : false,
                                                                                    "role" : "AXButton",
                                                                                    "AXUniqueId" : "boardDetail.holdLegend.sloper-edge-30-center",
                                                                                    "help" : null,
                                                                                    "subrole" : null,
                                                                                    "role_description" : "button",
                                                                                    "AXValue" : null,
                                                                                    "type" : "Button",
                                                                                    "title" : null,
                                                                                    "AXFrame" : "{{205, 828.66666666666663}, {163, 38}}",
                                                                                    "children" : [
                                                                                      {
                                                                                        "AXFrame" : "{{217.66666666666666, 840.51134751773054}, {14.666666666666657, 14.333333333333371}}",
                                                                                        "AXUniqueId" : null,
                                                                                        "traits" : [

                                                                                        ],
                                                                                        "enabled" : true,
                                                                                        "type" : "StaticText",
                                                                                        "subrole" : null,
                                                                                        "title" : null,
                                                                                        "role_description" : "text",
                                                                                        "pid" : 3090,
                                                                                        "AXValue" : null,
                                                                                        "content_required" : false,
                                                                                        "AXLabel" : "18",
                                                                                        "role" : "AXStaticText",
                                                                                        "children" : [

                                                                                        ],
                                                                                        "frame" : {
                                                                                          "height" : 14.333333333333371,
                                                                                          "x" : 217.66666666666666,
                                                                                          "width" : 14.666666666666657,
                                                                                          "y" : 840.51134751773054
                                                                                        },
                                                                                        "help" : null,
                                                                                        "custom_actions" : [

                                                                                        ]
                                                                                      },
                                                                                      {
                                                                                        "subrole" : null,
                                                                                        "AXLabel" : "Center 30 mm sloper edge",
                                                                                        "help" : null,
                                                                                        "frame" : {
                                                                                          "height" : 15.666666666666629,
                                                                                          "x" : 245,
                                                                                          "width" : 99.333333333333314,
                                                                                          "y" : 839.8446808510638
                                                                                        },
                                                                                        "AXUniqueId" : null,
                                                                                        "pid" : 3090,
                                                                                        "AXFrame" : "{{245, 839.8446808510638}, {99.333333333333314, 15.666666666666629}}",
                                                                                        "title" : null,
                                                                                        "children" : [

                                                                                        ],
                                                                                        "enabled" : true,
                                                                                        "traits" : [

                                                                                        ],
                                                                                        "AXValue" : null,
                                                                                        "role_description" : "text",
                                                                                        "type" : "StaticText",
                                                                                        "custom_actions" : [

                                                                                        ],
                                                                                        "role" : "AXStaticText",
                                                                                        "content_required" : false
                                                                                      }
                                                                                    ],
                                                                                    "custom_actions" : [

                                                                                    ],
                                                                                    "enabled" : true,
                                                                                    "AXLabel" : "Hold 18: Center 30 mm sloper edge",
                                                                                    "pid" : 3090,
                                                                                    "traits" : [

                                                                                    ]
                                                                                  }
                                                                                ],
                                                                                "custom_actions" : [

                                                                                ]
                                                                              }
                                                                            ],
                                                                            "AXValue" : null,
                                                                            "custom_actions" : [

                                                                            ],
                                                                            "AXUniqueId" : null,
                                                                            "content_required" : false,
                                                                            "help" : null,
                                                                            "role_description" : "group",
                                                                            "role" : "AXGroup",
                                                                            "AXLabel" : null,
                                                                            "AXFrame" : "{{0, 116}, {402, 1012.6666666666665}}",
                                                                            "pid" : 3090,
                                                                            "type" : "Group"
                                                                          }
                                                                        ],
                                                                        "frame" : {
                                                                          "height" : 874,
                                                                          "x" : 0,
                                                                          "width" : 402,
                                                                          "y" : 0
                                                                        },
                                                                        "AXLabel" : null,
                                                                        "pid" : 3090,
                                                                        "custom_actions" : [

                                                                        ],
                                                                        "role_description" : "Group",
                                                                        "role" : "AXScrollArea"
                                                                      }
                                                                    ],
                                                                    "type" : "Group"
                                                                  }
                                                                ],
                                                                "type" : "Group"
                                                              }
                                                            ],
                                                            "AXValue" : null,
                                                            "AXFrame" : "{{0, 0}, {402, 874}}",
                                                            "frame" : {
                                                              "height" : 874,
                                                              "x" : 0,
                                                              "width" : 402,
                                                              "y" : 0
                                                            },
                                                            "AXLabel" : null,
                                                            "title" : null,
                                                            "enabled" : true,
                                                            "role" : "AXGroup",
                                                            "subrole" : null,
                                                            "help" : null,
                                                            "pid" : 3090,
                                                            "role_description" : "group",
                                                            "custom_actions" : [

                                                            ],
                                                            "content_required" : false,
                                                            "type" : "Group"
                                                          }
                                                        ],
                                                        "type" : "Group",
                                                        "help" : null,
                                                        "AXValue" : null,
                                                        "AXFrame" : "{{0, 0}, {402, 874}}",
                                                        "content_required" : false,
                                                        "pid" : 3090,
                                                        "AXLabel" : null
                                                      },
                                                      {
                                                        "content_required" : false,
                                                        "AXFrame" : "{{0, 0}, {402, 874}}",
                                                        "AXUniqueId" : null,
                                                        "enabled" : true,
                                                        "frame" : {
                                                          "height" : 874,
                                                          "x" : 0,
                                                          "width" : 402,
                                                          "y" : 0
                                                        },
                                                        "pid" : 3090,
                                                        "role_description" : "group",
                                                        "role" : "AXGroup",
                                                        "type" : "Group",
                                                        "help" : null,
                                                        "AXLabel" : null,
                                                        "custom_actions" : [

                                                        ],
                                                        "AXValue" : null,
                                                        "title" : null,
                                                        "children" : [
                                                          {
                                                            "help" : null,
                                                            "custom_actions" : [

                                                            ],
                                                            "type" : "Group",
                                                            "AXValue" : null,
                                                            "AXFrame" : "{{0, 0}, {402, 874}}",
                                                            "AXUniqueId" : null,
                                                            "role_description" : "group",
                                                            "AXLabel" : null,
                                                            "subrole" : null,
                                                            "content_required" : false,
                                                            "traits" : [

                                                            ],
                                                            "frame" : {
                                                              "height" : 874,
                                                              "x" : 0,
                                                              "width" : 402,
                                                              "y" : 0
                                                            },
                                                            "pid" : 3090,
                                                            "role" : "AXGroup",
                                                            "children" : [

                                                            ],
                                                            "title" : null,
                                                            "enabled" : true
                                                          }
                                                        ],
                                                        "subrole" : null,
                                                        "traits" : [

                                                        ]
                                                      }
                                                    ],
                                                    "AXLabel" : null,
                                                    "title" : null,
                                                    "frame" : {
                                                      "height" : 874,
                                                      "x" : 0,
                                                      "width" : 402,
                                                      "y" : 0
                                                    },
                                                    "AXUniqueId" : null,
                                                    "enabled" : true,
                                                    "content_required" : false,
                                                    "AXValue" : null,
                                                    "pid" : 3090,
                                                    "subrole" : null,
                                                    "custom_actions" : [

                                                    ],
                                                    "role" : "AXGroup",
                                                    "help" : null,
                                                    "AXFrame" : "{{0, 0}, {402, 874}}",
                                                    "role_description" : "group",
                                                    "type" : "Group",
                                                    "traits" : [

                                                    ]
                                                  }
                                                ],
                                                "custom_actions" : [

                                                ],
                                                "AXUniqueId" : null,
                                                "AXFrame" : "{{0, 0}, {402, 874}}",
                                                "AXValue" : null,
                                                "help" : null,
                                                "AXLabel" : null,
                                                "role_description" : "group",
                                                "pid" : 3090,
                                                "type" : "Group",
                                                "frame" : {
                                                  "height" : 874,
                                                  "x" : 0,
                                                  "width" : 402,
                                                  "y" : 0
                                                },
                                                "title" : null,
                                                "enabled" : true,
                                                "subrole" : null,
                                                "content_required" : false
                                              }
                                            ],
                                            "help" : null,
                                            "type" : "Group",
                                            "role_description" : "group",
                                            "AXUniqueId" : null,
                                            "enabled" : true,
                                            "pid" : 3090,
                                            "AXValue" : null,
                                            "frame" : {
                                              "height" : 874,
                                              "x" : 0,
                                              "width" : 402,
                                              "y" : 0
                                            },
                                            "subrole" : null,
                                            "traits" : [

                                            ],
                                            "custom_actions" : [

                                            ],
                                            "AXLabel" : null,
                                            "role" : "AXGroup",
                                            "AXFrame" : "{{0, 0}, {402, 874}}",
                                            "content_required" : false
                                          }
                                        ],
                                        "AXValue" : null,
                                        "AXLabel" : null,
                                        "role" : "AXGroup",
                                        "traits" : [

                                        ],
                                        "custom_actions" : [

                                        ],
                                        "AXUniqueId" : null,
                                        "subrole" : null,
                                        "frame" : {
                                          "height" : 874,
                                          "x" : 0,
                                          "width" : 402,
                                          "y" : 0
                                        },
                                        "title" : null,
                                        "role_description" : "group",
                                        "enabled" : true,
                                        "pid" : 3090,
                                        "help" : null,
                                        "AXFrame" : "{{0, 0}, {402, 874}}"
                                      }
                                    ],
                                    "title" : null,
                                    "content_required" : false,
                                    "role" : "AXGroup",
                                    "pid" : 3090,
                                    "AXLabel" : null,
                                    "frame" : {
                                      "height" : 874,
                                      "x" : 0,
                                      "width" : 402,
                                      "y" : 0
                                    },
                                    "AXValue" : null,
                                    "enabled" : true,
                                    "subrole" : null,
                                    "traits" : [

                                    ]
                                  }
                                ],
                                "type" : "Group",
                                "enabled" : true,
                                "content_required" : false,
                                "subrole" : null,
                                "title" : null,
                                "role_description" : "group",
                                "role" : "AXGroup",
                                "AXUniqueId" : null,
                                "pid" : 3090,
                                "frame" : {
                                  "height" : 874,
                                  "x" : 0,
                                  "width" : 402,
                                  "y" : 0
                                },
                                "AXValue" : null,
                                "AXLabel" : null,
                                "help" : null
                              },
                              {
                                "custom_actions" : [

                                ],
                                "role_description" : "group",
                                "AXLabel" : null,
                                "AXValue" : null,
                                "title" : null,
                                "pid" : 3090,
                                "subrole" : null,
                                "frame" : {
                                  "height" : 83,
                                  "x" : 0,
                                  "width" : 402,
                                  "y" : 791
                                },
                                "role" : "AXGroup",
                                "type" : "Group",
                                "enabled" : true,
                                "help" : null,
                                "AXFrame" : "{{0, 791}, {402, 83}}",
                                "content_required" : false,
                                "children" : [
                                  {
                                    "AXValue" : null,
                                    "AXUniqueId" : null,
                                    "frame" : {
                                      "x" : 0,
                                      "height" : 874,
                                      "y" : 0,
                                      "width" : 402
                                    },
                                    "AXLabel" : null,
                                    "custom_actions" : [

                                    ],
                                    "subrole" : null,
                                    "traits" : [

                                    ],
                                    "enabled" : true,
                                    "pid" : 3090,
                                    "content_required" : false,
                                    "title" : null,
                                    "type" : "Group",
                                    "help" : null,
                                    "role" : "AXGroup",
                                    "AXFrame" : "{{0, 0}, {402, 874}}",
                                    "role_description" : "group",
                                    "children" : [
                                      {
                                        "title" : null,
                                        "role_description" : "group",
                                        "children" : [
                                          {
                                            "title" : null,
                                            "traits" : [

                                            ],
                                            "role" : "AXGroup",
                                            "content_required" : false,
                                            "help" : null,
                                            "children" : [
                                              {
                                                "pid" : 3090,
                                                "help" : null,
                                                "custom_actions" : [

                                                ],
                                                "subrole" : null,
                                                "frame" : {
                                                  "x" : 64,
                                                  "height" : 54,
                                                  "width" : 94,
                                                  "y" : 791
                                                },
                                                "AXUniqueId" : null,
                                                "role" : "AXGroup",
                                                "enabled" : true,
                                                "AXLabel" : null,
                                                "children" : [

                                                ],
                                                "role_description" : "group",
                                                "content_required" : false,
                                                "traits" : [

                                                ],
                                                "AXValue" : null,
                                                "type" : "Group",
                                                "title" : null,
                                                "AXFrame" : "{{64, 791}, {94, 54}}"
                                              },
                                              {
                                                "frame" : {
                                                  "x" : 64,
                                                  "height" : 62,
                                                  "width" : 274,
                                                  "y" : 791
                                                },
                                                "pid" : 3090,
                                                "AXValue" : null,
                                                "AXUniqueId" : null,
                                                "AXFrame" : "{{64, 791}, {274, 62}}",
                                                "subrole" : null,
                                                "AXLabel" : null,
                                                "title" : null,
                                                "custom_actions" : [

                                                ],
                                                "role_description" : "group",
                                                "traits" : [

                                                ],
                                                "role" : "AXGroup",
                                                "children" : [
                                                  {
                                                    "traits" : [

                                                    ],
                                                    "AXLabel" : "Train",
                                                    "title" : null,
                                                    "pid" : 3090,
                                                    "AXValue" : 1,
                                                    "role_description" : "tab",
                                                    "custom_actions" : [

                                                    ],
                                                    "AXFrame" : "{{68, 795}, {94, 54}}",
                                                    "frame" : {
                                                      "x" : 68,
                                                      "height" : 54,
                                                      "y" : 795,
                                                      "width" : 94
                                                    },
                                                    "subrole" : "AXTabButton",
                                                    "role" : "AXRadioButton",
                                                    "content_required" : false,
                                                    "type" : "RadioButton",
                                                    "help" : null,
                                                    "AXUniqueId" : "figure.climbing",
                                                    "enabled" : true,
                                                    "children" : [
                                                      {
                                                        "role_description" : "image",
                                                        "AXFrame" : "{{100, 797}, {30, 35.666666666666629}}",
                                                        "title" : null,
                                                        "type" : "Image",
                                                        "children" : [

                                                        ],
                                                        "pid" : 3090,
                                                        "role" : "AXImage",
                                                        "enabled" : true,
                                                        "content_required" : false,
                                                        "frame" : {
                                                          "x" : 100,
                                                          "height" : 35.666666666666629,
                                                          "width" : 30,
                                                          "y" : 797
                                                        },
                                                        "subrole" : null,
                                                        "AXValue" : null,
                                                        "AXUniqueId" : "figure.climbing",
                                                        "AXLabel" : "figure.climbing",
                                                        "custom_actions" : [

                                                        ],
                                                        "help" : null,
                                                        "traits" : [

                                                        ]
                                                      }
                                                    ]
                                                  },
                                                  {
                                                    "content_required" : false,
                                                    "help" : null,
                                                    "enabled" : true,
                                                    "title" : null,
                                                    "AXUniqueId" : "list.bullet.rectangle.portrait.fill",
                                                    "subrole" : "AXTabButton",
                                                    "frame" : {
                                                      "x" : 154,
                                                      "height" : 54,
                                                      "width" : 94,
                                                      "y" : 795
                                                    },
                                                    "custom_actions" : [

                                                    ],
                                                    "AXFrame" : "{{154, 795}, {94, 54}}",
                                                    "children" : [
                                                      {
                                                        "frame" : {
                                                          "x" : 188,
                                                          "height" : 28.666666666666629,
                                                          "width" : 25.333333333333343,
                                                          "y" : 800.66666666666663
                                                        },
                                                        "role" : "AXImage",
                                                        "enabled" : true,
                                                        "title" : null,
                                                        "AXUniqueId" : "list.bullet.rectangle.portrait.fill",
                                                        "pid" : 3090,
                                                        "AXLabel" : "list.bullet.rectangle.portrait.fill",
                                                        "children" : [

                                                        ],
                                                        "AXValue" : null,
                                                        "content_required" : false,
                                                        "type" : "Image",
                                                        "AXFrame" : "{{188, 800.66666666666663}, {25.333333333333343, 28.666666666666629}}",
                                                        "custom_actions" : [

                                                        ],
                                                        "role_description" : "image",
                                                        "help" : null,
                                                        "subrole" : null,
                                                        "traits" : [

                                                        ]
                                                      }
                                                    ],
                                                    "pid" : 3090,
                                                    "role_description" : "tab",
                                                    "AXLabel" : "Plans",
                                                    "traits" : [

                                                    ],
                                                    "AXValue" : 0,
                                                    "type" : "RadioButton",
                                                    "role" : "AXRadioButton"
                                                  },
                                                  {
                                                    "role" : "AXRadioButton",
                                                    "AXFrame" : "{{240, 795}, {94, 54}}",
                                                    "subrole" : "AXTabButton",
                                                    "custom_actions" : [

                                                    ],
                                                    "content_required" : false,
                                                    "AXValue" : 0,
                                                    "frame" : {
                                                      "x" : 240,
                                                      "height" : 54,
                                                      "width" : 94,
                                                      "y" : 795
                                                    },
                                                    "enabled" : true,
                                                    "type" : "RadioButton",
                                                    "help" : null,
                                                    "title" : null,
                                                    "traits" : [

                                                    ],
                                                    "pid" : 3090,
                                                    "children" : [
                                                      {
                                                        "role_description" : "image",
                                                        "subrole" : null,
                                                        "pid" : 3090,
                                                        "AXLabel" : "clock.arrow.trianglehead.counterclockwise.rotate.90",
                                                        "children" : [

                                                        ],
                                                        "AXValue" : null,
                                                        "role" : "AXImage",
                                                        "type" : "Image",
                                                        "help" : null,
                                                        "frame" : {
                                                          "x" : 272.66666666666663,
                                                          "height" : 27.333333333333371,
                                                          "y" : 801.33333333333337,
                                                          "width" : 27.666666666666686
                                                        },
                                                        "custom_actions" : [

                                                        ],
                                                        "content_required" : false,
                                                        "AXFrame" : "{{272.66666666666663, 801.33333333333337}, {27.666666666666686, 27.333333333333371}}",
                                                        "AXUniqueId" : "clock.arrow.trianglehead.counterclockwise.rotate.90",
                                                        "title" : null,
                                                        "enabled" : true,
                                                        "traits" : [

                                                        ]
                                                      }
                                                    ],
                                                    "AXLabel" : "History",
                                                    "AXUniqueId" : "clock.arrow.circlepath",
                                                    "role_description" : "tab"
                                                  }
                                                ],
                                                "type" : "Group",
                                                "enabled" : true,
                                                "content_required" : false,
                                                "help" : null
                                              },
                                              {
                                                "AXFrame" : "{{68, 795}, {94, 54}}",
                                                "traits" : [

                                                ],
                                                "role_description" : "group",
                                                "frame" : {
                                                  "x" : 68,
                                                  "height" : 54,
                                                  "y" : 795,
                                                  "width" : 94
                                                },
                                                "title" : null,
                                                "subrole" : null,
                                                "AXValue" : null,
                                                "enabled" : true,
                                                "content_required" : false,
                                                "pid" : 3090,
                                                "role" : "AXGroup",
                                                "custom_actions" : [

                                                ],
                                                "children" : [
                                                  {
                                                    "custom_actions" : [

                                                    ],
                                                    "title" : null,
                                                    "content_required" : false,
                                                    "type" : "Group",
                                                    "role" : "AXGroup",
                                                    "role_description" : "group",
                                                    "AXValue" : null,
                                                    "AXUniqueId" : null,
                                                    "pid" : 3090,
                                                    "enabled" : true,
                                                    "AXLabel" : null,
                                                    "children" : [
                                                      {
                                                        "subrole" : null,
                                                        "help" : null,
                                                        "pid" : 3090,
                                                        "role_description" : "group",
                                                        "frame" : {
                                                          "x" : 68,
                                                          "height" : 54,
                                                          "width" : 94,
                                                          "y" : 795
                                                        },
                                                        "AXFrame" : "{{68, 795}, {94, 54}}",
                                                        "children" : [

                                                        ],
                                                        "traits" : [

                                                        ],
                                                        "AXLabel" : null,
                                                        "custom_actions" : [

                                                        ],
                                                        "role" : "AXGroup",
                                                        "type" : "Group",
                                                        "enabled" : true,
                                                        "AXValue" : null,
                                                        "AXUniqueId" : null,
                                                        "content_required" : false,
                                                        "title" : null
                                                      },
                                                      {
                                                        "subrole" : null,
                                                        "AXFrame" : "{{68, 795}, {94, 54}}",
                                                        "enabled" : true,
                                                        "role_description" : "group",
                                                        "children" : [
                                                          {
                                                            "children" : [
                                                              {
                                                                "type" : "Group",
                                                                "help" : null,
                                                                "AXFrame" : "{{68, 795}, {94, 54}}",
                                                                "content_required" : false,
                                                                "frame" : {
                                                                  "x" : 68,
                                                                  "height" : 54,
                                                                  "width" : 94,
                                                                  "y" : 795
                                                                },
                                                                "AXValue" : null,
                                                                "role" : "AXGroup",
                                                                "AXUniqueId" : null,
                                                                "enabled" : true,
                                                                "role_description" : "group",
                                                                "subrole" : null,
                                                                "children" : [
                                                                  {
                                                                    "traits" : [

                                                                    ],
                                                                    "AXUniqueId" : null,
                                                                    "pid" : 3090,
                                                                    "AXLabel" : null,
                                                                    "enabled" : true,
                                                                    "role" : "AXGroup",
                                                                    "frame" : {
                                                                      "x" : 68,
                                                                      "height" : 54,
                                                                      "width" : 94,
                                                                      "y" : 795
                                                                    },
                                                                    "AXValue" : null,
                                                                    "help" : null,
                                                                    "role_description" : "group",
                                                                    "subrole" : null,
                                                                    "type" : "Group",
                                                                    "children" : [

                                                                    ],
                                                                    "title" : null,
                                                                    "content_required" : false,
                                                                    "custom_actions" : [

                                                                    ],
                                                                    "AXFrame" : "{{68, 795}, {94, 54}}"
                                                                  }
                                                                ],
                                                                "traits" : [

                                                                ],
                                                                "title" : null,
                                                                "AXLabel" : null,
                                                                "custom_actions" : [

                                                                ],
                                                                "pid" : 3090
                                                              },
                                                              {
                                                                "role" : "AXGroup",
                                                                "content_required" : false,
                                                                "role_description" : "group",
                                                                "subrole" : null,
                                                                "frame" : {
                                                                  "x" : 68,
                                                                  "height" : 54,
                                                                  "width" : 94,
                                                                  "y" : 795
                                                                },
                                                                "AXLabel" : null,
                                                                "help" : null,
                                                                "custom_actions" : [

                                                                ],
                                                                "AXFrame" : "{{68, 795}, {94, 54}}",
                                                                "type" : "Group",
                                                                "title" : null,
                                                                "children" : [

                                                                ],
                                                                "AXUniqueId" : null,
                                                                "AXValue" : null,
                                                                "enabled" : true,
                                                                "traits" : [

                                                                ],
                                                                "pid" : 3090
                                                              }
                                                            ],
                                                            "frame" : {
                                                              "x" : 68,
                                                              "height" : 54,
                                                              "width" : 94,
                                                              "y" : 795
                                                            },
                                                            "subrole" : null,
                                                            "role_description" : "group",
                                                            "enabled" : true,
                                                            "AXLabel" : null,
                                                            "type" : "Group",
                                                            "custom_actions" : [

                                                            ],
                                                            "content_required" : false,
                                                            "AXUniqueId" : null,
                                                            "traits" : [

                                                            ],
                                                            "AXValue" : null,
                                                            "help" : null,
                                                            "role" : "AXGroup",
                                                            "title" : null,
                                                            "AXFrame" : "{{68, 795}, {94, 54}}",
                                                            "pid" : 3090
                                                          },
                                                          {
                                                            "subrole" : null,
                                                            "AXLabel" : null,
                                                            "title" : null,
                                                            "enabled" : true,
                                                            "role_description" : "group",
                                                            "role" : "AXGroup",
                                                            "children" : [

                                                            ],
                                                            "custom_actions" : [

                                                            ],
                                                            "AXValue" : null,
                                                            "type" : "Group",
                                                            "pid" : 3090,
                                                            "help" : null,
                                                            "AXFrame" : "{{68, 795}, {94, 54}}",
                                                            "content_required" : false,
                                                            "traits" : [

                                                            ],
                                                            "frame" : {
                                                              "x" : 68,
                                                              "height" : 54,
                                                              "width" : 94,
                                                              "y" : 795
                                                            },
                                                            "AXUniqueId" : null
                                                          }
                                                        ],
                                                        "role" : "AXGroup",
                                                        "traits" : [

                                                        ],
                                                        "content_required" : false,
                                                        "AXUniqueId" : null,
                                                        "title" : null,
                                                        "custom_actions" : [

                                                        ],
                                                        "AXLabel" : null,
                                                        "type" : "Group",
                                                        "AXValue" : null,
                                                        "frame" : {
                                                          "x" : 68,
                                                          "height" : 54,
                                                          "width" : 94,
                                                          "y" : 795
                                                        },
                                                        "help" : null,
                                                        "pid" : 3090
                                                      }
                                                    ],
                                                    "traits" : [

                                                    ],
                                                    "help" : null,
                                                    "frame" : {
                                                      "x" : 68,
                                                      "height" : 54,
                                                      "y" : 795,
                                                      "width" : 94
                                                    },
                                                    "AXFrame" : "{{68, 795}, {94, 54}}",
                                                    "subrole" : null
                                                  }
                                                ],
                                                "help" : null,
                                                "type" : "Group",
                                                "AXUniqueId" : null,
                                                "AXLabel" : null
                                              }
                                            ],
                                            "role_description" : "group",
                                            "subrole" : null,
                                            "custom_actions" : [

                                            ],
                                            "AXFrame" : "{{64, 791}, {274, 62}}",
                                            "pid" : 3090,
                                            "enabled" : true,
                                            "AXLabel" : null,
                                            "AXUniqueId" : null,
                                            "type" : "Group",
                                            "frame" : {
                                              "x" : 64,
                                              "height" : 62,
                                              "y" : 791,
                                              "width" : 274
                                            },
                                            "AXValue" : null
                                          }
                                        ],
                                        "content_required" : false,
                                        "role" : "AXGroup",
                                        "AXLabel" : "Tab Bar",
                                        "enabled" : true,
                                        "type" : "Group",
                                        "frame" : {
                                          "x" : 0,
                                          "height" : 83,
                                          "y" : 791,
                                          "width" : 402
                                        },
                                        "AXFrame" : "{{0, 791}, {402, 83}}",
                                        "AXUniqueId" : null,
                                        "AXValue" : null,
                                        "help" : null,
                                        "pid" : 3090,
                                        "custom_actions" : [

                                        ],
                                        "subrole" : null,
                                        "traits" : [

                                        ]
                                      }
                                    ]
                                  },
                                  {
                                    "role" : "AXGroup",
                                    "help" : null,
                                    "title" : null,
                                    "traits" : [

                                    ],
                                    "role_description" : "group",
                                    "AXFrame" : "{{0, 791}, {402, 83}}",
                                    "pid" : 3090,
                                    "frame" : {
                                      "x" : 0,
                                      "height" : 83,
                                      "width" : 402,
                                      "y" : 791
                                    },
                                    "custom_actions" : [

                                    ],
                                    "AXUniqueId" : null,
                                    "enabled" : true,
                                    "type" : "Group",
                                    "AXLabel" : null,
                                    "subrole" : null,
                                    "content_required" : false,
                                    "children" : [
                                      {
                                        "AXFrame" : "{{0, 791}, {402, 83}}",
                                        "AXLabel" : null,
                                        "AXUniqueId" : null,
                                        "content_required" : false,
                                        "type" : "Group",
                                        "role_description" : "group",
                                        "help" : null,
                                        "custom_actions" : [

                                        ],
                                        "enabled" : true,
                                        "children" : [
                                          {
                                            "children" : [
                                              {
                                                "AXFrame" : "{{0, 791}, {402, 83}}",
                                                "subrole" : null,
                                                "pid" : 3090,
                                                "help" : null,
                                                "role" : "AXGroup",
                                                "frame" : {
                                                  "x" : 0,
                                                  "height" : 83,
                                                  "width" : 402,
                                                  "y" : 791
                                                },
                                                "content_required" : false,
                                                "enabled" : true,
                                                "AXLabel" : null,
                                                "role_description" : "group",
                                                "custom_actions" : [

                                                ],
                                                "children" : [
                                                  {
                                                    "frame" : {
                                                      "x" : 0,
                                                      "height" : 83,
                                                      "y" : 791,
                                                      "width" : 402
                                                    },
                                                    "custom_actions" : [

                                                    ],
                                                    "AXFrame" : "{{0, 791}, {402, 83}}",
                                                    "children" : [
                                                      {
                                                        "role" : "AXGroup",
                                                        "AXLabel" : null,
                                                        "frame" : {
                                                          "x" : 0,
                                                          "height" : 83,
                                                          "y" : 791,
                                                          "width" : 402
                                                        },
                                                        "custom_actions" : [

                                                        ],
                                                        "content_required" : false,
                                                        "enabled" : true,
                                                        "children" : [

                                                        ],
                                                        "subrole" : null,
                                                        "AXUniqueId" : null,
                                                        "traits" : [

                                                        ],
                                                        "type" : "Group",
                                                        "role_description" : "group",
                                                        "AXFrame" : "{{0, 791}, {402, 83}}",
                                                        "help" : null,
                                                        "title" : null,
                                                        "pid" : 3090,
                                                        "AXValue" : null
                                                      }
                                                    ],
                                                    "AXUniqueId" : null,
                                                    "role_description" : "group",
                                                    "help" : null,
                                                    "type" : "Group",
                                                    "traits" : [

                                                    ],
                                                    "role" : "AXGroup",
                                                    "AXLabel" : null,
                                                    "pid" : 3090,
                                                    "title" : null,
                                                    "AXValue" : null,
                                                    "enabled" : true,
                                                    "content_required" : false,
                                                    "subrole" : null
                                                  }
                                                ],
                                                "traits" : [

                                                ],
                                                "AXUniqueId" : null,
                                                "title" : null,
                                                "AXValue" : null,
                                                "type" : "Group"
                                              },
                                              {
                                                "traits" : [

                                                ],
                                                "role_description" : "group",
                                                "enabled" : true,
                                                "role" : "AXGroup",
                                                "children" : [
                                                  {
                                                    "traits" : [

                                                    ],
                                                    "role" : "AXGroup",
                                                    "role_description" : "group",
                                                    "custom_actions" : [

                                                    ],
                                                    "enabled" : true,
                                                    "subrole" : null,
                                                    "content_required" : false,
                                                    "AXValue" : null,
                                                    "type" : "Group",
                                                    "frame" : {
                                                      "x" : 0,
                                                      "height" : 83,
                                                      "y" : 791,
                                                      "width" : 402
                                                    },
                                                    "help" : null,
                                                    "AXLabel" : null,
                                                    "AXFrame" : "{{0, 791}, {402, 83}}",
                                                    "AXUniqueId" : null,
                                                    "title" : null,
                                                    "pid" : 3090,
                                                    "children" : [

                                                    ]
                                                  }
                                                ],
                                                "subrole" : null,
                                                "title" : null,
                                                "content_required" : false,
                                                "help" : null,
                                                "type" : "Group",
                                                "AXLabel" : null,
                                                "custom_actions" : [

                                                ],
                                                "AXUniqueId" : null,
                                                "pid" : 3090,
                                                "AXValue" : null,
                                                "AXFrame" : "{{0, 791}, {402, 83}}",
                                                "frame" : {
                                                  "x" : 0,
                                                  "height" : 83,
                                                  "width" : 402,
                                                  "y" : 791
                                                }
                                              }
                                            ],
                                            "pid" : 3090,
                                            "traits" : [

                                            ],
                                            "AXValue" : null,
                                            "AXUniqueId" : null,
                                            "content_required" : false,
                                            "type" : "Group",
                                            "AXLabel" : null,
                                            "frame" : {
                                              "x" : 0,
                                              "height" : 83,
                                              "y" : 791,
                                              "width" : 402
                                            },
                                            "enabled" : true,
                                            "subrole" : null,
                                            "title" : null,
                                            "role_description" : "group",
                                            "custom_actions" : [

                                            ],
                                            "role" : "AXGroup",
                                            "AXFrame" : "{{0, 791}, {402, 83}}",
                                            "help" : null
                                          }
                                        ],
                                        "subrole" : null,
                                        "frame" : {
                                          "x" : 0,
                                          "height" : 83,
                                          "width" : 402,
                                          "y" : 791
                                        },
                                        "role" : "AXGroup",
                                        "title" : null,
                                        "pid" : 3090,
                                        "AXValue" : null,
                                        "traits" : [

                                        ]
                                      }
                                    ],
                                    "AXValue" : null
                                  }
                                ],
                                "traits" : [

                                ],
                                "AXUniqueId" : null
                              }
                            ],
                            "enabled" : true,
                            "AXUniqueId" : null,
                            "content_required" : false,
                            "role" : "AXGroup"
                          }
                        ],
                        "enabled" : true,
                        "title" : null,
                        "role_description" : "group",
                        "AXUniqueId" : null,
                        "frame" : {
                          "x" : 0,
                          "height" : 874,
                          "y" : 0,
                          "width" : 402
                        },
                        "AXLabel" : null,
                        "role" : "AXGroup",
                        "content_required" : false,
                        "AXFrame" : "{{0, 0}, {402, 874}}"
                      }
                    ],
                    "subrole" : null,
                    "AXValue" : null,
                    "AXLabel" : null,
                    "content_required" : false,
                    "type" : "Group",
                    "frame" : {
                      "x" : 0,
                      "height" : 874,
                      "width" : 402,
                      "y" : 0
                    },
                    "pid" : 3090
                  }
                ],
                "subrole" : null,
                "content_required" : false,
                "enabled" : true,
                "frame" : {
                  "x" : 0,
                  "height" : 874,
                  "y" : 0,
                  "width" : 402
                },
                "custom_actions" : [

                ],
                "help" : null,
                "title" : null,
                "AXUniqueId" : null,
                "pid" : 3090,
                "AXValue" : null,
                "traits" : [

                ],
                "AXLabel" : null,
                "role_description" : "group",
                "type" : "Group",
                "role" : "AXGroup",
                "AXFrame" : "{{0, 0}, {402, 874}}"
              }
            ],
            "subrole" : null,
            "enabled" : true,
            "AXFrame" : "{{0, 0}, {402, 874}}",
            "AXUniqueId" : null,
            "AXLabel" : null,
            "type" : "Group",
            "frame" : {
              "x" : 0,
              "height" : 874,
              "y" : 0,
              "width" : 402
            },
            "traits" : [

            ]
          }
        ],
        "help" : null,
        "content_required" : false,
        "title" : null,
        "AXLabel" : null,
        "role" : "AXGroup",
        "enabled" : true,
        "type" : "Group",
        "custom_actions" : [

        ],
        "AXFrame" : "{{0, 0}, {402, 874}}",
        "frame" : {
          "x" : 0,
          "height" : 874,
          "width" : 402,
          "y" : 0
        },
        "subrole" : null,
        "traits" : [

        ],
        "AXUniqueId" : null
      }
    ],
    "AXUniqueId" : null,
    "help" : null,
    "AXLabel" : "Hang Ten",
    "frame" : {
      "x" : 0,
      "height" : 874,
      "width" : 402,
      "y" : 0
    },
    "AXFrame" : "{{0, 0}, {402, 874}}",
    "subrole" : null,
    "content_required" : false,
    "AXValue" : null,
    "type" : "Application",
    "enabled" : true,
    "pid" : 3090,
    "role_description" : "application",
    "role" : "AXApplication"
  }
]
