[
  {
    "type" : "Application",
    "AXFrame" : "{{0, 0}, {402, 874}}",
    "AXLabel" : "Hang Ten",
    "help" : null,
    "custom_actions" : [

    ],
    "subrole" : null,
    "children" : [
      {
        "AXUniqueId" : null,
        "title" : null,
        "custom_actions" : [

        ],
        "role_description" : "group",
        "type" : "Group",
        "content_required" : false,
        "AXLabel" : null,
        "AXValue" : null,
        "AXFrame" : "{{0, 0}, {402, 874}}",
        "help" : null,
        "enabled" : true,
        "pid" : 9595,
        "children" : [
          {
            "AXValue" : null,
            "AXLabel" : null,
            "enabled" : true,
            "type" : "Group",
            "role_description" : "group",
            "content_required" : false,
            "role" : "AXGroup",
            "help" : null,
            "title" : null,
            "subrole" : null,
            "custom_actions" : [

            ],
            "children" : [
              {
                "role" : "AXGroup",
                "pid" : 9595,
                "AXFrame" : "{{0, 0}, {402, 874}}",
                "title" : null,
                "enabled" : true,
                "content_required" : false,
                "type" : "Group",
                "AXUniqueId" : null,
                "subrole" : null,
                "AXValue" : null,
                "traits" : [

                ],
                "custom_actions" : [

                ],
                "children" : [
                  {
                    "AXLabel" : null,
                    "pid" : 9595,
                    "AXUniqueId" : null,
                    "enabled" : true,
                    "custom_actions" : [

                    ],
                    "subrole" : null,
                    "traits" : [

                    ],
                    "role" : "AXGroup",
                    "title" : null,
                    "type" : "Group",
                    "children" : [
                      {
                        "AXLabel" : null,
                        "role" : "AXGroup",
                        "role_description" : "group",
                        "enabled" : true,
                        "subrole" : null,
                        "content_required" : false,
                        "children" : [
                          {
                            "frame" : {
                              "height" : 874,
                              "width" : 402,
                              "x" : 0,
                              "y" : 0
                            },
                            "content_required" : false,
                            "type" : "Group",
                            "AXLabel" : null,
                            "role_description" : "group",
                            "AXFrame" : "{{0, 0}, {402, 874}}",
                            "custom_actions" : [

                            ],
                            "enabled" : true,
                            "title" : null,
                            "subrole" : null,
                            "pid" : 9595,
                            "children" : [
                              {
                                "role" : "AXGroup",
                                "AXValue" : null,
                                "pid" : 9595,
                                "traits" : [

                                ],
                                "AXUniqueId" : null,
                                "title" : null,
                                "role_description" : "group",
                                "help" : null,
                                "enabled" : true,
                                "type" : "Group",
                                "AXLabel" : null,
                                "AXFrame" : "{{0, 0}, {402, 874}}",
                                "custom_actions" : [

                                ],
                                "frame" : {
                                  "height" : 874,
                                  "width" : 402,
                                  "x" : 0,
                                  "y" : 0
                                },
                                "subrole" : null,
                                "children" : [
                                  {
                                    "enabled" : true,
                                    "AXUniqueId" : null,
                                    "traits" : [

                                    ],
                                    "frame" : {
                                      "height" : 874,
                                      "width" : 402,
                                      "x" : 0,
                                      "y" : 0
                                    },
                                    "type" : "Group",
                                    "role" : "AXGroup",
                                    "AXLabel" : null,
                                    "title" : null,
                                    "help" : null,
                                    "pid" : 9595,
                                    "content_required" : false,
                                    "AXValue" : null,
                                    "custom_actions" : [

                                    ],
                                    "children" : [
                                      {
                                        "help" : null,
                                        "subrole" : null,
                                        "custom_actions" : [

                                        ],
                                        "role_description" : "group",
                                        "title" : null,
                                        "role" : "AXGroup",
                                        "frame" : {
                                          "height" : 874,
                                          "width" : 402,
                                          "x" : 0,
                                          "y" : 0
                                        },
                                        "enabled" : true,
                                        "AXFrame" : "{{0, 0}, {402, 874}}",
                                        "pid" : 9595,
                                        "content_required" : false,
                                        "AXValue" : null,
                                        "AXLabel" : null,
                                        "type" : "Group",
                                        "AXUniqueId" : null,
                                        "children" : [
                                          {
                                            "AXFrame" : "{{0, 0}, {402, 874}}",
                                            "role_description" : "group",
                                            "subrole" : null,
                                            "role" : "AXGroup",
                                            "frame" : {
                                              "height" : 874,
                                              "width" : 402,
                                              "x" : 0,
                                              "y" : 0
                                            },
                                            "title" : null,
                                            "type" : "Group",
                                            "help" : null,
                                            "children" : [
                                              {
                                                "help" : null,
                                                "children" : [
                                                  {
                                                    "enabled" : true,
                                                    "role" : "AXGroup",
                                                    "subrole" : null,
                                                    "content_required" : false,
                                                    "type" : "Group",
                                                    "children" : [
                                                      {
                                                        "title" : null,
                                                        "AXUniqueId" : "Hold specs",
                                                        "enabled" : true,
                                                        "AXFrame" : "{{0, 62}, {402, 54}}",
                                                        "type" : "Group",
                                                        "traits" : [

                                                        ],
                                                        "children" : [
                                                          {
                                                            "subrole" : null,
                                                            "role_description" : "back button",
                                                            "pid" : 9595,
                                                            "AXUniqueId" : "BackButton",
                                                            "children" : [

                                                            ],
                                                            "content_required" : false,
                                                            "type" : "Button",
                                                            "custom_actions" : [

                                                            ],
                                                            "AXValue" : null,
                                                            "AXFrame" : "{{16, 62}, {44, 44}}",
                                                            "title" : null,
                                                            "traits" : [

                                                            ],
                                                            "help" : null,
                                                            "role" : "AXButton",
                                                            "AXLabel" : "Train",
                                                            "frame" : {
                                                              "height" : 44,
                                                              "width" : 44,
                                                              "x" : 16,
                                                              "y" : 62
                                                            },
                                                            "enabled" : true
                                                          },
                                                          {
                                                            "custom_actions" : [

                                                            ],
                                                            "title" : null,
                                                            "children" : [

                                                            ],
                                                            "help" : null,
                                                            "role_description" : "heading",
                                                            "subrole" : null,
                                                            "AXFrame" : "{{156.66666666666666, 73.666666666666657}, {88.666666666666657, 20.666666666666671}}",
                                                            "AXValue" : null,
                                                            "content_required" : false,
                                                            "role" : "AXHeading",
                                                            "traits" : [

                                                            ],
                                                            "frame" : {
                                                              "height" : 20.666666666666671,
                                                              "width" : 88.666666666666657,
                                                              "x" : 156.66666666666666,
                                                              "y" : 73.666666666666657
                                                            },
                                                            "type" : "Heading",
                                                            "AXLabel" : "Hold specs",
                                                            "enabled" : true,
                                                            "pid" : 9595,
                                                            "AXUniqueId" : null
                                                          },
                                                          {
                                                            "title" : null,
                                                            "children" : [
                                                              {
                                                                "AXValue" : null,
                                                                "content_required" : false,
                                                                "custom_actions" : [

                                                                ],
                                                                "pid" : 9595,
                                                                "help" : null,
                                                                "type" : "Group",
                                                                "title" : null,
                                                                "children" : [
                                                                  {
                                                                    "subrole" : null,
                                                                    "custom_actions" : [

                                                                    ],
                                                                    "role_description" : "button",
                                                                    "children" : [

                                                                    ],
                                                                    "frame" : {
                                                                      "height" : 36,
                                                                      "width" : 33.333333333333314,
                                                                      "x" : 347.33333333333331,
                                                                      "y" : 66
                                                                    },
                                                                    "AXUniqueId" : "boardDetail.reportProblem",
                                                                    "traits" : [

                                                                    ],
                                                                    "type" : "Button",
                                                                    "enabled" : true,
                                                                    "content_required" : false,
                                                                    "AXFrame" : "{{347.33333333333331, 66}, {33.333333333333314, 36}}",
                                                                    "help" : null,
                                                                    "AXLabel" : "Report a problem",
                                                                    "role" : "AXButton",
                                                                    "pid" : 9595,
                                                                    "title" : null,
                                                                    "AXValue" : null
                                                                  }
                                                                ],
                                                                "AXFrame" : "{{346, 66}, {36, 36}}",
                                                                "frame" : {
                                                                  "height" : 36,
                                                                  "width" : 36,
                                                                  "x" : 346,
                                                                  "y" : 66
                                                                },
                                                                "enabled" : true,
                                                                "role" : "AXGroup",
                                                                "role_description" : "group",
                                                                "subrole" : null,
                                                                "AXLabel" : null,
                                                                "AXUniqueId" : null,
                                                                "traits" : [

                                                                ]
                                                              }
                                                            ],
                                                            "AXFrame" : "{{346, 66}, {36, 36}}",
                                                            "frame" : {
                                                              "height" : 36,
                                                              "width" : 36,
                                                              "x" : 346,
                                                              "y" : 66
                                                            },
                                                            "role" : "AXGroup",
                                                            "subrole" : null,
                                                            "AXLabel" : "Report a problem",
                                                            "AXValue" : null,
                                                            "help" : null,
                                                            "role_description" : "group",
                                                            "AXUniqueId" : "boardDetail.reportProblem",
                                                            "enabled" : true,
                                                            "content_required" : false,
                                                            "traits" : [

                                                            ],
                                                            "type" : "Group",
                                                            "custom_actions" : [

                                                            ],
                                                            "pid" : 9595
                                                          }
                                                        ],
                                                        "role" : "AXGroup",
                                                        "AXLabel" : null,
                                                        "content_required" : false,
                                                        "subrole" : null,
                                                        "custom_actions" : [

                                                        ],
                                                        "AXValue" : null,
                                                        "frame" : {
                                                          "height" : 54,
                                                          "width" : 402,
                                                          "x" : 0,
                                                          "y" : 62
                                                        },
                                                        "help" : null,
                                                        "role_description" : "Nav bar",
                                                        "pid" : 9595
                                                      },
                                                      {
                                                        "AXFrame" : "{{0, 0}, {402, 874}}",
                                                        "help" : null,
                                                        "frame" : {
                                                          "height" : 874,
                                                          "width" : 402,
                                                          "x" : 0,
                                                          "y" : 0
                                                        },
                                                        "traits" : [

                                                        ],
                                                        "pid" : 9595,
                                                        "children" : [
                                                          {
                                                            "AXFrame" : "{{0, 0}, {402, 874}}",
                                                            "AXUniqueId" : null,
                                                            "role_description" : "group",
                                                            "type" : "Group",
                                                            "role" : "AXGroup",
                                                            "AXLabel" : null,
                                                            "title" : null,
                                                            "frame" : {
                                                              "height" : 874,
                                                              "width" : 402,
                                                              "x" : 0,
                                                              "y" : 0
                                                            },
                                                            "pid" : 9595,
                                                            "subrole" : null,
                                                            "AXValue" : null,
                                                            "children" : [
                                                              {
                                                                "role_description" : "group",
                                                                "children" : [
                                                                  {
                                                                    "AXValue" : null,
                                                                    "help" : null,
                                                                    "AXUniqueId" : null,
                                                                    "enabled" : true,
                                                                    "AXFrame" : "{{0, 0}, {402, 874}}",
                                                                    "role" : "AXGroup",
                                                                    "role_description" : "group",
                                                                    "traits" : [

                                                                    ],
                                                                    "title" : null,
                                                                    "AXLabel" : null,
                                                                    "subrole" : null,
                                                                    "type" : "Group",
                                                                    "children" : [
                                                                      {
                                                                        "children" : [
                                                                          {
                                                                            "title" : null,
                                                                            "AXFrame" : "{{0, 0}, {402, 874}}",
                                                                            "type" : "Group",
                                                                            "AXValue" : null,
                                                                            "custom_actions" : [

                                                                            ],
                                                                            "frame" : {
                                                                              "height" : 874,
                                                                              "width" : 402,
                                                                              "x" : 0,
                                                                              "y" : 0
                                                                            },
                                                                            "help" : null,
                                                                            "subrole" : null,
                                                                            "role_description" : "group",
                                                                            "pid" : 9595,
                                                                            "children" : [
                                                                              {
                                                                                "type" : "Group",
                                                                                "AXFrame" : "{{0, 0}, {402, 170.80000000000001}}",
                                                                                "role" : "AXGroup",
                                                                                "title" : null,
                                                                                "frame" : {
                                                                                  "height" : 170.80000000000001,
                                                                                  "width" : 402,
                                                                                  "x" : 0,
                                                                                  "y" : 0
                                                                                },
                                                                                "subrole" : null,
                                                                                "traits" : [

                                                                                ],
                                                                                "AXUniqueId" : null,
                                                                                "children" : [

                                                                                ],
                                                                                "content_required" : false,
                                                                                "custom_actions" : [

                                                                                ],
                                                                                "AXLabel" : null,
                                                                                "enabled" : true,
                                                                                "pid" : 9595,
                                                                                "help" : null,
                                                                                "role_description" : "group",
                                                                                "AXValue" : null
                                                                              },
                                                                              {
                                                                                "AXUniqueId" : null,
                                                                                "traits" : [

                                                                                ],
                                                                                "AXValue" : null,
                                                                                "subrole" : null,
                                                                                "children" : [

                                                                                ],
                                                                                "AXLabel" : null,
                                                                                "role" : "AXGroup",
                                                                                "frame" : {
                                                                                  "height" : 147.79999999999995,
                                                                                  "width" : 402,
                                                                                  "x" : 0,
                                                                                  "y" : 726.20000000000005
                                                                                },
                                                                                "enabled" : true,
                                                                                "title" : null,
                                                                                "help" : null,
                                                                                "type" : "Group",
                                                                                "AXFrame" : "{{0, 726.20000000000005}, {402, 147.79999999999995}}",
                                                                                "pid" : 9595,
                                                                                "role_description" : "group",
                                                                                "custom_actions" : [

                                                                                ],
                                                                                "content_required" : false
                                                                              }
                                                                            ],
                                                                            "role" : "AXGroup",
                                                                            "content_required" : false,
                                                                            "AXUniqueId" : null,
                                                                            "enabled" : true,
                                                                            "traits" : [

                                                                            ],
                                                                            "AXLabel" : null
                                                                          },
                                                                          {
                                                                            "content_required" : false,
                                                                            "role" : "AXGroup",
                                                                            "role_description" : "group",
                                                                            "AXValue" : null,
                                                                            "help" : null,
                                                                            "enabled" : true,
                                                                            "subrole" : null,
                                                                            "title" : null,
                                                                            "traits" : [

                                                                            ],
                                                                            "frame" : {
                                                                              "height" : 874,
                                                                              "width" : 402,
                                                                              "x" : 0,
                                                                              "y" : 0
                                                                            },
                                                                            "AXUniqueId" : null,
                                                                            "children" : [
                                                                              {
                                                                                "role" : "AXGroup",
                                                                                "AXValue" : null,
                                                                                "subrole" : null,
                                                                                "help" : null,
                                                                                "custom_actions" : [

                                                                                ],
                                                                                "pid" : 9595,
                                                                                "content_required" : false,
                                                                                "traits" : [

                                                                                ],
                                                                                "AXLabel" : null,
                                                                                "type" : "Group",
                                                                                "title" : null,
                                                                                "role_description" : "group",
                                                                                "AXUniqueId" : null,
                                                                                "AXFrame" : "{{0, 726.20000000000005}, {402, 147.79999999999995}}",
                                                                                "frame" : {
                                                                                  "height" : 147.79999999999995,
                                                                                  "width" : 402,
                                                                                  "x" : 0,
                                                                                  "y" : 726.20000000000005
                                                                                },
                                                                                "enabled" : true,
                                                                                "children" : [
                                                                                  {
                                                                                    "custom_actions" : [

                                                                                    ],
                                                                                    "enabled" : true,
                                                                                    "AXLabel" : null,
                                                                                    "frame" : {
                                                                                      "height" : 286,
                                                                                      "width" : 642,
                                                                                      "x" : -120,
                                                                                      "y" : 731
                                                                                    },
                                                                                    "AXFrame" : "{{-120, 731}, {642, 286}}",
                                                                                    "help" : null,
                                                                                    "role_description" : "image",
                                                                                    "AXValue" : null,
                                                                                    "role" : "AXImage",
                                                                                    "subrole" : null,
                                                                                    "children" : [

                                                                                    ],
                                                                                    "traits" : [

                                                                                    ],
                                                                                    "content_required" : false,
                                                                                    "AXUniqueId" : "AdditionalDimmingOverlay",
                                                                                    "title" : null,
                                                                                    "pid" : 9595,
                                                                                    "type" : "Image"
                                                                                  },
                                                                                  {
                                                                                    "pid" : 9595,
                                                                                    "traits" : [

                                                                                    ],
                                                                                    "content_required" : false,
                                                                                    "help" : null,
                                                                                    "AXFrame" : "{{0, 726.20000000000005}, {402, 147.79999999999995}}",
                                                                                    "role" : "AXGroup",
                                                                                    "title" : null,
                                                                                    "AXUniqueId" : null,
                                                                                    "AXLabel" : null,
                                                                                    "AXValue" : null,
                                                                                    "subrole" : null,
                                                                                    "frame" : {
                                                                                      "height" : 147.79999999999995,
                                                                                      "width" : 402,
                                                                                      "x" : 0,
                                                                                      "y" : 726.20000000000005
                                                                                    },
                                                                                    "children" : [
                                                                                      {
                                                                                        "AXLabel" : null,
                                                                                        "children" : [

                                                                                        ],
                                                                                        "role_description" : "group",
                                                                                        "traits" : [

                                                                                        ],
                                                                                        "pid" : 9595,
                                                                                        "content_required" : false,
                                                                                        "AXFrame" : "{{0, 726.20000000000005}, {402, 147.79999999999995}}",
                                                                                        "type" : "Group",
                                                                                        "help" : null,
                                                                                        "AXUniqueId" : null,
                                                                                        "custom_actions" : [

                                                                                        ],
                                                                                        "enabled" : true,
                                                                                        "subrole" : null,
                                                                                        "title" : null,
                                                                                        "AXValue" : null,
                                                                                        "role" : "AXGroup",
                                                                                        "frame" : {
                                                                                          "height" : 147.79999999999995,
                                                                                          "width" : 402,
                                                                                          "x" : 0,
                                                                                          "y" : 726.20000000000005
                                                                                        }
                                                                                      }
                                                                                    ],
                                                                                    "role_description" : "group",
                                                                                    "type" : "Group",
                                                                                    "custom_actions" : [

                                                                                    ],
                                                                                    "enabled" : true
                                                                                  },
                                                                                  {
                                                                                    "subrole" : null,
                                                                                    "type" : "Group",
                                                                                    "children" : [
                                                                                      {
                                                                                        "help" : null,
                                                                                        "custom_actions" : [

                                                                                        ],
                                                                                        "AXUniqueId" : null,
                                                                                        "AXLabel" : null,
                                                                                        "title" : null,
                                                                                        "frame" : {
                                                                                          "height" : 147.79999999999995,
                                                                                          "width" : 402,
                                                                                          "x" : 0,
                                                                                          "y" : 726.20000000000005
                                                                                        },
                                                                                        "children" : [

                                                                                        ],
                                                                                        "AXValue" : null,
                                                                                        "content_required" : false,
                                                                                        "type" : "Group",
                                                                                        "subrole" : null,
                                                                                        "enabled" : true,
                                                                                        "role_description" : "group",
                                                                                        "AXFrame" : "{{0, 726.20000000000005}, {402, 147.79999999999995}}",
                                                                                        "traits" : [

                                                                                        ],
                                                                                        "role" : "AXGroup",
                                                                                        "pid" : 9595
                                                                                      },
                                                                                      {
                                                                                        "traits" : [

                                                                                        ],
                                                                                        "enabled" : true,
                                                                                        "children" : [

                                                                                        ],
                                                                                        "subrole" : null,
                                                                                        "content_required" : false,
                                                                                        "type" : "Group",
                                                                                        "pid" : 9595,
                                                                                        "custom_actions" : [

                                                                                        ],
                                                                                        "AXFrame" : "{{0, 726.20000000000005}, {402, 147.79999999999995}}",
                                                                                        "role_description" : "group",
                                                                                        "AXValue" : null,
                                                                                        "AXLabel" : null,
                                                                                        "AXUniqueId" : null,
                                                                                        "frame" : {
                                                                                          "height" : 147.79999999999995,
                                                                                          "width" : 402,
                                                                                          "x" : 0,
                                                                                          "y" : 726.20000000000005
                                                                                        },
                                                                                        "help" : null,
                                                                                        "title" : null,
                                                                                        "role" : "AXGroup"
                                                                                      }
                                                                                    ],
                                                                                    "traits" : [

                                                                                    ],
                                                                                    "role_description" : "group",
                                                                                    "AXValue" : null,
                                                                                    "pid" : 9595,
                                                                                    "content_required" : false,
                                                                                    "title" : null,
                                                                                    "custom_actions" : [

                                                                                    ],
                                                                                    "AXFrame" : "{{0, 726.20000000000005}, {402, 147.79999999999995}}",
                                                                                    "frame" : {
                                                                                      "height" : 147.79999999999995,
                                                                                      "width" : 402,
                                                                                      "x" : 0,
                                                                                      "y" : 726.20000000000005
                                                                                    },
                                                                                    "enabled" : true,
                                                                                    "AXLabel" : null,
                                                                                    "AXUniqueId" : null,
                                                                                    "role" : "AXGroup",
                                                                                    "help" : null
                                                                                  }
                                                                                ]
                                                                              }
                                                                            ],
                                                                            "pid" : 9595,
                                                                            "type" : "Group",
                                                                            "AXFrame" : "{{0, 0}, {402, 874}}",
                                                                            "AXLabel" : null,
                                                                            "custom_actions" : [

                                                                            ]
                                                                          },
                                                                          {
                                                                            "custom_actions" : [

                                                                            ],
                                                                            "AXUniqueId" : null,
                                                                            "type" : "Group",
                                                                            "AXValue" : null,
                                                                            "pid" : 9595,
                                                                            "AXLabel" : null,
                                                                            "help" : null,
                                                                            "frame" : {
                                                                              "height" : 1044.6666666666665,
                                                                              "width" : 402,
                                                                              "x" : 0,
                                                                              "y" : 116
                                                                            },
                                                                            "enabled" : true,
                                                                            "subrole" : null,
                                                                            "title" : null,
                                                                            "children" : [
                                                                              {
                                                                                "custom_actions" : [

                                                                                ],
                                                                                "role" : "AXStaticText",
                                                                                "AXValue" : null,
                                                                                "pid" : 9595,
                                                                                "children" : [

                                                                                ],
                                                                                "AXUniqueId" : null,
                                                                                "content_required" : false,
                                                                                "type" : "StaticText",
                                                                                "AXLabel" : "ZLAGBOARD",
                                                                                "title" : null,
                                                                                "subrole" : null,
                                                                                "role_description" : "text",
                                                                                "enabled" : true,
                                                                                "AXFrame" : "{{20, 134}, {83.333333333333329, 13.333333333333343}}",
                                                                                "frame" : {
                                                                                  "height" : 13.333333333333343,
                                                                                  "width" : 83.333333333333329,
                                                                                  "x" : 20,
                                                                                  "y" : 134
                                                                                },
                                                                                "help" : null,
                                                                                "traits" : [

                                                                                ]
                                                                              },
                                                                              {
                                                                                "enabled" : true,
                                                                                "AXValue" : null,
                                                                                "pid" : 9595,
                                                                                "AXUniqueId" : null,
                                                                                "AXFrame" : "{{20, 152.33333333333331}, {236, 33.666666666666686}}",
                                                                                "type" : "StaticText",
                                                                                "custom_actions" : [

                                                                                ],
                                                                                "AXLabel" : "Zlagboard.Pro 2.0",
                                                                                "subrole" : null,
                                                                                "traits" : [

                                                                                ],
                                                                                "content_required" : false,
                                                                                "help" : null,
                                                                                "role" : "AXStaticText",
                                                                                "children" : [

                                                                                ],
                                                                                "role_description" : "text",
                                                                                "title" : null,
                                                                                "frame" : {
                                                                                  "height" : 33.666666666666686,
                                                                                  "width" : 236,
                                                                                  "x" : 20,
                                                                                  "y" : 152.33333333333331
                                                                                }
                                                                              },
                                                                              {
                                                                                "children" : [

                                                                                ],
                                                                                "AXLabel" : "Board renderer diagnostic",
                                                                                "content_required" : false,
                                                                                "type" : "GenericElement",
                                                                                "AXFrame" : "{{34.000000000000028, 220}, {1, 1}}",
                                                                                "traits" : [

                                                                                ],
                                                                                "help" : null,
                                                                                "role_description" : "",
                                                                                "pid" : 9595,
                                                                                "custom_actions" : [

                                                                                ],
                                                                                "role" : "AXGenericElement",
                                                                                "frame" : {
                                                                                  "height" : 1,
                                                                                  "width" : 1,
                                                                                  "x" : 34.000000000000028,
                                                                                  "y" : 220
                                                                                },
                                                                                "enabled" : true,
                                                                                "AXValue" : "revision=11;rootActive=true;cameraActive=true;sameScene=true;azimuth=0.0;elevation=-0.13962634;cameraPitch=0.19704847;cameraSettled=true;selection=edge-35-center;tapRevision=0;pickedContact=",
                                                                                "subrole" : null,
                                                                                "title" : null,
                                                                                "AXUniqueId" : "boardModel.renderDiagnostic"
                                                                              },
                                                                              {
                                                                                "help" : null,
                                                                                "role_description" : "button",
                                                                                "AXFrame" : "{{66.666666666666686, 210}, {44, 44}}",
                                                                                "title" : null,
                                                                                "frame" : {
                                                                                  "height" : 44,
                                                                                  "width" : 44,
                                                                                  "x" : 66.666666666666686,
                                                                                  "y" : 210
                                                                                },
                                                                                "AXUniqueId" : "boardModel.contact.top-jug-left",
                                                                                "enabled" : true,
                                                                                "AXLabel" : "Left top jug",
                                                                                "AXValue" : null,
                                                                                "children" : [

                                                                                ],
                                                                                "role" : "AXButton",
                                                                                "type" : "Button",
                                                                                "subrole" : null,
                                                                                "pid" : 9595,
                                                                                "traits" : [

                                                                                ],
                                                                                "content_required" : false,
                                                                                "custom_actions" : [

                                                                                ]
                                                                              },
                                                                              {
                                                                                "help" : null,
                                                                                "AXFrame" : "{{77.333333333333357, 223.33333333333331}, {44, 44}}",
                                                                                "title" : null,
                                                                                "type" : "Button",
                                                                                "enabled" : true,
                                                                                "AXValue" : null,
                                                                                "pid" : 9595,
                                                                                "traits" : [

                                                                                ],
                                                                                "role" : "AXButton",
                                                                                "subrole" : null,
                                                                                "children" : [

                                                                                ],
                                                                                "role_description" : "button",
                                                                                "frame" : {
                                                                                  "height" : 44,
                                                                                  "width" : 44,
                                                                                  "x" : 77.333333333333357,
                                                                                  "y" : 223.33333333333331
                                                                                },
                                                                                "AXUniqueId" : "boardModel.contact.edge-30-left",
                                                                                "AXLabel" : "Left 30 mm edge",
                                                                                "content_required" : false,
                                                                                "custom_actions" : [

                                                                                ]
                                                                              },
                                                                              {
                                                                                "subrole" : null,
                                                                                "enabled" : true,
                                                                                "content_required" : false,
                                                                                "AXLabel" : "Left 32-degree top sloper",
                                                                                "title" : null,
                                                                                "children" : [

                                                                                ],
                                                                                "frame" : {
                                                                                  "height" : 44,
                                                                                  "width" : 44,
                                                                                  "x" : 99.000000000000028,
                                                                                  "y" : 211.66666666666666
                                                                                },
                                                                                "AXFrame" : "{{99.000000000000028, 211.66666666666666}, {44, 44}}",
                                                                                "help" : null,
                                                                                "pid" : 9595,
                                                                                "traits" : [

                                                                                ],
                                                                                "role" : "AXButton",
                                                                                "AXValue" : null,
                                                                                "AXUniqueId" : "boardModel.contact.top-sloper-32-left",
                                                                                "role_description" : "button",
                                                                                "custom_actions" : [

                                                                                ],
                                                                                "type" : "Button"
                                                                              },
                                                                              {
                                                                                "AXUniqueId" : "boardModel.contact.sloper-edge-30-left",
                                                                                "AXLabel" : "Left 30 mm sloper edge",
                                                                                "frame" : {
                                                                                  "height" : 43.999999999999972,
                                                                                  "width" : 44,
                                                                                  "x" : 115.00000000000003,
                                                                                  "y" : 222.66666666666666
                                                                                },
                                                                                "children" : [

                                                                                ],
                                                                                "enabled" : true,
                                                                                "role_description" : "button",
                                                                                "content_required" : false,
                                                                                "traits" : [

                                                                                ],
                                                                                "role" : "AXButton",
                                                                                "type" : "Button",
                                                                                "custom_actions" : [

                                                                                ],
                                                                                "title" : null,
                                                                                "help" : null,
                                                                                "AXValue" : null,
                                                                                "subrole" : null,
                                                                                "pid" : 9595,
                                                                                "AXFrame" : "{{115.00000000000003, 222.66666666666666}, {44, 43.999999999999972}}"
                                                                              },
                                                                              {
                                                                                "frame" : {
                                                                                  "y" : 209.66666666666666,
                                                                                  "x" : 129.66666666666669,
                                                                                  "height" : 44,
                                                                                  "width" : 44
                                                                                },
                                                                                "role_description" : "button",
                                                                                "title" : null,
                                                                                "pid" : 9595,
                                                                                "custom_actions" : [

                                                                                ],
                                                                                "help" : null,
                                                                                "children" : [

                                                                                ],
                                                                                "AXUniqueId" : "boardModel.contact.top-sloper-20-left",
                                                                                "AXFrame" : "{{129.66666666666669, 209.66666666666666}, {44, 44}}",
                                                                                "AXLabel" : "Left 20-degree top sloper",
                                                                                "type" : "Button",
                                                                                "content_required" : false,
                                                                                "role" : "AXButton",
                                                                                "AXValue" : null,
                                                                                "traits" : [

                                                                                ],
                                                                                "subrole" : null,
                                                                                "enabled" : true
                                                                              },
                                                                              {
                                                                                "role" : "AXButton",
                                                                                "content_required" : false,
                                                                                "AXLabel" : "Left 25 mm sloper edge",
                                                                                "AXValue" : null,
                                                                                "custom_actions" : [

                                                                                ],
                                                                                "AXFrame" : "{{143.00000000000003, 223}, {44, 44}}",
                                                                                "children" : [

                                                                                ],
                                                                                "subrole" : null,
                                                                                "role_description" : "button",
                                                                                "help" : null,
                                                                                "traits" : [

                                                                                ],
                                                                                "enabled" : true,
                                                                                "frame" : {
                                                                                  "height" : 44,
                                                                                  "y" : 223,
                                                                                  "x" : 143.00000000000003,
                                                                                  "width" : 44
                                                                                },
                                                                                "AXUniqueId" : "boardModel.contact.sloper-edge-25-left",
                                                                                "title" : null,
                                                                                "pid" : 9595,
                                                                                "type" : "Button"
                                                                              },
                                                                              {
                                                                                "role" : "AXButton",
                                                                                "title" : null,
                                                                                "subrole" : null,
                                                                                "custom_actions" : [

                                                                                ],
                                                                                "help" : null,
                                                                                "pid" : 9595,
                                                                                "children" : [

                                                                                ],
                                                                                "type" : "Button",
                                                                                "role_description" : "button",
                                                                                "traits" : [

                                                                                ],
                                                                                "frame" : {
                                                                                  "height" : 44,
                                                                                  "y" : 208.33333333333331,
                                                                                  "x" : 179.00000000000003,
                                                                                  "width" : 44
                                                                                },
                                                                                "enabled" : true,
                                                                                "AXUniqueId" : "boardModel.contact.top-sloper-jug-center",
                                                                                "AXFrame" : "{{179.00000000000003, 208.33333333333331}, {44, 44}}",
                                                                                "AXLabel" : "Center top sloper jug",
                                                                                "content_required" : false,
                                                                                "AXValue" : null
                                                                              },
                                                                              {
                                                                                "children" : [

                                                                                ],
                                                                                "content_required" : false,
                                                                                "pid" : 9595,
                                                                                "AXLabel" : "Center 35 mm edge",
                                                                                "frame" : {
                                                                                  "y" : 223.33333333333331,
                                                                                  "x" : 179.00000000000003,
                                                                                  "height" : 44,
                                                                                  "width" : 44
                                                                                },
                                                                                "title" : null,
                                                                                "custom_actions" : [

                                                                                ],
                                                                                "role" : "AXButton",
                                                                                "role_description" : "button",
                                                                                "subrole" : null,
                                                                                "help" : null,
                                                                                "AXUniqueId" : "boardModel.contact.edge-35-center",
                                                                                "type" : "Button",
                                                                                "AXValue" : null,
                                                                                "AXFrame" : "{{179.00000000000003, 223.33333333333331}, {44, 44}}",
                                                                                "enabled" : true,
                                                                                "traits" : [

                                                                                ]
                                                                              },
                                                                              {
                                                                                "role_description" : "button",
                                                                                "type" : "Button",
                                                                                "subrole" : null,
                                                                                "traits" : [

                                                                                ],
                                                                                "AXValue" : null,
                                                                                "AXFrame" : "{{215.00000000000003, 223}, {43.999999999999972, 44}}",
                                                                                "enabled" : true,
                                                                                "pid" : 9595,
                                                                                "role" : "AXButton",
                                                                                "AXUniqueId" : "boardModel.contact.sloper-edge-25-right",
                                                                                "AXLabel" : "Right 25 mm sloper edge",
                                                                                "frame" : {
                                                                                  "height" : 44,
                                                                                  "x" : 215.00000000000003,
                                                                                  "y" : 223,
                                                                                  "width" : 43.999999999999972
                                                                                },
                                                                                "title" : null,
                                                                                "content_required" : false,
                                                                                "children" : [

                                                                                ],
                                                                                "custom_actions" : [

                                                                                ],
                                                                                "help" : null
                                                                              },
                                                                              {
                                                                                "help" : null,
                                                                                "role" : "AXButton",
                                                                                "enabled" : true,
                                                                                "AXLabel" : "Right 20-degree top sloper",
                                                                                "AXUniqueId" : "boardModel.contact.top-sloper-20-right",
                                                                                "subrole" : null,
                                                                                "custom_actions" : [

                                                                                ],
                                                                                "pid" : 9595,
                                                                                "type" : "Button",
                                                                                "title" : null,
                                                                                "AXValue" : null,
                                                                                "content_required" : false,
                                                                                "children" : [

                                                                                ],
                                                                                "AXFrame" : "{{228.33333333333334, 209.66666666666666}, {44.000000000000028, 44}}",
                                                                                "traits" : [

                                                                                ],
                                                                                "role_description" : "button",
                                                                                "frame" : {
                                                                                  "height" : 44,
                                                                                  "x" : 228.33333333333334,
                                                                                  "y" : 209.66666666666666,
                                                                                  "width" : 44.000000000000028
                                                                                }
                                                                              },
                                                                              {
                                                                                "AXFrame" : "{{243.00000000000003, 222.66666666666666}, {43.999999999999972, 43.999999999999972}}",
                                                                                "role" : "AXButton",
                                                                                "traits" : [

                                                                                ],
                                                                                "AXUniqueId" : "boardModel.contact.sloper-edge-30-right",
                                                                                "enabled" : true,
                                                                                "AXValue" : null,
                                                                                "subrole" : null,
                                                                                "children" : [

                                                                                ],
                                                                                "content_required" : false,
                                                                                "frame" : {
                                                                                  "height" : 43.999999999999972,
                                                                                  "x" : 243.00000000000003,
                                                                                  "y" : 222.66666666666666,
                                                                                  "width" : 43.999999999999972
                                                                                },
                                                                                "custom_actions" : [

                                                                                ],
                                                                                "type" : "Button",
                                                                                "AXLabel" : "Right 30 mm sloper edge",
                                                                                "title" : null,
                                                                                "pid" : 9595,
                                                                                "help" : null,
                                                                                "role_description" : "button"
                                                                              },
                                                                              {
                                                                                "content_required" : false,
                                                                                "custom_actions" : [

                                                                                ],
                                                                                "help" : null,
                                                                                "AXFrame" : "{{259, 211.66666666666666}, {44, 44}}",
                                                                                "title" : null,
                                                                                "subrole" : null,
                                                                                "pid" : 9595,
                                                                                "role_description" : "button",
                                                                                "type" : "Button",
                                                                                "enabled" : true,
                                                                                "AXValue" : null,
                                                                                "AXUniqueId" : "boardModel.contact.top-sloper-32-right",
                                                                                "traits" : [

                                                                                ],
                                                                                "role" : "AXButton",
                                                                                "frame" : {
                                                                                  "height" : 44,
                                                                                  "x" : 259,
                                                                                  "y" : 211.66666666666666,
                                                                                  "width" : 44
                                                                                },
                                                                                "children" : [

                                                                                ],
                                                                                "AXLabel" : "Right 32-degree top sloper"
                                                                              },
                                                                              {
                                                                                "AXUniqueId" : "boardModel.contact.edge-30-right",
                                                                                "AXValue" : null,
                                                                                "help" : null,
                                                                                "pid" : 9595,
                                                                                "subrole" : null,
                                                                                "role" : "AXButton",
                                                                                "AXFrame" : "{{280.66666666666663, 223.33333333333331}, {44, 44}}",
                                                                                "role_description" : "button",
                                                                                "AXLabel" : "Right 30 mm edge",
                                                                                "children" : [

                                                                                ],
                                                                                "traits" : [

                                                                                ],
                                                                                "frame" : {
                                                                                  "y" : 223.33333333333331,
                                                                                  "x" : 280.66666666666663,
                                                                                  "height" : 44,
                                                                                  "width" : 44
                                                                                },
                                                                                "title" : null,
                                                                                "custom_actions" : [

                                                                                ],
                                                                                "content_required" : false,
                                                                                "enabled" : true,
                                                                                "type" : "Button"
                                                                              },
                                                                              {
                                                                                "subrole" : null,
                                                                                "content_required" : false,
                                                                                "AXLabel" : "Right top jug",
                                                                                "help" : null,
                                                                                "traits" : [

                                                                                ],
                                                                                "children" : [

                                                                                ],
                                                                                "pid" : 9595,
                                                                                "frame" : {
                                                                                  "y" : 210,
                                                                                  "x" : 291.33333333333337,
                                                                                  "height" : 44,
                                                                                  "width" : 44
                                                                                },
                                                                                "role" : "AXButton",
                                                                                "AXValue" : null,
                                                                                "AXUniqueId" : "boardModel.contact.top-jug-right",
                                                                                "AXFrame" : "{{291.33333333333337, 210}, {44, 44}}",
                                                                                "role_description" : "button",
                                                                                "type" : "Button",
                                                                                "title" : null,
                                                                                "custom_actions" : [

                                                                                ],
                                                                                "enabled" : true
                                                                              },
                                                                              {
                                                                                "pid" : 9595,
                                                                                "frame" : {
                                                                                  "y" : 238,
                                                                                  "x" : 78.000000000000028,
                                                                                  "height" : 44,
                                                                                  "width" : 44
                                                                                },
                                                                                "content_required" : false,
                                                                                "help" : null,
                                                                                "AXLabel" : "Left 20 mm edge",
                                                                                "AXValue" : null,
                                                                                "AXFrame" : "{{78.000000000000028, 238}, {44, 44}}",
                                                                                "title" : null,
                                                                                "subrole" : null,
                                                                                "AXUniqueId" : "boardModel.contact.edge-20-left",
                                                                                "children" : [

                                                                                ],
                                                                                "traits" : [

                                                                                ],
                                                                                "role" : "AXButton",
                                                                                "type" : "Button",
                                                                                "enabled" : true,
                                                                                "custom_actions" : [

                                                                                ],
                                                                                "role_description" : "button"
                                                                              },
                                                                              {
                                                                                "AXFrame" : "{{116.00000000000003, 237.33333333333331}, {44, 44}}",
                                                                                "type" : "Button",
                                                                                "role" : "AXButton",
                                                                                "AXUniqueId" : "boardModel.contact.sloper-edge-25-lower-left",
                                                                                "frame" : {
                                                                                  "height" : 44,
                                                                                  "x" : 116.00000000000003,
                                                                                  "y" : 237.33333333333331,
                                                                                  "width" : 44
                                                                                },
                                                                                "pid" : 9595,
                                                                                "subrole" : null,
                                                                                "AXValue" : null,
                                                                                "help" : null,
                                                                                "title" : null,
                                                                                "enabled" : true,
                                                                                "children" : [

                                                                                ],
                                                                                "AXLabel" : "Lower left 25 mm sloper edge",
                                                                                "traits" : [

                                                                                ],
                                                                                "role_description" : "button",
                                                                                "custom_actions" : [

                                                                                ],
                                                                                "content_required" : false
                                                                              },
                                                                              {
                                                                                "role" : "AXButton",
                                                                                "pid" : 9595,
                                                                                "help" : null,
                                                                                "title" : null,
                                                                                "frame" : {
                                                                                  "y" : 237.66666666666666,
                                                                                  "x" : 144.00000000000003,
                                                                                  "height" : 43.999999999999972,
                                                                                  "width" : 44
                                                                                },
                                                                                "enabled" : true,
                                                                                "AXLabel" : "Inner left 30 mm edge",
                                                                                "AXUniqueId" : "boardModel.contact.edge-30-inner-left",
                                                                                "custom_actions" : [

                                                                                ],
                                                                                "AXFrame" : "{{144.00000000000003, 237.66666666666666}, {44, 43.999999999999972}}",
                                                                                "AXValue" : null,
                                                                                "subrole" : null,
                                                                                "content_required" : false,
                                                                                "children" : [

                                                                                ],
                                                                                "role_description" : "button",
                                                                                "traits" : [

                                                                                ],
                                                                                "type" : "Button"
                                                                              },
                                                                              {
                                                                                "subrole" : null,
                                                                                "role_description" : "button",
                                                                                "AXFrame" : "{{179.00000000000003, 236.66666666666666}, {44, 43.999999999999972}}",
                                                                                "role" : "AXButton",
                                                                                "content_required" : false,
                                                                                "traits" : [

                                                                                ],
                                                                                "title" : null,
                                                                                "enabled" : true,
                                                                                "help" : null,
                                                                                "pid" : 9595,
                                                                                "children" : [

                                                                                ],
                                                                                "type" : "Button",
                                                                                "custom_actions" : [

                                                                                ],
                                                                                "AXUniqueId" : "boardModel.contact.sloper-edge-30-center",
                                                                                "AXLabel" : "Center 30 mm sloper edge",
                                                                                "frame" : {
                                                                                  "height" : 43.999999999999972,
                                                                                  "x" : 179.00000000000003,
                                                                                  "y" : 236.66666666666666,
                                                                                  "width" : 44
                                                                                },
                                                                                "AXValue" : null
                                                                              },
                                                                              {
                                                                                "title" : null,
                                                                                "AXFrame" : "{{214.00000000000003, 237.66666666666666}, {43.999999999999972, 43.999999999999972}}",
                                                                                "pid" : 9595,
                                                                                "help" : null,
                                                                                "subrole" : null,
                                                                                "custom_actions" : [

                                                                                ],
                                                                                "content_required" : false,
                                                                                "role" : "AXButton",
                                                                                "traits" : [

                                                                                ],
                                                                                "children" : [

                                                                                ],
                                                                                "AXLabel" : "Inner right 30 mm edge",
                                                                                "role_description" : "button",
                                                                                "enabled" : true,
                                                                                "AXUniqueId" : "boardModel.contact.edge-30-inner-right",
                                                                                "AXValue" : null,
                                                                                "type" : "Button",
                                                                                "frame" : {
                                                                                  "height" : 43.999999999999972,
                                                                                  "x" : 214.00000000000003,
                                                                                  "y" : 237.66666666666666,
                                                                                  "width" : 43.999999999999972
                                                                                }
                                                                              },
                                                                              {
                                                                                "title" : null,
                                                                                "help" : null,
                                                                                "enabled" : true,
                                                                                "type" : "Button",
                                                                                "pid" : 9595,
                                                                                "traits" : [

                                                                                ],
                                                                                "AXUniqueId" : "boardModel.contact.sloper-edge-25-lower-right",
                                                                                "AXFrame" : "{{242.00000000000003, 237.33333333333331}, {43.999999999999972, 44}}",
                                                                                "AXValue" : null,
                                                                                "role" : "AXButton",
                                                                                "content_required" : false,
                                                                                "subrole" : null,
                                                                                "children" : [

                                                                                ],
                                                                                "AXLabel" : "Lower right 25 mm sloper edge",
                                                                                "custom_actions" : [

                                                                                ],
                                                                                "frame" : {
                                                                                  "height" : 44,
                                                                                  "y" : 237.33333333333331,
                                                                                  "x" : 242.00000000000003,
                                                                                  "width" : 43.999999999999972
                                                                                },
                                                                                "role_description" : "button"
                                                                              },
                                                                              {
                                                                                "AXFrame" : "{{280, 238}, {44, 44}}",
                                                                                "enabled" : true,
                                                                                "role_description" : "button",
                                                                                "AXUniqueId" : "boardModel.contact.edge-20-right",
                                                                                "help" : null,
                                                                                "pid" : 9595,
                                                                                "children" : [

                                                                                ],
                                                                                "traits" : [

                                                                                ],
                                                                                "custom_actions" : [

                                                                                ],
                                                                                "title" : null,
                                                                                "AXLabel" : "Right 20 mm edge",
                                                                                "AXValue" : null,
                                                                                "subrole" : null,
                                                                                "content_required" : false,
                                                                                "type" : "Button",
                                                                                "frame" : {
                                                                                  "y" : 238,
                                                                                  "x" : 280,
                                                                                  "height" : 44,
                                                                                  "width" : 44
                                                                                },
                                                                                "role" : "AXButton"
                                                                              },
                                                                              {
                                                                                "help" : null,
                                                                                "subrole" : null,
                                                                                "children" : [

                                                                                ],
                                                                                "custom_actions" : [

                                                                                ],
                                                                                "role_description" : "group",
                                                                                "enabled" : true,
                                                                                "pid" : 9595,
                                                                                "AXValue" : null,
                                                                                "traits" : [

                                                                                ],
                                                                                "role" : "AXGroup",
                                                                                "type" : "Group",
                                                                                "title" : null,
                                                                                "content_required" : false,
                                                                                "AXUniqueId" : null,
                                                                                "AXFrame" : "{{34.000000000000028, 220}, {334, 72}}",
                                                                                "frame" : {
                                                                                  "height" : 72,
                                                                                  "y" : 220,
                                                                                  "x" : 34.000000000000028,
                                                                                  "width" : 334
                                                                                },
                                                                                "AXLabel" : null
                                                                              },
                                                                              {
                                                                                "enabled" : true,
                                                                                "pid" : 9595,
                                                                                "children" : [

                                                                                ],
                                                                                "role_description" : "group",
                                                                                "help" : null,
                                                                                "AXFrame" : "{{34.000000000000028, 220}, {334, 72}}",
                                                                                "traits" : [

                                                                                ],
                                                                                "role" : "AXGroup",
                                                                                "custom_actions" : [

                                                                                ],
                                                                                "AXLabel" : null,
                                                                                "frame" : {
                                                                                  "y" : 220,
                                                                                  "x" : 34.000000000000028,
                                                                                  "height" : 72,
                                                                                  "width" : 334
                                                                                },
                                                                                "AXValue" : null,
                                                                                "AXUniqueId" : null,
                                                                                "type" : "Group",
                                                                                "title" : null,
                                                                                "content_required" : false,
                                                                                "subrole" : null
                                                                              },
                                                                              {
                                                                                "role_description" : "",
                                                                                "type" : "GenericElement",
                                                                                "custom_actions" : [

                                                                                ],
                                                                                "role" : "AXGenericElement",
                                                                                "AXUniqueId" : "boardDetail.map",
                                                                                "AXLabel" : null,
                                                                                "AXValue" : null,
                                                                                "traits" : [

                                                                                ],
                                                                                "content_required" : false,
                                                                                "pid" : 9595,
                                                                                "frame" : {
                                                                                  "y" : 220,
                                                                                  "x" : 34.000000000000028,
                                                                                  "height" : 72,
                                                                                  "width" : 334
                                                                                },
                                                                                "AXFrame" : "{{34.000000000000028, 220}, {334, 72}}",
                                                                                "title" : null,
                                                                                "subrole" : null,
                                                                                "help" : null,
                                                                                "children" : [

                                                                                ],
                                                                                "enabled" : true
                                                                              },
                                                                              {
                                                                                "help" : null,
                                                                                "subrole" : null,
                                                                                "content_required" : false,
                                                                                "role_description" : "button",
                                                                                "AXFrame" : "{{79.333333333333357, 251.66666666666666}, {44, 43.999999999999972}}",
                                                                                "AXLabel" : "Left incut 15 mm edge",
                                                                                "title" : null,
                                                                                "custom_actions" : [

                                                                                ],
                                                                                "enabled" : true,
                                                                                "role" : "AXButton",
                                                                                "type" : "Button",
                                                                                "AXValue" : null,
                                                                                "traits" : [

                                                                                ],
                                                                                "children" : [

                                                                                ],
                                                                                "frame" : {
                                                                                  "height" : 43.999999999999972,
                                                                                  "x" : 79.333333333333357,
                                                                                  "y" : 251.66666666666666,
                                                                                  "width" : 44
                                                                                },
                                                                                "pid" : 9595,
                                                                                "AXUniqueId" : "boardModel.contact.edge-incut-15-left"
                                                                              },
                                                                              {
                                                                                "AXFrame" : "{{116.33333333333336, 251.66666666666666}, {44.000000000000014, 43.999999999999972}}",
                                                                                "pid" : 9595,
                                                                                "title" : null,
                                                                                "enabled" : true,
                                                                                "AXUniqueId" : "boardModel.contact.edge-15-left",
                                                                                "frame" : {
                                                                                  "y" : 251.66666666666666,
                                                                                  "height" : 43.999999999999972,
                                                                                  "x" : 116.33333333333336,
                                                                                  "width" : 44.000000000000014
                                                                                },
                                                                                "content_required" : false,
                                                                                "traits" : [

                                                                                ],
                                                                                "subrole" : null,
                                                                                "custom_actions" : [

                                                                                ],
                                                                                "role" : "AXButton",
                                                                                "AXLabel" : "Left 15 mm edge",
                                                                                "role_description" : "button",
                                                                                "children" : [

                                                                                ],
                                                                                "help" : null,
                                                                                "type" : "Button",
                                                                                "AXValue" : null
                                                                              },
                                                                              {
                                                                                "help" : null,
                                                                                "traits" : [

                                                                                ],
                                                                                "frame" : {
                                                                                  "y" : 251,
                                                                                  "x" : 144.66666666666669,
                                                                                  "height" : 44,
                                                                                  "width" : 44
                                                                                },
                                                                                "custom_actions" : [

                                                                                ],
                                                                                "enabled" : true,
                                                                                "AXValue" : null,
                                                                                "subrole" : null,
                                                                                "role" : "AXButton",
                                                                                "AXLabel" : "Inner left incut 30 mm edge",
                                                                                "type" : "Button",
                                                                                "content_required" : false,
                                                                                "pid" : 9595,
                                                                                "title" : null,
                                                                                "AXFrame" : "{{144.66666666666669, 251}, {44, 44}}",
                                                                                "children" : [

                                                                                ],
                                                                                "role_description" : "button",
                                                                                "AXUniqueId" : "boardModel.contact.edge-incut-30-left"
                                                                              },
                                                                              {
                                                                                "children" : [

                                                                                ],
                                                                                "AXLabel" : "Center incut 10 mm edge",
                                                                                "traits" : [

                                                                                ],
                                                                                "frame" : {
                                                                                  "height" : 44,
                                                                                  "x" : 179.00000000000003,
                                                                                  "y" : 252,
                                                                                  "width" : 44
                                                                                },
                                                                                "subrole" : null,
                                                                                "AXUniqueId" : "boardModel.contact.edge-incut-10-center",
                                                                                "help" : null,
                                                                                "title" : null,
                                                                                "role" : "AXButton",
                                                                                "enabled" : true,
                                                                                "AXFrame" : "{{179.00000000000003, 252}, {44, 44}}",
                                                                                "role_description" : "button",
                                                                                "type" : "Button",
                                                                                "custom_actions" : [

                                                                                ],
                                                                                "AXValue" : null,
                                                                                "content_required" : false,
                                                                                "pid" : 9595
                                                                              },
                                                                              {
                                                                                "role_description" : "button",
                                                                                "AXLabel" : "Inner right incut 30 mm edge",
                                                                                "type" : "Button",
                                                                                "pid" : 9595,
                                                                                "frame" : {
                                                                                  "y" : 251,
                                                                                  "x" : 213.33333333333334,
                                                                                  "height" : 44,
                                                                                  "width" : 44.000000000000028
                                                                                },
                                                                                "AXFrame" : "{{213.33333333333334, 251}, {44.000000000000028, 44}}",
                                                                                "traits" : [

                                                                                ],
                                                                                "AXUniqueId" : "boardModel.contact.edge-incut-30-right",
                                                                                "enabled" : true,
                                                                                "AXValue" : null,
                                                                                "custom_actions" : [

                                                                                ],
                                                                                "content_required" : false,
                                                                                "children" : [

                                                                                ],
                                                                                "subrole" : null,
                                                                                "title" : null,
                                                                                "role" : "AXButton",
                                                                                "help" : null
                                                                              },
                                                                              {
                                                                                "title" : null,
                                                                                "custom_actions" : [

                                                                                ],
                                                                                "type" : "Button",
                                                                                "AXValue" : null,
                                                                                "AXLabel" : "Right 15 mm edge",
                                                                                "traits" : [

                                                                                ],
                                                                                "AXUniqueId" : "boardModel.contact.edge-15-right",
                                                                                "frame" : {
                                                                                  "height" : 43.999999999999972,
                                                                                  "x" : 241.66666666666669,
                                                                                  "y" : 251.66666666666666,
                                                                                  "width" : 43.999999999999943
                                                                                },
                                                                                "enabled" : true,
                                                                                "content_required" : false,
                                                                                "AXFrame" : "{{241.66666666666669, 251.66666666666666}, {43.999999999999943, 43.999999999999972}}",
                                                                                "pid" : 9595,
                                                                                "role" : "AXButton",
                                                                                "help" : null,
                                                                                "role_description" : "button",
                                                                                "subrole" : null,
                                                                                "children" : [

                                                                                ]
                                                                              },
                                                                              {
                                                                                "role_description" : "button",
                                                                                "custom_actions" : [

                                                                                ],
                                                                                "AXLabel" : "Right incut 15 mm edge",
                                                                                "role" : "AXButton",
                                                                                "enabled" : true,
                                                                                "children" : [

                                                                                ],
                                                                                "frame" : {
                                                                                  "height" : 43.999999999999972,
                                                                                  "y" : 251.66666666666666,
                                                                                  "x" : 278.66666666666663,
                                                                                  "width" : 44
                                                                                },
                                                                                "subrole" : null,
                                                                                "AXValue" : null,
                                                                                "help" : null,
                                                                                "title" : null,
                                                                                "pid" : 9595,
                                                                                "traits" : [

                                                                                ],
                                                                                "AXFrame" : "{{278.66666666666663, 251.66666666666666}, {44, 43.999999999999972}}",
                                                                                "AXUniqueId" : "boardModel.contact.edge-incut-15-right",
                                                                                "content_required" : false,
                                                                                "type" : "Button"
                                                                              },
                                                                              {
                                                                                "role" : "AXGroup",
                                                                                "AXLabel" : null,
                                                                                "AXValue" : null,
                                                                                "AXUniqueId" : "boardDetail.selectedHold.edge-35-center",
                                                                                "role_description" : "group",
                                                                                "custom_actions" : [

                                                                                ],
                                                                                "traits" : [

                                                                                ],
                                                                                "AXFrame" : "{{33.500000000000028, 303.5}, {335, 152.33332824707031}}",
                                                                                "title" : null,
                                                                                "enabled" : true,
                                                                                "frame" : {
                                                                                  "y" : 303.5,
                                                                                  "x" : 33.500000000000028,
                                                                                  "height" : 152.33332824707031,
                                                                                  "width" : 335
                                                                                },
                                                                                "subrole" : null,
                                                                                "help" : null,
                                                                                "content_required" : false,
                                                                                "children" : [
                                                                                  {
                                                                                    "AXValue" : null,
                                                                                    "role" : "AXStaticText",
                                                                                    "children" : [

                                                                                    ],
                                                                                    "AXLabel" : "SELECTED HOLD",
                                                                                    "help" : null,
                                                                                    "traits" : [

                                                                                    ],
                                                                                    "frame" : {
                                                                                      "height" : 13.333333333333314,
                                                                                      "x" : 52,
                                                                                      "y" : 322.01134751773048,
                                                                                      "width" : 111.66666666666666
                                                                                    },
                                                                                    "pid" : 9595,
                                                                                    "AXFrame" : "{{52, 322.01134751773048}, {111.66666666666666, 13.333333333333314}}",
                                                                                    "content_required" : false,
                                                                                    "type" : "StaticText",
                                                                                    "custom_actions" : [

                                                                                    ],
                                                                                    "title" : null,
                                                                                    "subrole" : null,
                                                                                    "role_description" : "text",
                                                                                    "enabled" : true,
                                                                                    "AXUniqueId" : null
                                                                                  },
                                                                                  {
                                                                                    "title" : null,
                                                                                    "type" : "StaticText",
                                                                                    "AXFrame" : "{{52, 349.3446808510638}, {186, 24}}",
                                                                                    "enabled" : true,
                                                                                    "custom_actions" : [

                                                                                    ],
                                                                                    "children" : [

                                                                                    ],
                                                                                    "AXValue" : null,
                                                                                    "pid" : 9595,
                                                                                    "subrole" : null,
                                                                                    "AXLabel" : "Center 35 mm edge",
                                                                                    "role_description" : "text",
                                                                                    "role" : "AXStaticText",
                                                                                    "help" : null,
                                                                                    "frame" : {
                                                                                      "height" : 24,
                                                                                      "y" : 349.3446808510638,
                                                                                      "x" : 52,
                                                                                      "width" : 186
                                                                                    },
                                                                                    "AXUniqueId" : null,
                                                                                    "content_required" : false,
                                                                                    "traits" : [

                                                                                    ]
                                                                                  },
                                                                                  {
                                                                                    "subrole" : null,
                                                                                    "traits" : [

                                                                                    ],
                                                                                    "pid" : 9595,
                                                                                    "frame" : {
                                                                                      "y" : 389.3446808510638,
                                                                                      "x" : 52,
                                                                                      "height" : 15.666666666666686,
                                                                                      "width" : 27.666666666666657
                                                                                    },
                                                                                    "role_description" : "text",
                                                                                    "type" : "StaticText",
                                                                                    "AXUniqueId" : null,
                                                                                    "role" : "AXStaticText",
                                                                                    "enabled" : true,
                                                                                    "children" : [

                                                                                    ],
                                                                                    "AXLabel" : "Kind",
                                                                                    "AXValue" : null,
                                                                                    "content_required" : false,
                                                                                    "AXFrame" : "{{52, 389.3446808510638}, {27.666666666666657, 15.666666666666686}}",
                                                                                    "custom_actions" : [

                                                                                    ],
                                                                                    "help" : null,
                                                                                    "title" : null
                                                                                  },
                                                                                  {
                                                                                    "title" : null,
                                                                                    "AXFrame" : "{{313.33333333333337, 387.3446808510638}, {36.666666666666629, 18}}",
                                                                                    "help" : null,
                                                                                    "role" : "AXStaticText",
                                                                                    "content_required" : false,
                                                                                    "AXUniqueId" : null,
                                                                                    "enabled" : true,
                                                                                    "pid" : 9595,
                                                                                    "frame" : {
                                                                                      "y" : 387.3446808510638,
                                                                                      "x" : 313.33333333333337,
                                                                                      "height" : 18,
                                                                                      "width" : 36.666666666666629
                                                                                    },
                                                                                    "AXValue" : null,
                                                                                    "custom_actions" : [

                                                                                    ],
                                                                                    "type" : "StaticText",
                                                                                    "role_description" : "text",
                                                                                    "AXLabel" : "Edge",
                                                                                    "traits" : [

                                                                                    ],
                                                                                    "subrole" : null,
                                                                                    "children" : [

                                                                                    ]
                                                                                  },
                                                                                  {
                                                                                    "frame" : {
                                                                                      "width" : 37.333333333333329,
                                                                                      "height" : 15.666666666666686,
                                                                                      "x" : 52,
                                                                                      "y" : 421.3446808510638
                                                                                    },
                                                                                    "pid" : 9595,
                                                                                    "AXLabel" : "Depth",
                                                                                    "role" : "AXStaticText",
                                                                                    "AXUniqueId" : null,
                                                                                    "AXFrame" : "{{52, 421.3446808510638}, {37.333333333333329, 15.666666666666686}}",
                                                                                    "title" : null,
                                                                                    "custom_actions" : [

                                                                                    ],
                                                                                    "help" : null,
                                                                                    "subrole" : null,
                                                                                    "content_required" : false,
                                                                                    "children" : [

                                                                                    ],
                                                                                    "traits" : [

                                                                                    ],
                                                                                    "AXValue" : null,
                                                                                    "role_description" : "text",
                                                                                    "enabled" : true,
                                                                                    "type" : "StaticText"
                                                                                  },
                                                                                  {
                                                                                    "role_description" : "text",
                                                                                    "AXUniqueId" : null,
                                                                                    "content_required" : false,
                                                                                    "children" : [

                                                                                    ],
                                                                                    "subrole" : null,
                                                                                    "help" : null,
                                                                                    "pid" : 9595,
                                                                                    "traits" : [

                                                                                    ],
                                                                                    "AXFrame" : "{{300, 419.3446808510638}, {50, 18}}",
                                                                                    "title" : null,
                                                                                    "role" : "AXStaticText",
                                                                                    "AXLabel" : "35 mm",
                                                                                    "type" : "StaticText",
                                                                                    "custom_actions" : [

                                                                                    ],
                                                                                    "frame" : {
                                                                                      "height" : 18,
                                                                                      "width" : 50,
                                                                                      "x" : 300,
                                                                                      "y" : 419.3446808510638
                                                                                    },
                                                                                    "enabled" : true,
                                                                                    "AXValue" : null
                                                                                  }
                                                                                ],
                                                                                "type" : "Group",
                                                                                "pid" : 9595
                                                                              },
                                                                              {
                                                                                "AXFrame" : "{{34, 467.3446808510638}, {72, 13.333333333333314}}",
                                                                                "enabled" : true,
                                                                                "help" : null,
                                                                                "AXUniqueId" : null,
                                                                                "traits" : [

                                                                                ],
                                                                                "custom_actions" : [

                                                                                ],
                                                                                "role" : "AXStaticText",
                                                                                "role_description" : "text",
                                                                                "AXLabel" : "HOLD MAP",
                                                                                "title" : null,
                                                                                "content_required" : false,
                                                                                "pid" : 9595,
                                                                                "type" : "StaticText",
                                                                                "AXValue" : null,
                                                                                "frame" : {
                                                                                  "x" : 34,
                                                                                  "height" : 13.333333333333314,
                                                                                  "width" : 72,
                                                                                  "y" : 467.3446808510638
                                                                                },
                                                                                "subrole" : null,
                                                                                "children" : [

                                                                                ]
                                                                              },
                                                                              {
                                                                                "type" : "Group",
                                                                                "AXLabel" : null,
                                                                                "help" : null,
                                                                                "title" : null,
                                                                                "pid" : 9595,
                                                                                "subrole" : null,
                                                                                "AXFrame" : "{{34, 492.66665649414062}, {334, 406.00003051757812}}",
                                                                                "frame" : {
                                                                                  "height" : 406.00003051757812,
                                                                                  "y" : 492.66665649414062,
                                                                                  "x" : 34,
                                                                                  "width" : 334
                                                                                },
                                                                                "enabled" : true,
                                                                                "AXValue" : null,
                                                                                "role_description" : "group",
                                                                                "traits" : [

                                                                                ],
                                                                                "AXUniqueId" : null,
                                                                                "role" : "AXGroup",
                                                                                "custom_actions" : [

                                                                                ],
                                                                                "content_required" : false,
                                                                                "children" : [
                                                                                  {
                                                                                    "type" : "Button",
                                                                                    "frame" : {
                                                                                      "y" : 492.66666666666663,
                                                                                      "width" : 163,
                                                                                      "x" : 34.000000000000028,
                                                                                      "height" : 38
                                                                                    },
                                                                                    "custom_actions" : [

                                                                                    ],
                                                                                    "traits" : [

                                                                                    ],
                                                                                    "AXUniqueId" : "boardDetail.holdLegend.top-jug-left",
                                                                                    "enabled" : true,
                                                                                    "subrole" : null,
                                                                                    "content_required" : false,
                                                                                    "children" : [
                                                                                      {
                                                                                        "custom_actions" : [

                                                                                        ],
                                                                                        "children" : [

                                                                                        ],
                                                                                        "traits" : [

                                                                                        ],
                                                                                        "frame" : {
                                                                                          "height" : 14.333333333333258,
                                                                                          "x" : 50.833333333333336,
                                                                                          "width" : 6.3333333333333357,
                                                                                          "y" : 504.51134751773043
                                                                                        },
                                                                                        "content_required" : false,
                                                                                        "role_description" : "text",
                                                                                        "type" : "StaticText",
                                                                                        "role" : "AXStaticText",
                                                                                        "AXUniqueId" : null,
                                                                                        "AXFrame" : "{{50.833333333333336, 504.51134751773043}, {6.3333333333333357, 14.333333333333258}}",
                                                                                        "title" : null,
                                                                                        "AXValue" : null,
                                                                                        "subrole" : null,
                                                                                        "pid" : 9595,
                                                                                        "enabled" : true,
                                                                                        "AXLabel" : "1",
                                                                                        "help" : null
                                                                                      },
                                                                                      {
                                                                                        "custom_actions" : [

                                                                                        ],
                                                                                        "role" : "AXStaticText",
                                                                                        "frame" : {
                                                                                          "y" : 503.8446808510638,
                                                                                          "width" : 70.666666666666657,
                                                                                          "x" : 74,
                                                                                          "height" : 15.666666666666629
                                                                                        },
                                                                                        "role_description" : "text",
                                                                                        "content_required" : false,
                                                                                        "help" : null,
                                                                                        "traits" : [

                                                                                        ],
                                                                                        "type" : "StaticText",
                                                                                        "enabled" : true,
                                                                                        "AXLabel" : "Left top jug",
                                                                                        "AXValue" : null,
                                                                                        "AXUniqueId" : null,
                                                                                        "AXFrame" : "{{74, 503.8446808510638}, {70.666666666666657, 15.666666666666629}}",
                                                                                        "children" : [

                                                                                        ],
                                                                                        "subrole" : null,
                                                                                        "pid" : 9595,
                                                                                        "title" : null
                                                                                      }
                                                                                    ],
                                                                                    "AXLabel" : "Hold 1: Left top jug",
                                                                                    "AXFrame" : "{{34.000000000000028, 492.66666666666663}, {163, 38}}",
                                                                                    "help" : null,
                                                                                    "role_description" : "button",
                                                                                    "pid" : 9595,
                                                                                    "AXValue" : null,
                                                                                    "title" : null,
                                                                                    "role" : "AXButton"
                                                                                  },
                                                                                  {
                                                                                    "content_required" : false,
                                                                                    "custom_actions" : [

                                                                                    ],
                                                                                    "traits" : [

                                                                                    ],
                                                                                    "subrole" : null,
                                                                                    "role_description" : "button",
                                                                                    "AXFrame" : "{{205, 492.66665649414062}, {163, 38.000030517578125}}",
                                                                                    "type" : "Button",
                                                                                    "enabled" : true,
                                                                                    "AXLabel" : "Hold 2: Right top jug",
                                                                                    "title" : null,
                                                                                    "AXValue" : null,
                                                                                    "role" : "AXButton",
                                                                                    "frame" : {
                                                                                      "height" : 38.000030517578125,
                                                                                      "width" : 163,
                                                                                      "x" : 205,
                                                                                      "y" : 492.66665649414062
                                                                                    },
                                                                                    "help" : null,
                                                                                    "pid" : 9595,
                                                                                    "children" : [
                                                                                      {
                                                                                        "traits" : [

                                                                                        ],
                                                                                        "role_description" : "text",
                                                                                        "subrole" : null,
                                                                                        "AXLabel" : "2",
                                                                                        "type" : "StaticText",
                                                                                        "AXFrame" : "{{221, 504.51134751773043}, {8, 14.333333333333258}}",
                                                                                        "content_required" : false,
                                                                                        "children" : [

                                                                                        ],
                                                                                        "help" : null,
                                                                                        "enabled" : true,
                                                                                        "frame" : {
                                                                                          "x" : 221,
                                                                                          "height" : 14.333333333333258,
                                                                                          "width" : 8,
                                                                                          "y" : 504.51134751773043
                                                                                        },
                                                                                        "custom_actions" : [

                                                                                        ],
                                                                                        "title" : null,
                                                                                        "role" : "AXStaticText",
                                                                                        "AXValue" : null,
                                                                                        "pid" : 9595,
                                                                                        "AXUniqueId" : null
                                                                                      },
                                                                                      {
                                                                                        "AXValue" : null,
                                                                                        "children" : [

                                                                                        ],
                                                                                        "role_description" : "text",
                                                                                        "traits" : [

                                                                                        ],
                                                                                        "enabled" : true,
                                                                                        "help" : null,
                                                                                        "AXFrame" : "{{245, 503.8446808510638}, {79, 15.666666666666629}}",
                                                                                        "subrole" : null,
                                                                                        "role" : "AXStaticText",
                                                                                        "frame" : {
                                                                                          "height" : 15.666666666666629,
                                                                                          "x" : 245,
                                                                                          "width" : 79,
                                                                                          "y" : 503.8446808510638
                                                                                        },
                                                                                        "type" : "StaticText",
                                                                                        "pid" : 9595,
                                                                                        "AXLabel" : "Right top jug",
                                                                                        "custom_actions" : [

                                                                                        ],
                                                                                        "title" : null,
                                                                                        "AXUniqueId" : null,
                                                                                        "content_required" : false
                                                                                      }
                                                                                    ],
                                                                                    "AXUniqueId" : "boardDetail.holdLegend.top-jug-right"
                                                                                  },
                                                                                  {
                                                                                    "pid" : 9595,
                                                                                    "custom_actions" : [

                                                                                    ],
                                                                                    "enabled" : true,
                                                                                    "children" : [
                                                                                      {
                                                                                        "title" : null,
                                                                                        "role" : "AXStaticText",
                                                                                        "AXLabel" : "3",
                                                                                        "frame" : {
                                                                                          "x" : 49.833333333333336,
                                                                                          "height" : 14.333333333333258,
                                                                                          "width" : 8.3333333333333357,
                                                                                          "y" : 550.51134751773043
                                                                                        },
                                                                                        "subrole" : null,
                                                                                        "role_description" : "text",
                                                                                        "help" : null,
                                                                                        "pid" : 9595,
                                                                                        "type" : "StaticText",
                                                                                        "custom_actions" : [

                                                                                        ],
                                                                                        "AXUniqueId" : null,
                                                                                        "AXFrame" : "{{49.833333333333336, 550.51134751773043}, {8.3333333333333357, 14.333333333333258}}",
                                                                                        "children" : [

                                                                                        ],
                                                                                        "content_required" : false,
                                                                                        "traits" : [

                                                                                        ],
                                                                                        "enabled" : true,
                                                                                        "AXValue" : null
                                                                                      },
                                                                                      {
                                                                                        "help" : null,
                                                                                        "enabled" : true,
                                                                                        "children" : [

                                                                                        ],
                                                                                        "AXFrame" : "{{74, 549.8446808510638}, {105, 15.666666666666629}}",
                                                                                        "AXUniqueId" : null,
                                                                                        "type" : "StaticText",
                                                                                        "frame" : {
                                                                                          "width" : 105,
                                                                                          "y" : 549.8446808510638,
                                                                                          "x" : 74,
                                                                                          "height" : 15.666666666666629
                                                                                        },
                                                                                        "subrole" : null,
                                                                                        "custom_actions" : [

                                                                                        ],
                                                                                        "role" : "AXStaticText",
                                                                                        "AXValue" : null,
                                                                                        "pid" : 9595,
                                                                                        "role_description" : "text",
                                                                                        "AXLabel" : "Left 32-degree top sloper",
                                                                                        "title" : null,
                                                                                        "content_required" : false,
                                                                                        "traits" : [

                                                                                        ]
                                                                                      }
                                                                                    ],
                                                                                    "AXUniqueId" : "boardDetail.holdLegend.top-sloper-32-left",
                                                                                    "AXLabel" : "Hold 3: Left 32-degree top sloper",
                                                                                    "AXValue" : null,
                                                                                    "traits" : [

                                                                                    ],
                                                                                    "title" : null,
                                                                                    "subrole" : null,
                                                                                    "role" : "AXButton",
                                                                                    "content_required" : false,
                                                                                    "help" : null,
                                                                                    "type" : "Button",
                                                                                    "role_description" : "button",
                                                                                    "frame" : {
                                                                                      "width" : 163,
                                                                                      "height" : 38,
                                                                                      "x" : 34.000000000000028,
                                                                                      "y" : 538.66666666666663
                                                                                    },
                                                                                    "AXFrame" : "{{34.000000000000028, 538.66666666666663}, {163, 38}}"
                                                                                  },
                                                                                  {
                                                                                    "custom_actions" : [

                                                                                    ],
                                                                                    "frame" : {
                                                                                      "width" : 163,
                                                                                      "height" : 38,
                                                                                      "x" : 205,
                                                                                      "y" : 538.66668701171875
                                                                                    },
                                                                                    "subrole" : null,
                                                                                    "AXFrame" : "{{205, 538.66668701171875}, {163, 38}}",
                                                                                    "children" : [
                                                                                      {
                                                                                        "AXLabel" : "4",
                                                                                        "pid" : 9595,
                                                                                        "AXUniqueId" : null,
                                                                                        "AXFrame" : "{{220.83333333333334, 550.51134751773043}, {8.3333333333333428, 14.333333333333258}}",
                                                                                        "custom_actions" : [

                                                                                        ],
                                                                                        "help" : null,
                                                                                        "frame" : {
                                                                                          "height" : 14.333333333333258,
                                                                                          "width" : 8.3333333333333428,
                                                                                          "x" : 220.83333333333334,
                                                                                          "y" : 550.51134751773043
                                                                                        },
                                                                                        "AXValue" : null,
                                                                                        "content_required" : false,
                                                                                        "subrole" : null,
                                                                                        "traits" : [

                                                                                        ],
                                                                                        "role_description" : "text",
                                                                                        "role" : "AXStaticText",
                                                                                        "type" : "StaticText",
                                                                                        "title" : null,
                                                                                        "enabled" : true,
                                                                                        "children" : [

                                                                                        ]
                                                                                      },
                                                                                      {
                                                                                        "AXFrame" : "{{245, 549.8446808510638}, {105.66666666666663, 15.666666666666629}}",
                                                                                        "help" : null,
                                                                                        "content_required" : false,
                                                                                        "subrole" : null,
                                                                                        "pid" : 9595,
                                                                                        "traits" : [

                                                                                        ],
                                                                                        "title" : null,
                                                                                        "type" : "StaticText",
                                                                                        "role_description" : "text",
                                                                                        "AXValue" : null,
                                                                                        "enabled" : true,
                                                                                        "role" : "AXStaticText",
                                                                                        "AXUniqueId" : null,
                                                                                        "custom_actions" : [

                                                                                        ],
                                                                                        "AXLabel" : "Right 32-degree top sloper",
                                                                                        "frame" : {
                                                                                          "y" : 549.8446808510638,
                                                                                          "height" : 15.666666666666629,
                                                                                          "x" : 245,
                                                                                          "width" : 105.66666666666663
                                                                                        },
                                                                                        "children" : [

                                                                                        ]
                                                                                      }
                                                                                    ],
                                                                                    "AXLabel" : "Hold 4: Right 32-degree top sloper",
                                                                                    "role_description" : "button",
                                                                                    "pid" : 9595,
                                                                                    "AXUniqueId" : "boardDetail.holdLegend.top-sloper-32-right",
                                                                                    "type" : "Button",
                                                                                    "help" : null,
                                                                                    "role" : "AXButton",
                                                                                    "content_required" : false,
                                                                                    "title" : null,
                                                                                    "AXValue" : null,
                                                                                    "traits" : [

                                                                                    ],
                                                                                    "enabled" : true
                                                                                  },
                                                                                  {
                                                                                    "role_description" : "button",
                                                                                    "help" : null,
                                                                                    "AXFrame" : "{{34.000000000000028, 584.66666666666663}, {163, 38}}",
                                                                                    "title" : null,
                                                                                    "frame" : {
                                                                                      "width" : 163,
                                                                                      "height" : 38,
                                                                                      "x" : 34.000000000000028,
                                                                                      "y" : 584.66666666666663
                                                                                    },
                                                                                    "AXUniqueId" : "boardDetail.holdLegend.top-sloper-20-left",
                                                                                    "type" : "Button",
                                                                                    "content_required" : false,
                                                                                    "pid" : 9595,
                                                                                    "role" : "AXButton",
                                                                                    "AXValue" : null,
                                                                                    "children" : [
                                                                                      {
                                                                                        "traits" : [

                                                                                        ],
                                                                                        "frame" : {
                                                                                          "x" : 49.833333333333336,
                                                                                          "height" : 14.333333333333258,
                                                                                          "width" : 8.3333333333333357,
                                                                                          "y" : 596.51134751773043
                                                                                        },
                                                                                        "enabled" : true,
                                                                                        "subrole" : null,
                                                                                        "help" : null,
                                                                                        "pid" : 9595,
                                                                                        "role_description" : "text",
                                                                                        "AXFrame" : "{{49.833333333333336, 596.51134751773043}, {8.3333333333333357, 14.333333333333258}}",
                                                                                        "type" : "StaticText",
                                                                                        "custom_actions" : [

                                                                                        ],
                                                                                        "content_required" : false,
                                                                                        "AXLabel" : "5",
                                                                                        "AXValue" : null,
                                                                                        "children" : [

                                                                                        ],
                                                                                        "AXUniqueId" : null,
                                                                                        "title" : null,
                                                                                        "role" : "AXStaticText"
                                                                                      },
                                                                                      {
                                                                                        "pid" : 9595,
                                                                                        "content_required" : false,
                                                                                        "AXUniqueId" : null,
                                                                                        "children" : [

                                                                                        ],
                                                                                        "traits" : [

                                                                                        ],
                                                                                        "frame" : {
                                                                                          "height" : 15.666666666666629,
                                                                                          "y" : 595.8446808510638,
                                                                                          "width" : 105,
                                                                                          "x" : 74
                                                                                        },
                                                                                        "AXFrame" : "{{74, 595.8446808510638}, {105, 15.666666666666629}}",
                                                                                        "type" : "StaticText",
                                                                                        "AXLabel" : "Left 20-degree top sloper",
                                                                                        "custom_actions" : [

                                                                                        ],
                                                                                        "enabled" : true,
                                                                                        "help" : null,
                                                                                        "subrole" : null,
                                                                                        "role_description" : "text",
                                                                                        "role" : "AXStaticText",
                                                                                        "title" : null,
                                                                                        "AXValue" : null
                                                                                      }
                                                                                    ],
                                                                                    "AXLabel" : "Hold 5: Left 20-degree top sloper",
                                                                                    "custom_actions" : [

                                                                                    ],
                                                                                    "enabled" : true,
                                                                                    "subrole" : null,
                                                                                    "traits" : [

                                                                                    ]
                                                                                  },
                                                                                  {
                                                                                    "subrole" : null,
                                                                                    "children" : [
                                                                                      {
                                                                                        "help" : null,
                                                                                        "title" : null,
                                                                                        "pid" : 9595,
                                                                                        "AXUniqueId" : null,
                                                                                        "AXFrame" : "{{220.83333333333334, 596.51134751773043}, {8.3333333333333428, 14.333333333333258}}",
                                                                                        "AXLabel" : "6",
                                                                                        "traits" : [

                                                                                        ],
                                                                                        "role_description" : "text",
                                                                                        "role" : "AXStaticText",
                                                                                        "children" : [

                                                                                        ],
                                                                                        "enabled" : true,
                                                                                        "content_required" : false,
                                                                                        "custom_actions" : [

                                                                                        ],
                                                                                        "frame" : {
                                                                                          "height" : 14.333333333333258,
                                                                                          "y" : 596.51134751773043,
                                                                                          "width" : 8.3333333333333428,
                                                                                          "x" : 220.83333333333334
                                                                                        },
                                                                                        "subrole" : null,
                                                                                        "type" : "StaticText",
                                                                                        "AXValue" : null
                                                                                      },
                                                                                      {
                                                                                        "subrole" : null,
                                                                                        "enabled" : true,
                                                                                        "type" : "StaticText",
                                                                                        "AXUniqueId" : null,
                                                                                        "content_required" : false,
                                                                                        "pid" : 9595,
                                                                                        "title" : null,
                                                                                        "help" : null,
                                                                                        "role_description" : "text",
                                                                                        "AXLabel" : "Right 20-degree top sloper",
                                                                                        "AXFrame" : "{{245, 595.8446808510638}, {105.66666666666663, 15.666666666666629}}",
                                                                                        "traits" : [

                                                                                        ],
                                                                                        "custom_actions" : [

                                                                                        ],
                                                                                        "frame" : {
                                                                                          "width" : 105.66666666666663,
                                                                                          "height" : 15.666666666666629,
                                                                                          "x" : 245,
                                                                                          "y" : 595.8446808510638
                                                                                        },
                                                                                        "role" : "AXStaticText",
                                                                                        "AXValue" : null,
                                                                                        "children" : [

                                                                                        ]
                                                                                      }
                                                                                    ],
                                                                                    "title" : null,
                                                                                    "AXValue" : null,
                                                                                    "frame" : {
                                                                                      "height" : 38,
                                                                                      "y" : 584.66668701171875,
                                                                                      "x" : 205,
                                                                                      "width" : 163
                                                                                    },
                                                                                    "role" : "AXButton",
                                                                                    "help" : null,
                                                                                    "AXLabel" : "Hold 6: Right 20-degree top sloper",
                                                                                    "traits" : [

                                                                                    ],
                                                                                    "custom_actions" : [

                                                                                    ],
                                                                                    "type" : "Button",
                                                                                    "AXFrame" : "{{205, 584.66668701171875}, {163, 38}}",
                                                                                    "content_required" : false,
                                                                                    "enabled" : true,
                                                                                    "AXUniqueId" : "boardDetail.holdLegend.top-sloper-20-right",
                                                                                    "pid" : 9595,
                                                                                    "role_description" : "button"
                                                                                  },
                                                                                  {
                                                                                    "title" : null,
                                                                                    "enabled" : true,
                                                                                    "AXUniqueId" : "boardDetail.holdLegend.top-sloper-jug-center",
                                                                                    "AXValue" : null,
                                                                                    "AXFrame" : "{{34.000000000000028, 630.66666666666663}, {163, 38}}",
                                                                                    "frame" : {
                                                                                      "height" : 38,
                                                                                      "width" : 163,
                                                                                      "x" : 34.000000000000028,
                                                                                      "y" : 630.66666666666663
                                                                                    },
                                                                                    "subrole" : null,
                                                                                    "help" : null,
                                                                                    "role" : "AXButton",
                                                                                    "custom_actions" : [

                                                                                    ],
                                                                                    "type" : "Button",
                                                                                    "pid" : 9595,
                                                                                    "role_description" : "button",
                                                                                    "content_required" : false,
                                                                                    "children" : [
                                                                                      {
                                                                                        "pid" : 9595,
                                                                                        "type" : "StaticText",
                                                                                        "AXLabel" : "7",
                                                                                        "custom_actions" : [

                                                                                        ],
                                                                                        "title" : null,
                                                                                        "frame" : {
                                                                                          "y" : 642.51134751773054,
                                                                                          "width" : 7.6666666666666643,
                                                                                          "x" : 50.166666666666671,
                                                                                          "height" : 14.333333333333371
                                                                                        },
                                                                                        "role" : "AXStaticText",
                                                                                        "AXUniqueId" : null,
                                                                                        "enabled" : true,
                                                                                        "role_description" : "text",
                                                                                        "AXFrame" : "{{50.166666666666671, 642.51134751773054}, {7.6666666666666643, 14.333333333333371}}",
                                                                                        "AXValue" : null,
                                                                                        "content_required" : false,
                                                                                        "traits" : [

                                                                                        ],
                                                                                        "children" : [

                                                                                        ],
                                                                                        "help" : null,
                                                                                        "subrole" : null
                                                                                      },
                                                                                      {
                                                                                        "title" : null,
                                                                                        "AXValue" : null,
                                                                                        "pid" : 9595,
                                                                                        "custom_actions" : [

                                                                                        ],
                                                                                        "AXUniqueId" : null,
                                                                                        "children" : [

                                                                                        ],
                                                                                        "subrole" : null,
                                                                                        "role_description" : "text",
                                                                                        "type" : "StaticText",
                                                                                        "enabled" : true,
                                                                                        "AXLabel" : "Center top sloper jug",
                                                                                        "frame" : {
                                                                                          "height" : 15.666666666666629,
                                                                                          "width" : 106,
                                                                                          "x" : 74,
                                                                                          "y" : 641.8446808510638
                                                                                        },
                                                                                        "content_required" : false,
                                                                                        "help" : null,
                                                                                        "traits" : [

                                                                                        ],
                                                                                        "AXFrame" : "{{74, 641.8446808510638}, {106, 15.666666666666629}}",
                                                                                        "role" : "AXStaticText"
                                                                                      }
                                                                                    ],
                                                                                    "AXLabel" : "Hold 7: Center top sloper jug",
                                                                                    "traits" : [

                                                                                    ]
                                                                                  },
                                                                                  {
                                                                                    "AXFrame" : "{{205, 630.66668701171875}, {163, 38}}",
                                                                                    "subrole" : null,
                                                                                    "AXUniqueId" : "boardDetail.holdLegend.edge-30-left",
                                                                                    "title" : null,
                                                                                    "frame" : {
                                                                                      "y" : 630.66668701171875,
                                                                                      "width" : 163,
                                                                                      "x" : 205,
                                                                                      "height" : 38
                                                                                    },
                                                                                    "help" : null,
                                                                                    "children" : [
                                                                                      {
                                                                                        "frame" : {
                                                                                          "width" : 8.6666666666666572,
                                                                                          "y" : 642.51134751773054,
                                                                                          "x" : 220.66666666666666,
                                                                                          "height" : 14.333333333333371
                                                                                        },
                                                                                        "children" : [

                                                                                        ],
                                                                                        "title" : null,
                                                                                        "role" : "AXStaticText",
                                                                                        "traits" : [

                                                                                        ],
                                                                                        "pid" : 9595,
                                                                                        "AXLabel" : "8",
                                                                                        "role_description" : "text",
                                                                                        "custom_actions" : [

                                                                                        ],
                                                                                        "content_required" : false,
                                                                                        "subrole" : null,
                                                                                        "type" : "StaticText",
                                                                                        "help" : null,
                                                                                        "AXUniqueId" : null,
                                                                                        "AXFrame" : "{{220.66666666666666, 642.51134751773054}, {8.6666666666666572, 14.333333333333371}}",
                                                                                        "AXValue" : null,
                                                                                        "enabled" : true
                                                                                      },
                                                                                      {
                                                                                        "role_description" : "text",
                                                                                        "subrole" : null,
                                                                                        "role" : "AXStaticText",
                                                                                        "AXLabel" : "Left 30 mm edge",
                                                                                        "content_required" : false,
                                                                                        "AXFrame" : "{{245, 641.8446808510638}, {105.33333333333337, 15.666666666666629}}",
                                                                                        "type" : "StaticText",
                                                                                        "title" : null,
                                                                                        "custom_actions" : [

                                                                                        ],
                                                                                        "AXValue" : null,
                                                                                        "children" : [

                                                                                        ],
                                                                                        "pid" : 9595,
                                                                                        "help" : null,
                                                                                        "AXUniqueId" : null,
                                                                                        "enabled" : true,
                                                                                        "frame" : {
                                                                                          "y" : 641.8446808510638,
                                                                                          "x" : 245,
                                                                                          "width" : 105.33333333333337,
                                                                                          "height" : 15.666666666666629
                                                                                        },
                                                                                        "traits" : [

                                                                                        ]
                                                                                      }
                                                                                    ],
                                                                                    "AXValue" : null,
                                                                                    "enabled" : true,
                                                                                    "role" : "AXButton",
                                                                                    "role_description" : "button",
                                                                                    "traits" : [

                                                                                    ],
                                                                                    "custom_actions" : [

                                                                                    ],
                                                                                    "pid" : 9595,
                                                                                    "type" : "Button",
                                                                                    "content_required" : false,
                                                                                    "AXLabel" : "Hold 8: Left 30 mm edge"
                                                                                  },
                                                                                  {
                                                                                    "AXFrame" : "{{34.000000000000028, 676.66666666666663}, {163, 38}}",
                                                                                    "children" : [
                                                                                      {
                                                                                        "children" : [

                                                                                        ],
                                                                                        "role_description" : "text",
                                                                                        "traits" : [

                                                                                        ],
                                                                                        "frame" : {
                                                                                          "y" : 688.51134751773054,
                                                                                          "width" : 8.3333333333333357,
                                                                                          "x" : 49.833333333333336,
                                                                                          "height" : 14.333333333333371
                                                                                        },
                                                                                        "AXLabel" : "9",
                                                                                        "enabled" : true,
                                                                                        "subrole" : null,
                                                                                        "content_required" : false,
                                                                                        "AXFrame" : "{{49.833333333333336, 688.51134751773054}, {8.3333333333333357, 14.333333333333371}}",
                                                                                        "help" : null,
                                                                                        "pid" : 9595,
                                                                                        "AXValue" : null,
                                                                                        "AXUniqueId" : null,
                                                                                        "role" : "AXStaticText",
                                                                                        "custom_actions" : [

                                                                                        ],
                                                                                        "title" : null,
                                                                                        "type" : "StaticText"
                                                                                      },
                                                                                      {
                                                                                        "custom_actions" : [

                                                                                        ],
                                                                                        "AXLabel" : "Left 30 mm sloper edge",
                                                                                        "title" : null,
                                                                                        "help" : null,
                                                                                        "subrole" : null,
                                                                                        "pid" : 9595,
                                                                                        "enabled" : true,
                                                                                        "role" : "AXStaticText",
                                                                                        "AXValue" : null,
                                                                                        "AXUniqueId" : null,
                                                                                        "AXFrame" : "{{74, 687.8446808510638}, {103.33333333333334, 15.666666666666629}}",
                                                                                        "type" : "StaticText",
                                                                                        "traits" : [

                                                                                        ],
                                                                                        "children" : [

                                                                                        ],
                                                                                        "frame" : {
                                                                                          "width" : 103.33333333333334,
                                                                                          "height" : 15.666666666666629,
                                                                                          "x" : 74,
                                                                                          "y" : 687.8446808510638
                                                                                        },
                                                                                        "role_description" : "text",
                                                                                        "content_required" : false
                                                                                      }
                                                                                    ],
                                                                                    "AXValue" : null,
                                                                                    "title" : null,
                                                                                    "subrole" : null,
                                                                                    "role_description" : "button",
                                                                                    "content_required" : false,
                                                                                    "custom_actions" : [

                                                                                    ],
                                                                                    "AXLabel" : "Hold 9: Left 30 mm sloper edge",
                                                                                    "role" : "AXButton",
                                                                                    "type" : "Button",
                                                                                    "help" : null,
                                                                                    "frame" : {
                                                                                      "width" : 163,
                                                                                      "height" : 38,
                                                                                      "x" : 34.000000000000028,
                                                                                      "y" : 676.66666666666663
                                                                                    },
                                                                                    "traits" : [

                                                                                    ],
                                                                                    "enabled" : true,
                                                                                    "AXUniqueId" : "boardDetail.holdLegend.sloper-edge-30-left",
                                                                                    "pid" : 9595
                                                                                  },
                                                                                  {
                                                                                    "AXUniqueId" : "boardDetail.holdLegend.sloper-edge-25-left",
                                                                                    "custom_actions" : [

                                                                                    ],
                                                                                    "frame" : {
                                                                                      "width" : 163,
                                                                                      "height" : 38,
                                                                                      "x" : 205,
                                                                                      "y" : 676.66668701171875
                                                                                    },
                                                                                    "enabled" : true,
                                                                                    "children" : [
                                                                                      {
                                                                                        "enabled" : true,
                                                                                        "AXUniqueId" : null,
                                                                                        "AXValue" : null,
                                                                                        "children" : [

                                                                                        ],
                                                                                        "custom_actions" : [

                                                                                        ],
                                                                                        "content_required" : false,
                                                                                        "AXFrame" : "{{217.5, 688.51134751773054}, {15, 14.333333333333371}}",
                                                                                        "frame" : {
                                                                                          "width" : 15,
                                                                                          "x" : 217.5,
                                                                                          "y" : 688.51134751773054,
                                                                                          "height" : 14.333333333333371
                                                                                        },
                                                                                        "pid" : 9595,
                                                                                        "type" : "StaticText",
                                                                                        "AXLabel" : "10",
                                                                                        "title" : null,
                                                                                        "role_description" : "text",
                                                                                        "traits" : [

                                                                                        ],
                                                                                        "subrole" : null,
                                                                                        "role" : "AXStaticText",
                                                                                        "help" : null
                                                                                      },
                                                                                      {
                                                                                        "traits" : [

                                                                                        ],
                                                                                        "help" : null,
                                                                                        "AXValue" : null,
                                                                                        "subrole" : null,
                                                                                        "content_required" : false,
                                                                                        "role" : "AXStaticText",
                                                                                        "pid" : 9595,
                                                                                        "AXUniqueId" : null,
                                                                                        "title" : null,
                                                                                        "frame" : {
                                                                                          "width" : 102.66666666666663,
                                                                                          "x" : 245,
                                                                                          "y" : 687.8446808510638,
                                                                                          "height" : 15.666666666666629
                                                                                        },
                                                                                        "type" : "StaticText",
                                                                                        "custom_actions" : [

                                                                                        ],
                                                                                        "enabled" : true,
                                                                                        "children" : [

                                                                                        ],
                                                                                        "AXLabel" : "Left 25 mm sloper edge",
                                                                                        "AXFrame" : "{{245, 687.8446808510638}, {102.66666666666663, 15.666666666666629}}",
                                                                                        "role_description" : "text"
                                                                                      }
                                                                                    ],
                                                                                    "role" : "AXButton",
                                                                                    "subrole" : null,
                                                                                    "AXFrame" : "{{205, 676.66668701171875}, {163, 38}}",
                                                                                    "AXValue" : null,
                                                                                    "content_required" : false,
                                                                                    "role_description" : "button",
                                                                                    "title" : null,
                                                                                    "type" : "Button",
                                                                                    "traits" : [

                                                                                    ],
                                                                                    "AXLabel" : "Hold 10: Left 25 mm sloper edge",
                                                                                    "help" : null,
                                                                                    "pid" : 9595
                                                                                  },
                                                                                  {
                                                                                    "AXFrame" : "{{34.000000000000028, 722.66666666666663}, {163, 38}}",
                                                                                    "type" : "Button",
                                                                                    "pid" : 9595,
                                                                                    "traits" : [

                                                                                    ],
                                                                                    "enabled" : true,
                                                                                    "AXValue" : null,
                                                                                    "custom_actions" : [

                                                                                    ],
                                                                                    "AXUniqueId" : "boardDetail.holdLegend.edge-35-center",
                                                                                    "content_required" : false,
                                                                                    "role_description" : "button",
                                                                                    "frame" : {
                                                                                      "width" : 163,
                                                                                      "x" : 34.000000000000028,
                                                                                      "y" : 722.66666666666663,
                                                                                      "height" : 38
                                                                                    },
                                                                                    "help" : null,
                                                                                    "role" : "AXButton",
                                                                                    "AXLabel" : "Hold 11: Center 35 mm edge",
                                                                                    "subrole" : null,
                                                                                    "children" : [
                                                                                      {
                                                                                        "help" : null,
                                                                                        "children" : [

                                                                                        ],
                                                                                        "enabled" : true,
                                                                                        "traits" : [

                                                                                        ],
                                                                                        "type" : "StaticText",
                                                                                        "subrole" : null,
                                                                                        "role" : "AXStaticText",
                                                                                        "AXLabel" : "11",
                                                                                        "frame" : {
                                                                                          "width" : 12.666666666666664,
                                                                                          "x" : 47.666666666666664,
                                                                                          "y" : 734.51134751773054,
                                                                                          "height" : 14.333333333333371
                                                                                        },
                                                                                        "title" : null,
                                                                                        "custom_actions" : [

                                                                                        ],
                                                                                        "AXValue" : null,
                                                                                        "content_required" : false,
                                                                                        "AXUniqueId" : null,
                                                                                        "role_description" : "text",
                                                                                        "AXFrame" : "{{47.666666666666664, 734.51134751773054}, {12.666666666666664, 14.333333333333371}}",
                                                                                        "pid" : 9595
                                                                                      },
                                                                                      {
                                                                                        "AXValue" : null,
                                                                                        "AXFrame" : "{{74, 733.8446808510638}, {99, 15.666666666666629}}",
                                                                                        "subrole" : null,
                                                                                        "AXUniqueId" : null,
                                                                                        "title" : null,
                                                                                        "content_required" : false,
                                                                                        "AXLabel" : "Center 35 mm edge",
                                                                                        "frame" : {
                                                                                          "width" : 99,
                                                                                          "x" : 74,
                                                                                          "y" : 733.8446808510638,
                                                                                          "height" : 15.666666666666629
                                                                                        },
                                                                                        "type" : "StaticText",
                                                                                        "pid" : 9595,
                                                                                        "traits" : [

                                                                                        ],
                                                                                        "role" : "AXStaticText",
                                                                                        "children" : [

                                                                                        ],
                                                                                        "custom_actions" : [

                                                                                        ],
                                                                                        "role_description" : "text",
                                                                                        "help" : null,
                                                                                        "enabled" : true
                                                                                      }
                                                                                    ],
                                                                                    "title" : null
                                                                                  },
                                                                                  {
                                                                                    "AXLabel" : "Hold 12: Right 25 mm sloper edge",
                                                                                    "pid" : 9595,
                                                                                    "enabled" : true,
                                                                                    "help" : null,
                                                                                    "children" : [
                                                                                      {
                                                                                        "title" : null,
                                                                                        "AXValue" : null,
                                                                                        "content_required" : false,
                                                                                        "enabled" : true,
                                                                                        "role_description" : "text",
                                                                                        "subrole" : null,
                                                                                        "children" : [

                                                                                        ],
                                                                                        "AXLabel" : "12",
                                                                                        "traits" : [

                                                                                        ],
                                                                                        "help" : null,
                                                                                        "AXFrame" : "{{217.83333333333334, 734.51134751773054}, {14.333333333333343, 14.333333333333371}}",
                                                                                        "type" : "StaticText",
                                                                                        "AXUniqueId" : null,
                                                                                        "custom_actions" : [

                                                                                        ],
                                                                                        "frame" : {
                                                                                          "width" : 14.333333333333343,
                                                                                          "x" : 217.83333333333334,
                                                                                          "y" : 734.51134751773054,
                                                                                          "height" : 14.333333333333371
                                                                                        },
                                                                                        "role" : "AXStaticText",
                                                                                        "pid" : 9595
                                                                                      },
                                                                                      {
                                                                                        "AXLabel" : "Right 25 mm sloper edge",
                                                                                        "help" : null,
                                                                                        "custom_actions" : [

                                                                                        ],
                                                                                        "content_required" : false,
                                                                                        "title" : null,
                                                                                        "frame" : {
                                                                                          "width" : 103,
                                                                                          "x" : 245,
                                                                                          "y" : 733.8446808510638,
                                                                                          "height" : 15.666666666666629
                                                                                        },
                                                                                        "AXUniqueId" : null,
                                                                                        "type" : "StaticText",
                                                                                        "enabled" : true,
                                                                                        "role_description" : "text",
                                                                                        "AXFrame" : "{{245, 733.8446808510638}, {103, 15.666666666666629}}",
                                                                                        "children" : [

                                                                                        ],
                                                                                        "AXValue" : null,
                                                                                        "subrole" : null,
                                                                                        "pid" : 9595,
                                                                                        "traits" : [

                                                                                        ],
                                                                                        "role" : "AXStaticText"
                                                                                      }
                                                                                    ],
                                                                                    "content_required" : false,
                                                                                    "role_description" : "button",
                                                                                    "custom_actions" : [

                                                                                    ],
                                                                                    "traits" : [

                                                                                    ],
                                                                                    "type" : "Button",
                                                                                    "subrole" : null,
                                                                                    "frame" : {
                                                                                      "width" : 163,
                                                                                      "x" : 205,
                                                                                      "y" : 722.66668701171875,
                                                                                      "height" : 38
                                                                                    },
                                                                                    "role" : "AXButton",
                                                                                    "AXValue" : null,
                                                                                    "AXUniqueId" : "boardDetail.holdLegend.sloper-edge-25-right",
                                                                                    "AXFrame" : "{{205, 722.66668701171875}, {163, 38}}",
                                                                                    "title" : null
                                                                                  },
                                                                                  {
                                                                                    "pid" : 9595,
                                                                                    "custom_actions" : [

                                                                                    ],
                                                                                    "AXValue" : null,
                                                                                    "content_required" : false,
                                                                                    "enabled" : true,
                                                                                    "children" : [
                                                                                      {
                                                                                        "custom_actions" : [

                                                                                        ],
                                                                                        "help" : null,
                                                                                        "role_description" : "text",
                                                                                        "type" : "StaticText",
                                                                                        "pid" : 9595,
                                                                                        "AXValue" : null,
                                                                                        "AXLabel" : "13",
                                                                                        "subrole" : null,
                                                                                        "role" : "AXStaticText",
                                                                                        "AXUniqueId" : null,
                                                                                        "AXFrame" : "{{46.666666666666664, 780.51134751773054}, {14.666666666666664, 14.333333333333371}}",
                                                                                        "children" : [

                                                                                        ],
                                                                                        "title" : null,
                                                                                        "content_required" : false,
                                                                                        "traits" : [

                                                                                        ],
                                                                                        "enabled" : true,
                                                                                        "frame" : {
                                                                                          "width" : 14.666666666666664,
                                                                                          "x" : 46.666666666666664,
                                                                                          "y" : 780.51134751773054,
                                                                                          "height" : 14.333333333333371
                                                                                        }
                                                                                      },
                                                                                      {
                                                                                        "role_description" : "text",
                                                                                        "content_required" : false,
                                                                                        "custom_actions" : [

                                                                                        ],
                                                                                        "frame" : {
                                                                                          "width" : 103.66666666666666,
                                                                                          "x" : 74,
                                                                                          "y" : 779.8446808510638,
                                                                                          "height" : 15.666666666666629
                                                                                        },
                                                                                        "type" : "StaticText",
                                                                                        "traits" : [

                                                                                        ],
                                                                                        "AXLabel" : "Right 30 mm sloper edge",
                                                                                        "pid" : 9595,
                                                                                        "AXValue" : null,
                                                                                        "enabled" : true,
                                                                                        "children" : [

                                                                                        ],
                                                                                        "role" : "AXStaticText",
                                                                                        "AXFrame" : "{{74, 779.8446808510638}, {103.66666666666666, 15.666666666666629}}",
                                                                                        "AXUniqueId" : null,
                                                                                        "subrole" : null,
                                                                                        "help" : null,
                                                                                        "title" : null
                                                                                      }
                                                                                    ],
                                                                                    "AXUniqueId" : "boardDetail.holdLegend.sloper-edge-30-right",
                                                                                    "subrole" : null,
                                                                                    "help" : null,
                                                                                    "AXFrame" : "{{34.000000000000028, 768.66666666666663}, {163, 38}}",
                                                                                    "traits" : [

                                                                                    ],
                                                                                    "title" : null,
                                                                                    "type" : "Button",
                                                                                    "role" : "AXButton",
                                                                                    "role_description" : "button",
                                                                                    "AXLabel" : "Hold 13: Right 30 mm sloper edge",
                                                                                    "frame" : {
                                                                                      "width" : 163,
                                                                                      "x" : 34.000000000000028,
                                                                                      "y" : 768.66666666666663,
                                                                                      "height" : 38
                                                                                    }
                                                                                  },
                                                                                  {
                                                                                    "content_required" : false,
                                                                                    "role" : "AXButton",
                                                                                    "children" : [
                                                                                      {
                                                                                        "subrole" : null,
                                                                                        "AXValue" : null,
                                                                                        "custom_actions" : [

                                                                                        ],
                                                                                        "content_required" : false,
                                                                                        "pid" : 9595,
                                                                                        "children" : [

                                                                                        ],
                                                                                        "role" : "AXStaticText",
                                                                                        "enabled" : true,
                                                                                        "AXLabel" : "14",
                                                                                        "title" : null,
                                                                                        "traits" : [

                                                                                        ],
                                                                                        "AXFrame" : "{{217.66666666666666, 780.51134751773054}, {14.666666666666657, 14.333333333333371}}",
                                                                                        "role_description" : "text",
                                                                                        "frame" : {
                                                                                          "width" : 14.666666666666657,
                                                                                          "x" : 217.66666666666666,
                                                                                          "y" : 780.51134751773054,
                                                                                          "height" : 14.333333333333371
                                                                                        },
                                                                                        "AXUniqueId" : null,
                                                                                        "help" : null,
                                                                                        "type" : "StaticText"
                                                                                      },
                                                                                      {
                                                                                        "AXUniqueId" : null,
                                                                                        "enabled" : true,
                                                                                        "type" : "StaticText",
                                                                                        "AXLabel" : "Right 30 mm edge",
                                                                                        "content_required" : false,
                                                                                        "help" : null,
                                                                                        "subrole" : null,
                                                                                        "role_description" : "text",
                                                                                        "AXFrame" : "{{245, 779.8446808510638}, {100.66666666666663, 15.666666666666629}}",
                                                                                        "AXValue" : null,
                                                                                        "pid" : 9595,
                                                                                        "traits" : [

                                                                                        ],
                                                                                        "frame" : {
                                                                                          "width" : 100.66666666666663,
                                                                                          "x" : 245,
                                                                                          "y" : 779.8446808510638,
                                                                                          "height" : 15.666666666666629
                                                                                        },
                                                                                        "custom_actions" : [

                                                                                        ],
                                                                                        "title" : null,
                                                                                        "children" : [

                                                                                        ],
                                                                                        "role" : "AXStaticText"
                                                                                      }
                                                                                    ],
                                                                                    "AXUniqueId" : "boardDetail.holdLegend.edge-30-right",
                                                                                    "title" : null,
                                                                                    "frame" : {
                                                                                      "width" : 163,
                                                                                      "x" : 205,
                                                                                      "y" : 768.66668701171875,
                                                                                      "height" : 38
                                                                                    },
                                                                                    "enabled" : true,
                                                                                    "pid" : 9595,
                                                                                    "traits" : [

                                                                                    ],
                                                                                    "AXFrame" : "{{205, 768.66668701171875}, {163, 38}}",
                                                                                    "type" : "Button",
                                                                                    "subrole" : null,
                                                                                    "AXValue" : null,
                                                                                    "AXLabel" : "Hold 14: Right 30 mm edge",
                                                                                    "help" : null,
                                                                                    "role_description" : "button",
                                                                                    "custom_actions" : [

                                                                                    ]
                                                                                  },
                                                                                  {
                                                                                    "subrole" : null,
                                                                                    "traits" : [

                                                                                    ],
                                                                                    "role" : "AXButton",
                                                                                    "AXValue" : null,
                                                                                    "AXLabel" : "Hold 15: Left 20 mm edge",
                                                                                    "role_description" : "button",
                                                                                    "AXUniqueId" : "boardDetail.holdLegend.edge-20-left",
                                                                                    "children" : [
                                                                                      {
                                                                                        "type" : "StaticText",
                                                                                        "AXLabel" : "15",
                                                                                        "AXValue" : null,
                                                                                        "children" : [

                                                                                        ],
                                                                                        "custom_actions" : [

                                                                                        ],
                                                                                        "AXFrame" : "{{46.666666666666664, 826.51134751773054}, {14.666666666666664, 14.333333333333371}}",
                                                                                        "help" : null,
                                                                                        "enabled" : true,
                                                                                        "traits" : [

                                                                                        ],
                                                                                        "pid" : 9595,
                                                                                        "frame" : {
                                                                                          "width" : 14.666666666666664,
                                                                                          "x" : 46.666666666666664,
                                                                                          "y" : 826.51134751773054,
                                                                                          "height" : 14.333333333333371
                                                                                        },
                                                                                        "role_description" : "text",
                                                                                        "subrole" : null,
                                                                                        "AXUniqueId" : null,
                                                                                        "role" : "AXStaticText",
                                                                                        "title" : null,
                                                                                        "content_required" : false
                                                                                      },
                                                                                      {
                                                                                        "frame" : {
                                                                                          "width" : 105,
                                                                                          "x" : 74,
                                                                                          "y" : 825.8446808510638,
                                                                                          "height" : 15.666666666666629
                                                                                        },
                                                                                        "children" : [

                                                                                        ],
                                                                                        "role_description" : "text",
                                                                                        "AXValue" : null,
                                                                                        "traits" : [

                                                                                        ],
                                                                                        "pid" : 9595,
                                                                                        "custom_actions" : [

                                                                                        ],
                                                                                        "AXFrame" : "{{74, 825.8446808510638}, {105, 15.666666666666629}}",
                                                                                        "AXLabel" : "Left 20 mm edge",
                                                                                        "AXUniqueId" : null,
                                                                                        "help" : null,
                                                                                        "content_required" : false,
                                                                                        "title" : null,
                                                                                        "role" : "AXStaticText",
                                                                                        "enabled" : true,
                                                                                        "subrole" : null,
                                                                                        "type" : "StaticText"
                                                                                      }
                                                                                    ],
                                                                                    "help" : null,
                                                                                    "AXFrame" : "{{34.000000000000028, 814.66666666666663}, {163, 38}}",
                                                                                    "content_required" : false,
                                                                                    "type" : "Button",
                                                                                    "custom_actions" : [

                                                                                    ],
                                                                                    "title" : null,
                                                                                    "enabled" : true,
                                                                                    "frame" : {
                                                                                      "width" : 163,
                                                                                      "x" : 34.000000000000028,
                                                                                      "y" : 814.66666666666663,
                                                                                      "height" : 38
                                                                                    },
                                                                                    "pid" : 9595
                                                                                  },
                                                                                  {
                                                                                    "children" : [
                                                                                      {
                                                                                        "subrole" : null,
                                                                                        "traits" : [

                                                                                        ],
                                                                                        "AXUniqueId" : null,
                                                                                        "frame" : {
                                                                                          "width" : 14.666666666666657,
                                                                                          "x" : 217.66666666666666,
                                                                                          "y" : 826.51134751773054,
                                                                                          "height" : 14.333333333333371
                                                                                        },
                                                                                        "help" : null,
                                                                                        "children" : [

                                                                                        ],
                                                                                        "title" : null,
                                                                                        "AXLabel" : "16",
                                                                                        "AXValue" : null,
                                                                                        "enabled" : true,
                                                                                        "content_required" : false,
                                                                                        "role_description" : "text",
                                                                                        "custom_actions" : [

                                                                                        ],
                                                                                        "role" : "AXStaticText",
                                                                                        "pid" : 9595,
                                                                                        "type" : "StaticText",
                                                                                        "AXFrame" : "{{217.66666666666666, 826.51134751773054}, {14.666666666666657, 14.333333333333371}}"
                                                                                      },
                                                                                      {
                                                                                        "AXValue" : null,
                                                                                        "AXLabel" : "Lower left 25 mm sloper edge",
                                                                                        "pid" : 9595,
                                                                                        "children" : [

                                                                                        ],
                                                                                        "custom_actions" : [

                                                                                        ],
                                                                                        "traits" : [

                                                                                        ],
                                                                                        "enabled" : true,
                                                                                        "AXFrame" : "{{245, 825.8446808510638}, {107, 15.666666666666629}}",
                                                                                        "content_required" : false,
                                                                                        "help" : null,
                                                                                        "role" : "AXStaticText",
                                                                                        "AXUniqueId" : null,
                                                                                        "role_description" : "text",
                                                                                        "type" : "StaticText",
                                                                                        "frame" : {
                                                                                          "width" : 107,
                                                                                          "x" : 245,
                                                                                          "y" : 825.8446808510638,
                                                                                          "height" : 15.666666666666629
                                                                                        },
                                                                                        "subrole" : null,
                                                                                        "title" : null
                                                                                      }
                                                                                    ],
                                                                                    "help" : null,
                                                                                    "AXValue" : null,
                                                                                    "subrole" : null,
                                                                                    "frame" : {
                                                                                      "width" : 163,
                                                                                      "x" : 205,
                                                                                      "y" : 814.66668701171875,
                                                                                      "height" : 38
                                                                                    },
                                                                                    "AXFrame" : "{{205, 814.66668701171875}, {163, 38}}",
                                                                                    "pid" : 9595,
                                                                                    "AXLabel" : "Hold 16: Lower left 25 mm sloper edge",
                                                                                    "role_description" : "button",
                                                                                    "title" : null,
                                                                                    "content_required" : false,
                                                                                    "traits" : [

                                                                                    ],
                                                                                    "custom_actions" : [

                                                                                    ],
                                                                                    "AXUniqueId" : "boardDetail.holdLegend.sloper-edge-25-lower-left",
                                                                                    "role" : "AXButton",
                                                                                    "enabled" : true,
                                                                                    "type" : "Button"
                                                                                  },
                                                                                  {
                                                                                    "AXLabel" : "Hold 17: Inner left 30 mm edge",
                                                                                    "type" : "Button",
                                                                                    "AXValue" : null,
                                                                                    "role_description" : "button",
                                                                                    "content_required" : false,
                                                                                    "AXFrame" : "{{34.000000000000028, 860.66666666666663}, {163, 38}}",
                                                                                    "AXUniqueId" : "boardDetail.holdLegend.edge-30-inner-left",
                                                                                    "children" : [
                                                                                      {
                                                                                        "AXValue" : null,
                                                                                        "content_required" : false,
                                                                                        "role_description" : "text",
                                                                                        "subrole" : null,
                                                                                        "children" : [

                                                                                        ],
                                                                                        "AXLabel" : "17",
                                                                                        "title" : null,
                                                                                        "pid" : 9595,
                                                                                        "role" : "AXStaticText",
                                                                                        "AXFrame" : "{{47, 872.51134751773054}, {14, 14.333333333333371}}",
                                                                                        "traits" : [

                                                                                        ],
                                                                                        "custom_actions" : [

                                                                                        ],
                                                                                        "type" : "StaticText",
                                                                                        "help" : null,
                                                                                        "enabled" : true,
                                                                                        "AXUniqueId" : null,
                                                                                        "frame" : {
                                                                                          "width" : 14,
                                                                                          "x" : 47,
                                                                                          "y" : 872.51134751773054,
                                                                                          "height" : 14.333333333333371
                                                                                        }
                                                                                      },
                                                                                      {
                                                                                        "frame" : {
                                                                                          "width" : 101.66666666666666,
                                                                                          "x" : 74,
                                                                                          "y" : 871.8446808510638,
                                                                                          "height" : 15.666666666666629
                                                                                        },
                                                                                        "subrole" : null,
                                                                                        "AXUniqueId" : null,
                                                                                        "role" : "AXStaticText",
                                                                                        "role_description" : "text",
                                                                                        "help" : null,
                                                                                        "enabled" : true,
                                                                                        "AXLabel" : "Inner left 30 mm edge",
                                                                                        "content_required" : false,
                                                                                        "title" : null,
                                                                                        "traits" : [

                                                                                        ],
                                                                                        "custom_actions" : [

                                                                                        ],
                                                                                        "pid" : 9595,
                                                                                        "children" : [

                                                                                        ],
                                                                                        "AXValue" : null,
                                                                                        "AXFrame" : "{{74, 871.8446808510638}, {101.66666666666666, 15.666666666666629}}",
                                                                                        "type" : "StaticText"
                                                                                      }
                                                                                    ],
                                                                                    "custom_actions" : [

                                                                                    ],
                                                                                    "role" : "AXButton",
                                                                                    "help" : null,
                                                                                    "subrole" : null,
                                                                                    "traits" : [

                                                                                    ],
                                                                                    "title" : null,
                                                                                    "frame" : {
                                                                                      "width" : 163,
                                                                                      "x" : 34.000000000000028,
                                                                                      "y" : 860.66666666666663,
                                                                                      "height" : 38
                                                                                    },
                                                                                    "pid" : 9595,
                                                                                    "enabled" : true
                                                                                  },
                                                                                  {
                                                                                    "frame" : {
                                                                                      "width" : 163,
                                                                                      "x" : 205,
                                                                                      "y" : 860.66668701171875,
                                                                                      "height" : 38
                                                                                    },
                                                                                    "help" : null,
                                                                                    "AXValue" : null,
                                                                                    "AXFrame" : "{{205, 860.66668701171875}, {163, 38}}",
                                                                                    "role_description" : "button",
                                                                                    "subrole" : null,
                                                                                    "enabled" : true,
                                                                                    "pid" : 9595,
                                                                                    "title" : null,
                                                                                    "children" : [
                                                                                      {
                                                                                        "pid" : 9595,
                                                                                        "children" : [

                                                                                        ],
                                                                                        "traits" : [

                                                                                        ],
                                                                                        "role" : "AXStaticText",
                                                                                        "AXFrame" : "{{217.66666666666666, 872.51134751773054}, {14.666666666666657, 14.333333333333371}}",
                                                                                        "AXLabel" : "18",
                                                                                        "AXUniqueId" : null,
                                                                                        "custom_actions" : [

                                                                                        ],
                                                                                        "type" : "StaticText",
                                                                                        "subrole" : null,
                                                                                        "AXValue" : null,
                                                                                        "role_description" : "text",
                                                                                        "content_required" : false,
                                                                                        "title" : null,
                                                                                        "enabled" : true,
                                                                                        "help" : null,
                                                                                        "frame" : {
                                                                                          "width" : 14.666666666666657,
                                                                                          "x" : 217.66666666666666,
                                                                                          "y" : 872.51134751773054,
                                                                                          "height" : 14.333333333333371
                                                                                        }
                                                                                      },
                                                                                      {
                                                                                        "AXFrame" : "{{245, 871.8446808510638}, {99.333333333333371, 15.666666666666629}}",
                                                                                        "enabled" : true,
                                                                                        "children" : [

                                                                                        ],
                                                                                        "AXUniqueId" : null,
                                                                                        "role" : "AXStaticText",
                                                                                        "title" : null,
                                                                                        "help" : null,
                                                                                        "custom_actions" : [

                                                                                        ],
                                                                                        "AXLabel" : "Center 30 mm sloper edge",
                                                                                        "traits" : [

                                                                                        ],
                                                                                        "subrole" : null,
                                                                                        "type" : "StaticText",
                                                                                        "role_description" : "text",
                                                                                        "AXValue" : null,
                                                                                        "content_required" : false,
                                                                                        "frame" : {
                                                                                          "width" : 99.333333333333371,
                                                                                          "x" : 245,
                                                                                          "y" : 871.8446808510638,
                                                                                          "height" : 15.666666666666629
                                                                                        },
                                                                                        "pid" : 9595
                                                                                      }
                                                                                    ],
                                                                                    "type" : "Button",
                                                                                    "AXLabel" : "Hold 18: Center 30 mm sloper edge",
                                                                                    "traits" : [

                                                                                    ],
                                                                                    "role" : "AXButton",
                                                                                    "content_required" : false,
                                                                                    "AXUniqueId" : "boardDetail.holdLegend.sloper-edge-30-center",
                                                                                    "custom_actions" : [

                                                                                    ]
                                                                                  }
                                                                                ]
                                                                              }
                                                                            ],
                                                                            "AXFrame" : "{{0, 116}, {402, 1044.6666666666665}}",
                                                                            "traits" : [

                                                                            ],
                                                                            "content_required" : false,
                                                                            "role" : "AXGroup",
                                                                            "role_description" : "group"
                                                                          }
                                                                        ],
                                                                        "role_description" : "Group",
                                                                        "AXUniqueId" : "boardDetail.screen",
                                                                        "enabled" : true,
                                                                        "custom_actions" : [

                                                                        ],
                                                                        "role" : "AXScrollArea",
                                                                        "content_required" : false,
                                                                        "title" : null,
                                                                        "frame" : {
                                                                          "width" : 402,
                                                                          "x" : 0,
                                                                          "y" : 0,
                                                                          "height" : 874
                                                                        },
                                                                        "AXValue" : null,
                                                                        "help" : null,
                                                                        "AXLabel" : null,
                                                                        "traits" : [

                                                                        ],
                                                                        "pid" : 9595,
                                                                        "AXFrame" : "{{0, 0}, {402, 874}}",
                                                                        "type" : "ScrollArea",
                                                                        "subrole" : null
                                                                      }
                                                                    ],
                                                                    "pid" : 9595,
                                                                    "content_required" : false,
                                                                    "custom_actions" : [

                                                                    ],
                                                                    "frame" : {
                                                                      "width" : 402,
                                                                      "x" : 0,
                                                                      "y" : 0,
                                                                      "height" : 874
                                                                    }
                                                                  }
                                                                ],
                                                                "AXUniqueId" : null,
                                                                "custom_actions" : [

                                                                ],
                                                                "title" : null,
                                                                "traits" : [

                                                                ],
                                                                "pid" : 9595,
                                                                "AXFrame" : "{{0, 0}, {402, 874}}",
                                                                "type" : "Group",
                                                                "enabled" : true,
                                                                "AXLabel" : null,
                                                                "help" : null,
                                                                "subrole" : null,
                                                                "content_required" : false,
                                                                "frame" : {
                                                                  "width" : 402,
                                                                  "x" : 0,
                                                                  "y" : 0,
                                                                  "height" : 874
                                                                },
                                                                "role" : "AXGroup",
                                                                "AXValue" : null
                                                              }
                                                            ],
                                                            "traits" : [

                                                            ],
                                                            "custom_actions" : [

                                                            ],
                                                            "help" : null,
                                                            "enabled" : true,
                                                            "content_required" : false
                                                          }
                                                        ],
                                                        "role_description" : "group",
                                                        "custom_actions" : [

                                                        ],
                                                        "content_required" : false,
                                                        "role" : "AXGroup",
                                                        "subrole" : null,
                                                        "type" : "Group",
                                                        "enabled" : true,
                                                        "title" : null,
                                                        "AXLabel" : null,
                                                        "AXValue" : null,
                                                        "AXUniqueId" : null
                                                      },
                                                      {
                                                        "title" : null,
                                                        "pid" : 9595,
                                                        "role_description" : "group",
                                                        "children" : [
                                                          {
                                                            "role" : "AXGroup",
                                                            "role_description" : "group",
                                                            "help" : null,
                                                            "frame" : {
                                                              "width" : 402,
                                                              "x" : 0,
                                                              "y" : 0,
                                                              "height" : 874
                                                            },
                                                            "AXUniqueId" : null,
                                                            "AXFrame" : "{{0, 0}, {402, 874}}",
                                                            "custom_actions" : [

                                                            ],
                                                            "title" : null,
                                                            "AXValue" : null,
                                                            "enabled" : true,
                                                            "subrole" : null,
                                                            "children" : [

                                                            ],
                                                            "traits" : [

                                                            ],
                                                            "content_required" : false,
                                                            "AXLabel" : null,
                                                            "type" : "Group",
                                                            "pid" : 9595
                                                          }
                                                        ],
                                                        "enabled" : true,
                                                        "AXLabel" : null,
                                                        "frame" : {
                                                          "width" : 402,
                                                          "x" : 0,
                                                          "y" : 0,
                                                          "height" : 874
                                                        },
                                                        "subrole" : null,
                                                        "traits" : [

                                                        ],
                                                        "AXValue" : null,
                                                        "role" : "AXGroup",
                                                        "custom_actions" : [

                                                        ],
                                                        "help" : null,
                                                        "AXFrame" : "{{0, 0}, {402, 874}}",
                                                        "content_required" : false,
                                                        "type" : "Group",
                                                        "AXUniqueId" : null
                                                      }
                                                    ],
                                                    "frame" : {
                                                      "width" : 402,
                                                      "x" : 0,
                                                      "y" : 0,
                                                      "height" : 874
                                                    },
                                                    "role_description" : "group",
                                                    "title" : null,
                                                    "AXUniqueId" : null,
                                                    "AXLabel" : null,
                                                    "traits" : [

                                                    ],
                                                    "AXFrame" : "{{0, 0}, {402, 874}}",
                                                    "help" : null,
                                                    "custom_actions" : [

                                                    ],
                                                    "AXValue" : null,
                                                    "pid" : 9595
                                                  }
                                                ],
                                                "type" : "Group",
                                                "enabled" : true,
                                                "AXLabel" : null,
                                                "title" : null,
                                                "pid" : 9595,
                                                "AXUniqueId" : null,
                                                "AXValue" : null,
                                                "traits" : [

                                                ],
                                                "content_required" : false,
                                                "role_description" : "group",
                                                "custom_actions" : [

                                                ],
                                                "AXFrame" : "{{0, 0}, {402, 874}}",
                                                "role" : "AXGroup",
                                                "subrole" : null,
                                                "frame" : {
                                                  "y" : 0,
                                                  "width" : 402,
                                                  "height" : 874,
                                                  "x" : 0
                                                }
                                              }
                                            ],
                                            "traits" : [

                                            ],
                                            "custom_actions" : [

                                            ],
                                            "AXValue" : null,
                                            "content_required" : false,
                                            "AXLabel" : null,
                                            "enabled" : true,
                                            "AXUniqueId" : null,
                                            "pid" : 9595
                                          }
                                        ],
                                        "traits" : [

                                        ]
                                      }
                                    ],
                                    "subrole" : null,
                                    "role_description" : "group",
                                    "AXFrame" : "{{0, 0}, {402, 874}}"
                                  }
                                ],
                                "content_required" : false
                              },
                              {
                                "role" : "AXGroup",
                                "type" : "Group",
                                "AXLabel" : null,
                                "enabled" : true,
                                "content_required" : false,
                                "custom_actions" : [

                                ],
                                "role_description" : "group",
                                "AXFrame" : "{{0, 791}, {402, 83}}",
                                "frame" : {
                                  "y" : 791,
                                  "width" : 402,
                                  "height" : 83,
                                  "x" : 0
                                },
                                "subrole" : null,
                                "AXUniqueId" : null,
                                "traits" : [

                                ],
                                "AXValue" : null,
                                "help" : null,
                                "children" : [
                                  {
                                    "role" : "AXGroup",
                                    "subrole" : null,
                                    "role_description" : "group",
                                    "AXValue" : null,
                                    "pid" : 9595,
                                    "AXFrame" : "{{0, 0}, {402, 874}}",
                                    "children" : [
                                      {
                                        "help" : null,
                                        "title" : null,
                                        "AXValue" : null,
                                        "custom_actions" : [

                                        ],
                                        "enabled" : true,
                                        "AXUniqueId" : null,
                                        "role" : "AXGroup",
                                        "content_required" : false,
                                        "AXFrame" : "{{0, 791}, {402, 83}}",
                                        "children" : [
                                          {
                                            "pid" : 9595,
                                            "content_required" : false,
                                            "custom_actions" : [

                                            ],
                                            "AXLabel" : null,
                                            "frame" : {
                                              "y" : 791,
                                              "width" : 274,
                                              "height" : 62,
                                              "x" : 64
                                            },
                                            "help" : null,
                                            "children" : [
                                              {
                                                "AXFrame" : "{{64, 791}, {94, 54}}",
                                                "AXLabel" : null,
                                                "enabled" : true,
                                                "role" : "AXGroup",
                                                "traits" : [

                                                ],
                                                "AXUniqueId" : null,
                                                "title" : null,
                                                "subrole" : null,
                                                "AXValue" : null,
                                                "content_required" : false,
                                                "pid" : 9595,
                                                "frame" : {
                                                  "y" : 791,
                                                  "width" : 94,
                                                  "height" : 54,
                                                  "x" : 64
                                                },
                                                "custom_actions" : [

                                                ],
                                                "help" : null,
                                                "children" : [

                                                ],
                                                "role_description" : "group",
                                                "type" : "Group"
                                              },
                                              {
                                                "AXValue" : null,
                                                "pid" : 9595,
                                                "role_description" : "group",
                                                "role" : "AXGroup",
                                                "enabled" : true,
                                                "AXLabel" : null,
                                                "traits" : [

                                                ],
                                                "subrole" : null,
                                                "AXFrame" : "{{64, 791}, {274, 62}}",
                                                "AXUniqueId" : null,
                                                "type" : "Group",
                                                "content_required" : false,
                                                "help" : null,
                                                "children" : [
                                                  {
                                                    "subrole" : "AXTabButton",
                                                    "content_required" : false,
                                                    "role" : "AXRadioButton",
                                                    "help" : null,
                                                    "AXValue" : 1,
                                                    "frame" : {
                                                      "y" : 795,
                                                      "width" : 94,
                                                      "height" : 54,
                                                      "x" : 68
                                                    },
                                                    "enabled" : true,
                                                    "custom_actions" : [

                                                    ],
                                                    "children" : [
                                                      {
                                                        "AXFrame" : "{{100, 797}, {30, 35.666666666666629}}",
                                                        "type" : "Image",
                                                        "AXUniqueId" : "figure.climbing",
                                                        "AXLabel" : "figure.climbing",
                                                        "traits" : [

                                                        ],
                                                        "title" : null,
                                                        "AXValue" : null,
                                                        "pid" : 9595,
                                                        "custom_actions" : [

                                                        ],
                                                        "subrole" : null,
                                                        "help" : null,
                                                        "enabled" : true,
                                                        "role_description" : "image",
                                                        "children" : [

                                                        ],
                                                        "role" : "AXImage",
                                                        "content_required" : false,
                                                        "frame" : {
                                                          "y" : 797,
                                                          "width" : 30,
                                                          "height" : 35.666666666666629,
                                                          "x" : 100
                                                        }
                                                      }
                                                    ],
                                                    "traits" : [

                                                    ],
                                                    "AXUniqueId" : "figure.climbing",
                                                    "pid" : 9595,
                                                    "role_description" : "tab",
                                                    "type" : "RadioButton",
                                                    "AXLabel" : "Train",
                                                    "title" : null,
                                                    "AXFrame" : "{{68, 795}, {94, 54}}"
                                                  },
                                                  {
                                                    "AXValue" : 0,
                                                    "custom_actions" : [

                                                    ],
                                                    "enabled" : true,
                                                    "subrole" : "AXTabButton",
                                                    "type" : "RadioButton",
                                                    "content_required" : false,
                                                    "frame" : {
                                                      "y" : 795,
                                                      "width" : 94,
                                                      "height" : 54,
                                                      "x" : 154
                                                    },
                                                    "AXUniqueId" : "list.bullet.rectangle.portrait.fill",
                                                    "AXFrame" : "{{154, 795}, {94, 54}}",
                                                    "title" : null,
                                                    "pid" : 9595,
                                                    "help" : null,
                                                    "traits" : [

                                                    ],
                                                    "AXLabel" : "Plans",
                                                    "children" : [
                                                      {
                                                        "AXFrame" : "{{188, 800.66666666666663}, {25.333333333333343, 28.666666666666629}}",
                                                        "type" : "Image",
                                                        "title" : null,
                                                        "frame" : {
                                                          "y" : 800.66666666666663,
                                                          "height" : 28.666666666666629,
                                                          "width" : 25.333333333333343,
                                                          "x" : 188
                                                        },
                                                        "enabled" : true,
                                                        "children" : [

                                                        ],
                                                        "AXLabel" : "list.bullet.rectangle.portrait.fill",
                                                        "help" : null,
                                                        "custom_actions" : [

                                                        ],
                                                        "traits" : [

                                                        ],
                                                        "subrole" : null,
                                                        "AXUniqueId" : "list.bullet.rectangle.portrait.fill",
                                                        "AXValue" : null,
                                                        "pid" : 9595,
                                                        "content_required" : false,
                                                        "role_description" : "image",
                                                        "role" : "AXImage"
                                                      }
                                                    ],
                                                    "role_description" : "tab",
                                                    "role" : "AXRadioButton"
                                                  },
                                                  {
                                                    "frame" : {
                                                      "y" : 795,
                                                      "width" : 94,
                                                      "height" : 54,
                                                      "x" : 240
                                                    },
                                                    "enabled" : true,
                                                    "pid" : 9595,
                                                    "children" : [
                                                      {
                                                        "role_description" : "image",
                                                        "AXFrame" : "{{272.66666666666663, 801.33333333333337}, {27.666666666666686, 27.333333333333371}}",
                                                        "frame" : {
                                                          "y" : 801.33333333333337,
                                                          "width" : 27.666666666666686,
                                                          "height" : 27.333333333333371,
                                                          "x" : 272.66666666666663
                                                        },
                                                        "subrole" : null,
                                                        "traits" : [

                                                        ],
                                                        "AXUniqueId" : "clock.arrow.trianglehead.counterclockwise.rotate.90",
                                                        "help" : null,
                                                        "AXLabel" : "clock.arrow.trianglehead.counterclockwise.rotate.90",
                                                        "title" : null,
                                                        "type" : "Image",
                                                        "enabled" : true,
                                                        "pid" : 9595,
                                                        "children" : [

                                                        ],
                                                        "custom_actions" : [

                                                        ],
                                                        "role" : "AXImage",
                                                        "content_required" : false,
                                                        "AXValue" : null
                                                      }
                                                    ],
                                                    "content_required" : false,
                                                    "AXUniqueId" : "clock.arrow.circlepath",
                                                    "type" : "RadioButton",
                                                    "help" : null,
                                                    "custom_actions" : [

                                                    ],
                                                    "AXLabel" : "History",
                                                    "role_description" : "tab",
                                                    "AXValue" : 0,
                                                    "title" : null,
                                                    "AXFrame" : "{{240, 795}, {94, 54}}",
                                                    "role" : "AXRadioButton",
                                                    "subrole" : "AXTabButton",
                                                    "traits" : [

                                                    ]
                                                  }
                                                ],
                                                "frame" : {
                                                  "y" : 791,
                                                  "width" : 274,
                                                  "height" : 62,
                                                  "x" : 64
                                                },
                                                "title" : null,
                                                "custom_actions" : [

                                                ]
                                              },
                                              {
                                                "subrole" : null,
                                                "type" : "Group",
                                                "traits" : [

                                                ],
                                                "role_description" : "group",
                                                "help" : null,
                                                "AXUniqueId" : null,
                                                "AXLabel" : null,
                                                "role" : "AXGroup",
                                                "frame" : {
                                                  "y" : 795,
                                                  "width" : 94,
                                                  "height" : 54,
                                                  "x" : 68
                                                },
                                                "content_required" : false,
                                                "title" : null,
                                                "enabled" : true,
                                                "custom_actions" : [

                                                ],
                                                "pid" : 9595,
                                                "children" : [
                                                  {
                                                    "AXValue" : null,
                                                    "AXFrame" : "{{68, 795}, {94, 54}}",
                                                    "subrole" : null,
                                                    "help" : null,
                                                    "role_description" : "group",
                                                    "type" : "Group",
                                                    "title" : null,
                                                    "frame" : {
                                                      "y" : 795,
                                                      "width" : 94,
                                                      "height" : 54,
                                                      "x" : 68
                                                    },
                                                    "traits" : [

                                                    ],
                                                    "AXUniqueId" : null,
                                                    "custom_actions" : [

                                                    ],
                                                    "AXLabel" : null,
                                                    "enabled" : true,
                                                    "content_required" : false,
                                                    "role" : "AXGroup",
                                                    "pid" : 9595,
                                                    "children" : [
                                                      {
                                                        "custom_actions" : [

                                                        ],
                                                        "content_required" : false,
                                                        "enabled" : true,
                                                        "AXValue" : null,
                                                        "AXLabel" : null,
                                                        "AXFrame" : "{{68, 795}, {94, 54}}",
                                                        "frame" : {
                                                          "y" : 795,
                                                          "width" : 94,
                                                          "height" : 54,
                                                          "x" : 68
                                                        },
                                                        "role_description" : "group",
                                                        "type" : "Group",
                                                        "AXUniqueId" : null,
                                                        "subrole" : null,
                                                        "traits" : [

                                                        ],
                                                        "children" : [

                                                        ],
                                                        "role" : "AXGroup",
                                                        "help" : null,
                                                        "pid" : 9595,
                                                        "title" : null
                                                      },
                                                      {
                                                        "title" : null,
                                                        "custom_actions" : [

                                                        ],
                                                        "subrole" : null,
                                                        "content_required" : false,
                                                        "pid" : 9595,
                                                        "traits" : [

                                                        ],
                                                        "type" : "Group",
                                                        "frame" : {
                                                          "y" : 795,
                                                          "width" : 94,
                                                          "height" : 54,
                                                          "x" : 68
                                                        },
                                                        "help" : null,
                                                        "AXUniqueId" : null,
                                                        "children" : [
                                                          {
                                                            "help" : null,
                                                            "custom_actions" : [

                                                            ],
                                                            "pid" : 9595,
                                                            "AXLabel" : null,
                                                            "enabled" : true,
                                                            "children" : [
                                                              {
                                                                "AXFrame" : "{{68, 795}, {94, 54}}",
                                                                "title" : null,
                                                                "type" : "Group",
                                                                "subrole" : null,
                                                                "content_required" : false,
                                                                "custom_actions" : [

                                                                ],
                                                                "pid" : 9595,
                                                                "enabled" : true,
                                                                "role_description" : "group",
                                                                "AXLabel" : null,
                                                                "role" : "AXGroup",
                                                                "AXValue" : null,
                                                                "traits" : [

                                                                ],
                                                                "help" : null,
                                                                "children" : [
                                                                  {
                                                                    "AXUniqueId" : null,
                                                                    "traits" : [

                                                                    ],
                                                                    "role" : "AXGroup",
                                                                    "type" : "Group",
                                                                    "frame" : {
                                                                      "y" : 795,
                                                                      "width" : 94,
                                                                      "height" : 54,
                                                                      "x" : 68
                                                                    },
                                                                    "pid" : 9595,
                                                                    "custom_actions" : [

                                                                    ],
                                                                    "AXFrame" : "{{68, 795}, {94, 54}}",
                                                                    "AXValue" : null,
                                                                    "children" : [

                                                                    ],
                                                                    "title" : null,
                                                                    "subrole" : null,
                                                                    "AXLabel" : null,
                                                                    "role_description" : "group",
                                                                    "help" : null,
                                                                    "content_required" : false,
                                                                    "enabled" : true
                                                                  }
                                                                ],
                                                                "AXUniqueId" : null,
                                                                "frame" : {
                                                                  "y" : 795,
                                                                  "height" : 54,
                                                                  "width" : 94,
                                                                  "x" : 68
                                                                }
                                                              },
                                                              {
                                                                "traits" : [

                                                                ],
                                                                "frame" : {
                                                                  "y" : 795,
                                                                  "width" : 94,
                                                                  "height" : 54,
                                                                  "x" : 68
                                                                },
                                                                "role" : "AXGroup",
                                                                "type" : "Group",
                                                                "custom_actions" : [

                                                                ],
                                                                "enabled" : true,
                                                                "subrole" : null,
                                                                "pid" : 9595,
                                                                "AXFrame" : "{{68, 795}, {94, 54}}",
                                                                "AXUniqueId" : null,
                                                                "title" : null,
                                                                "role_description" : "group",
                                                                "content_required" : false,
                                                                "help" : null,
                                                                "AXLabel" : null,
                                                                "children" : [

                                                                ],
                                                                "AXValue" : null
                                                              }
                                                            ],
                                                            "subrole" : null,
                                                            "title" : null,
                                                            "AXUniqueId" : null,
                                                            "frame" : {
                                                              "y" : 795,
                                                              "height" : 54,
                                                              "width" : 94,
                                                              "x" : 68
                                                            },
                                                            "role_description" : "group",
                                                            "type" : "Group",
                                                            "traits" : [

                                                            ],
                                                            "AXValue" : null,
                                                            "content_required" : false,
                                                            "AXFrame" : "{{68, 795}, {94, 54}}",
                                                            "role" : "AXGroup"
                                                          },
                                                          {
                                                            "AXFrame" : "{{68, 795}, {94, 54}}",
                                                            "custom_actions" : [

                                                            ],
                                                            "AXUniqueId" : null,
                                                            "pid" : 9595,
                                                            "content_required" : false,
                                                            "type" : "Group",
                                                            "traits" : [

                                                            ],
                                                            "subrole" : null,
                                                            "AXLabel" : null,
                                                            "children" : [

                                                            ],
                                                            "AXValue" : null,
                                                            "help" : null,
                                                            "enabled" : true,
                                                            "role_description" : "group",
                                                            "frame" : {
                                                              "y" : 795,
                                                              "width" : 94,
                                                              "height" : 54,
                                                              "x" : 68
                                                            },
                                                            "title" : null,
                                                            "role" : "AXGroup"
                                                          }
                                                        ],
                                                        "role_description" : "group",
                                                        "enabled" : true,
                                                        "role" : "AXGroup",
                                                        "AXValue" : null,
                                                        "AXLabel" : null,
                                                        "AXFrame" : "{{68, 795}, {94, 54}}"
                                                      }
                                                    ]
                                                  }
                                                ],
                                                "AXFrame" : "{{68, 795}, {94, 54}}",
                                                "AXValue" : null
                                              }
                                            ],
                                            "role_description" : "group",
                                            "role" : "AXGroup",
                                            "AXValue" : null,
                                            "enabled" : true,
                                            "title" : null,
                                            "AXUniqueId" : null,
                                            "subrole" : null,
                                            "type" : "Group",
                                            "traits" : [

                                            ],
                                            "AXFrame" : "{{64, 791}, {274, 62}}"
                                          }
                                        ],
                                        "role_description" : "group",
                                        "traits" : [

                                        ],
                                        "frame" : {
                                          "y" : 791,
                                          "height" : 83,
                                          "width" : 402,
                                          "x" : 0
                                        },
                                        "subrole" : null,
                                        "type" : "Group",
                                        "AXLabel" : "Tab Bar",
                                        "pid" : 9595
                                      }
                                    ],
                                    "AXLabel" : null,
                                    "title" : null,
                                    "frame" : {
                                      "y" : 0,
                                      "height" : 874,
                                      "width" : 402,
                                      "x" : 0
                                    },
                                    "type" : "Group",
                                    "help" : null,
                                    "AXUniqueId" : null,
                                    "traits" : [

                                    ],
                                    "custom_actions" : [

                                    ],
                                    "content_required" : false,
                                    "enabled" : true
                                  },
                                  {
                                    "pid" : 9595,
                                    "custom_actions" : [

                                    ],
                                    "AXUniqueId" : null,
                                    "AXFrame" : "{{0, 791}, {402, 83}}",
                                    "type" : "Group",
                                    "AXLabel" : null,
                                    "frame" : {
                                      "y" : 791,
                                      "width" : 402,
                                      "height" : 83,
                                      "x" : 0
                                    },
                                    "role" : "AXGroup",
                                    "role_description" : "group",
                                    "help" : null,
                                    "enabled" : true,
                                    "subrole" : null,
                                    "AXValue" : null,
                                    "traits" : [

                                    ],
                                    "title" : null,
                                    "children" : [
                                      {
                                        "traits" : [

                                        ],
                                        "role" : "AXGroup",
                                        "AXUniqueId" : null,
                                        "content_required" : false,
                                        "help" : null,
                                        "enabled" : true,
                                        "pid" : 9595,
                                        "title" : null,
                                        "AXLabel" : null,
                                        "type" : "Group",
                                        "frame" : {
                                          "y" : 791,
                                          "width" : 402,
                                          "height" : 83,
                                          "x" : 0
                                        },
                                        "subrole" : null,
                                        "custom_actions" : [

                                        ],
                                        "AXFrame" : "{{0, 791}, {402, 83}}",
                                        "role_description" : "group",
                                        "AXValue" : null,
                                        "children" : [
                                          {
                                            "AXLabel" : null,
                                            "frame" : {
                                              "y" : 791,
                                              "width" : 402,
                                              "height" : 83,
                                              "x" : 0
                                            },
                                            "subrole" : null,
                                            "content_required" : false,
                                            "AXUniqueId" : null,
                                            "AXFrame" : "{{0, 791}, {402, 83}}",
                                            "role_description" : "group",
                                            "pid" : 9595,
                                            "title" : null,
                                            "enabled" : true,
                                            "traits" : [

                                            ],
                                            "AXValue" : null,
                                            "role" : "AXGroup",
                                            "custom_actions" : [

                                            ],
                                            "children" : [
                                              {
                                                "enabled" : true,
                                                "role_description" : "group",
                                                "AXFrame" : "{{0, 791}, {402, 83}}",
                                                "type" : "Group",
                                                "help" : null,
                                                "pid" : 9595,
                                                "children" : [
                                                  {
                                                    "traits" : [

                                                    ],
                                                    "subrole" : null,
                                                    "role" : "AXGroup",
                                                    "AXFrame" : "{{0, 791}, {402, 83}}",
                                                    "role_description" : "group",
                                                    "AXValue" : null,
                                                    "title" : null,
                                                    "content_required" : false,
                                                    "frame" : {
                                                      "y" : 791,
                                                      "width" : 402,
                                                      "height" : 83,
                                                      "x" : 0
                                                    },
                                                    "pid" : 9595,
                                                    "custom_actions" : [

                                                    ],
                                                    "AXUniqueId" : null,
                                                    "help" : null,
                                                    "enabled" : true,
                                                    "AXLabel" : null,
                                                    "type" : "Group",
                                                    "children" : [
                                                      {
                                                        "role_description" : "group",
                                                        "AXFrame" : "{{0, 791}, {402, 83}}",
                                                        "type" : "Group",
                                                        "children" : [

                                                        ],
                                                        "traits" : [

                                                        ],
                                                        "pid" : 9595,
                                                        "help" : null,
                                                        "title" : null,
                                                        "enabled" : true,
                                                        "frame" : {
                                                          "y" : 791,
                                                          "height" : 83,
                                                          "width" : 402,
                                                          "x" : 0
                                                        },
                                                        "AXValue" : null,
                                                        "AXUniqueId" : null,
                                                        "content_required" : false,
                                                        "AXLabel" : null,
                                                        "role" : "AXGroup",
                                                        "subrole" : null,
                                                        "custom_actions" : [

                                                        ]
                                                      }
                                                    ]
                                                  }
                                                ],
                                                "AXUniqueId" : null,
                                                "custom_actions" : [

                                                ],
                                                "AXLabel" : null,
                                                "content_required" : false,
                                                "role" : "AXGroup",
                                                "traits" : [

                                                ],
                                                "frame" : {
                                                  "y" : 791,
                                                  "height" : 83,
                                                  "width" : 402,
                                                  "x" : 0
                                                },
                                                "AXValue" : null,
                                                "subrole" : null,
                                                "title" : null
                                              },
                                              {
                                                "AXLabel" : null,
                                                "role_description" : "group",
                                                "frame" : {
                                                  "y" : 791,
                                                  "height" : 83,
                                                  "width" : 402,
                                                  "x" : 0
                                                },
                                                "AXFrame" : "{{0, 791}, {402, 83}}",
                                                "custom_actions" : [

                                                ],
                                                "type" : "Group",
                                                "traits" : [

                                                ],
                                                "pid" : 9595,
                                                "role" : "AXGroup",
                                                "help" : null,
                                                "subrole" : null,
                                                "AXValue" : null,
                                                "AXUniqueId" : null,
                                                "title" : null,
                                                "children" : [
                                                  {
                                                    "content_required" : false,
                                                    "role" : "AXGroup",
                                                    "role_description" : "group",
                                                    "custom_actions" : [

                                                    ],
                                                    "help" : null,
                                                    "AXValue" : null,
                                                    "children" : [

                                                    ],
                                                    "subrole" : null,
                                                    "pid" : 9595,
                                                    "title" : null,
                                                    "enabled" : true,
                                                    "AXFrame" : "{{0, 791}, {402, 83}}",
                                                    "traits" : [

                                                    ],
                                                    "AXLabel" : null,
                                                    "frame" : {
                                                      "y" : 791,
                                                      "width" : 402,
                                                      "height" : 83,
                                                      "x" : 0
                                                    },
                                                    "AXUniqueId" : null,
                                                    "type" : "Group"
                                                  }
                                                ],
                                                "enabled" : true,
                                                "content_required" : false
                                              }
                                            ],
                                            "type" : "Group",
                                            "help" : null
                                          }
                                        ]
                                      }
                                    ],
                                    "content_required" : false
                                  }
                                ],
                                "title" : null,
                                "pid" : 9595
                              }
                            ],
                            "traits" : [

                            ],
                            "AXUniqueId" : null,
                            "role" : "AXGroup",
                            "help" : null,
                            "AXValue" : null
                          }
                        ],
                        "type" : "Group",
                        "frame" : {
                          "y" : 0,
                          "height" : 874,
                          "width" : 402,
                          "x" : 0
                        },
                        "help" : null,
                        "custom_actions" : [

                        ],
                        "pid" : 9595,
                        "AXValue" : null,
                        "title" : null,
                        "traits" : [

                        ],
                        "AXFrame" : "{{0, 0}, {402, 874}}",
                        "AXUniqueId" : null
                      }
                    ],
                    "frame" : {
                      "y" : 0,
                      "height" : 874,
                      "width" : 402,
                      "x" : 0
                    },
                    "AXValue" : null,
                    "help" : null,
                    "AXFrame" : "{{0, 0}, {402, 874}}",
                    "role_description" : "group",
                    "content_required" : false
                  }
                ],
                "frame" : {
                  "x" : 0,
                  "height" : 874,
                  "y" : 0,
                  "width" : 402
                },
                "help" : null,
                "AXLabel" : null,
                "role_description" : "group"
              }
            ],
            "AXFrame" : "{{0, 0}, {402, 874}}",
            "AXUniqueId" : null,
            "traits" : [

            ],
            "pid" : 9595,
            "frame" : {
              "width" : 402,
              "height" : 874,
              "y" : 0,
              "x" : 0
            }
          }
        ],
        "role" : "AXGroup",
        "frame" : {
          "width" : 402,
          "height" : 874,
          "y" : 0,
          "x" : 0
        },
        "subrole" : null,
        "traits" : [

        ]
      }
    ],
    "content_required" : false,
    "pid" : 9595,
    "traits" : [

    ],
    "enabled" : true,
    "AXUniqueId" : null,
    "title" : null,
    "frame" : {
      "width" : 402,
      "height" : 874,
      "y" : 0,
      "x" : 0
    },
    "role" : "AXApplication",
    "AXValue" : null,
    "role_description" : "application"
  }
]
