[
  {
    "type" : "Application",
    "help" : null,
    "title" : null,
    "role" : "AXApplication",
    "enabled" : true,
    "traits" : [

    ],
    "role_description" : "application",
    "content_required" : false,
    "AXValue" : null,
    "AXUniqueId" : null,
    "AXFrame" : "{{0, 0}, {402, 874}}",
    "custom_actions" : [

    ],
    "AXLabel" : "Hang Ten",
    "subrole" : null,
    "pid" : 12202,
    "children" : [
      {
        "title" : null,
        "AXLabel" : null,
        "AXUniqueId" : null,
        "pid" : 12202,
        "traits" : [

        ],
        "AXFrame" : "{{0, 0}, {402, 874}}",
        "children" : [
          {
            "content_required" : false,
            "role_description" : "group",
            "custom_actions" : [

            ],
            "type" : "Group",
            "help" : null,
            "traits" : [

            ],
            "AXValue" : null,
            "frame" : {
              "y" : 0,
              "width" : 402,
              "height" : 874,
              "x" : 0
            },
            "subrole" : null,
            "title" : null,
            "role" : "AXGroup",
            "children" : [
              {
                "AXValue" : null,
                "title" : null,
                "frame" : {
                  "y" : 0,
                  "width" : 402,
                  "x" : 0,
                  "height" : 874
                },
                "pid" : 12202,
                "children" : [
                  {
                    "type" : "Group",
                    "role_description" : "group",
                    "AXUniqueId" : null,
                    "frame" : {
                      "y" : 0,
                      "width" : 402,
                      "height" : 874,
                      "x" : 0
                    },
                    "enabled" : true,
                    "children" : [
                      {
                        "title" : null,
                        "enabled" : true,
                        "role_description" : "group",
                        "AXLabel" : null,
                        "AXValue" : null,
                        "subrole" : null,
                        "content_required" : false,
                        "role" : "AXGroup",
                        "AXUniqueId" : null,
                        "AXFrame" : "{{0, 0}, {402, 874}}",
                        "children" : [
                          {
                            "role" : "AXGroup",
                            "traits" : [

                            ],
                            "subrole" : null,
                            "AXLabel" : null,
                            "enabled" : true,
                            "type" : "Group",
                            "custom_actions" : [

                            ],
                            "role_description" : "group",
                            "AXFrame" : "{{0, 0}, {402, 874}}",
                            "help" : null,
                            "children" : [
                              {
                                "frame" : {
                                  "y" : 0,
                                  "width" : 402,
                                  "x" : 0,
                                  "height" : 874
                                },
                                "role_description" : "group",
                                "pid" : 12202,
                                "type" : "Group",
                                "custom_actions" : [

                                ],
                                "AXValue" : null,
                                "help" : null,
                                "role" : "AXGroup",
                                "children" : [
                                  {
                                    "type" : "Group",
                                    "subrole" : null,
                                    "pid" : 12202,
                                    "help" : null,
                                    "content_required" : false,
                                    "frame" : {
                                      "y" : 0,
                                      "width" : 402,
                                      "height" : 874,
                                      "x" : 0
                                    },
                                    "custom_actions" : [

                                    ],
                                    "role" : "AXGroup",
                                    "AXLabel" : null,
                                    "enabled" : true,
                                    "AXUniqueId" : null,
                                    "children" : [
                                      {
                                        "enabled" : true,
                                        "children" : [
                                          {
                                            "custom_actions" : [

                                            ],
                                            "content_required" : false,
                                            "subrole" : null,
                                            "help" : null,
                                            "AXValue" : null,
                                            "traits" : [

                                            ],
                                            "enabled" : true,
                                            "role" : "AXGroup",
                                            "title" : null,
                                            "type" : "Group",
                                            "AXUniqueId" : null,
                                            "frame" : {
                                              "y" : 0,
                                              "width" : 402,
                                              "height" : 874,
                                              "x" : 0
                                            },
                                            "pid" : 12202,
                                            "role_description" : "group",
                                            "children" : [
                                              {
                                                "traits" : [

                                                ],
                                                "custom_actions" : [

                                                ],
                                                "content_required" : false,
                                                "AXUniqueId" : null,
                                                "pid" : 12202,
                                                "role_description" : "group",
                                                "type" : "Group",
                                                "subrole" : null,
                                                "help" : null,
                                                "AXValue" : null,
                                                "AXFrame" : "{{0, 0}, {402, 874}}",
                                                "children" : [
                                                  {
                                                    "role" : "AXGroup",
                                                    "children" : [
                                                      {
                                                        "AXUniqueId" : "Hold specs",
                                                        "traits" : [

                                                        ],
                                                        "title" : null,
                                                        "AXFrame" : "{{0, 62}, {402, 54}}",
                                                        "role" : "AXGroup",
                                                        "type" : "Group",
                                                        "custom_actions" : [

                                                        ],
                                                        "content_required" : false,
                                                        "AXLabel" : null,
                                                        "enabled" : true,
                                                        "help" : null,
                                                        "children" : [
                                                          {
                                                            "AXFrame" : "{{16, 62}, {44, 44}}",
                                                            "AXLabel" : "Train",
                                                            "role" : "AXButton",
                                                            "AXValue" : null,
                                                            "title" : null,
                                                            "content_required" : false,
                                                            "enabled" : true,
                                                            "traits" : [

                                                            ],
                                                            "help" : null,
                                                            "subrole" : null,
                                                            "AXUniqueId" : "BackButton",
                                                            "custom_actions" : [

                                                            ],
                                                            "pid" : 12202,
                                                            "type" : "Button",
                                                            "frame" : {
                                                              "y" : 62,
                                                              "width" : 44,
                                                              "height" : 44,
                                                              "x" : 16
                                                            },
                                                            "children" : [

                                                            ],
                                                            "role_description" : "back button"
                                                          },
                                                          {
                                                            "enabled" : true,
                                                            "AXValue" : null,
                                                            "AXLabel" : "Hold specs",
                                                            "help" : null,
                                                            "title" : null,
                                                            "children" : [

                                                            ],
                                                            "traits" : [

                                                            ],
                                                            "type" : "Heading",
                                                            "AXFrame" : "{{156.66666666666666, 73.666666666666657}, {88.666666666666657, 20.666666666666671}}",
                                                            "content_required" : false,
                                                            "pid" : 12202,
                                                            "AXUniqueId" : null,
                                                            "frame" : {
                                                              "y" : 73.666666666666657,
                                                              "width" : 88.666666666666657,
                                                              "x" : 156.66666666666666,
                                                              "height" : 20.666666666666671
                                                            },
                                                            "role_description" : "heading",
                                                            "subrole" : null,
                                                            "role" : "AXHeading",
                                                            "custom_actions" : [

                                                            ]
                                                          },
                                                          {
                                                            "frame" : {
                                                              "y" : 66,
                                                              "width" : 36,
                                                              "height" : 36,
                                                              "x" : 346
                                                            },
                                                            "enabled" : true,
                                                            "custom_actions" : [

                                                            ],
                                                            "type" : "Group",
                                                            "role" : "AXGroup",
                                                            "traits" : [

                                                            ],
                                                            "pid" : 12202,
                                                            "children" : [
                                                              {
                                                                "title" : null,
                                                                "role_description" : "group",
                                                                "AXLabel" : null,
                                                                "enabled" : true,
                                                                "AXFrame" : "{{346, 66}, {36, 36}}",
                                                                "subrole" : null,
                                                                "content_required" : false,
                                                                "custom_actions" : [

                                                                ],
                                                                "AXValue" : null,
                                                                "children" : [
                                                                  {
                                                                    "frame" : {
                                                                      "y" : 66,
                                                                      "width" : 33.333333333333314,
                                                                      "x" : 347.33333333333331,
                                                                      "height" : 36
                                                                    },
                                                                    "enabled" : true,
                                                                    "content_required" : false,
                                                                    "children" : [

                                                                    ],
                                                                    "AXUniqueId" : "boardDetail.reportProblem",
                                                                    "AXLabel" : "Report a problem",
                                                                    "help" : null,
                                                                    "title" : null,
                                                                    "role" : "AXButton",
                                                                    "subrole" : null,
                                                                    "pid" : 12202,
                                                                    "role_description" : "button",
                                                                    "AXValue" : null,
                                                                    "custom_actions" : [

                                                                    ],
                                                                    "type" : "Button",
                                                                    "traits" : [

                                                                    ],
                                                                    "AXFrame" : "{{347.33333333333331, 66}, {33.333333333333314, 36}}"
                                                                  }
                                                                ],
                                                                "type" : "Group",
                                                                "help" : null,
                                                                "role" : "AXGroup",
                                                                "AXUniqueId" : null,
                                                                "frame" : {
                                                                  "y" : 66,
                                                                  "width" : 36,
                                                                  "height" : 36,
                                                                  "x" : 346
                                                                },
                                                                "pid" : 12202,
                                                                "traits" : [

                                                                ]
                                                              }
                                                            ],
                                                            "help" : null,
                                                            "AXFrame" : "{{346, 66}, {36, 36}}",
                                                            "content_required" : false,
                                                            "role_description" : "group",
                                                            "AXValue" : null,
                                                            "title" : null,
                                                            "AXLabel" : "Report a problem",
                                                            "subrole" : null,
                                                            "AXUniqueId" : "boardDetail.reportProblem"
                                                          }
                                                        ],
                                                        "AXValue" : null,
                                                        "role_description" : "Nav bar",
                                                        "subrole" : null,
                                                        "frame" : {
                                                          "y" : 62,
                                                          "width" : 402,
                                                          "x" : 0,
                                                          "height" : 54
                                                        },
                                                        "pid" : 12202
                                                      },
                                                      {
                                                        "content_required" : false,
                                                        "title" : null,
                                                        "AXLabel" : null,
                                                        "AXValue" : null,
                                                        "subrole" : null,
                                                        "pid" : 12202,
                                                        "role" : "AXGroup",
                                                        "help" : null,
                                                        "children" : [
                                                          {
                                                            "traits" : [

                                                            ],
                                                            "children" : [
                                                              {
                                                                "AXLabel" : null,
                                                                "enabled" : true,
                                                                "AXFrame" : "{{0, 0}, {402, 874}}",
                                                                "pid" : 12202,
                                                                "help" : null,
                                                                "type" : "Group",
                                                                "AXUniqueId" : null,
                                                                "custom_actions" : [

                                                                ],
                                                                "AXValue" : null,
                                                                "role_description" : "group",
                                                                "content_required" : false,
                                                                "role" : "AXGroup",
                                                                "children" : [
                                                                  {
                                                                    "AXLabel" : null,
                                                                    "frame" : {
                                                                      "y" : 0,
                                                                      "width" : 402,
                                                                      "x" : 0,
                                                                      "height" : 874
                                                                    },
                                                                    "traits" : [

                                                                    ],
                                                                    "subrole" : null,
                                                                    "children" : [
                                                                      {
                                                                        "help" : null,
                                                                        "role_description" : "Group",
                                                                        "AXUniqueId" : "boardDetail.screen",
                                                                        "custom_actions" : [

                                                                        ],
                                                                        "AXFrame" : "{{0, 0}, {402, 874}}",
                                                                        "title" : null,
                                                                        "role" : "AXScrollArea",
                                                                        "pid" : 12202,
                                                                        "AXLabel" : null,
                                                                        "traits" : [

                                                                        ],
                                                                        "AXValue" : null,
                                                                        "type" : "ScrollArea",
                                                                        "frame" : {
                                                                          "y" : 0,
                                                                          "width" : 402,
                                                                          "height" : 874,
                                                                          "x" : 0
                                                                        },
                                                                        "enabled" : true,
                                                                        "subrole" : null,
                                                                        "content_required" : false,
                                                                        "children" : [
                                                                          {
                                                                            "title" : null,
                                                                            "AXFrame" : "{{0, 0}, {402, 874}}",
                                                                            "AXUniqueId" : null,
                                                                            "role_description" : "group",
                                                                            "traits" : [

                                                                            ],
                                                                            "frame" : {
                                                                              "y" : 0,
                                                                              "width" : 402,
                                                                              "x" : 0,
                                                                              "height" : 874
                                                                            },
                                                                            "pid" : 12202,
                                                                            "subrole" : null,
                                                                            "help" : null,
                                                                            "content_required" : false,
                                                                            "AXValue" : null,
                                                                            "children" : [
                                                                              {
                                                                                "frame" : {
                                                                                  "y" : 0,
                                                                                  "width" : 402,
                                                                                  "x" : 0,
                                                                                  "height" : 170.80000000000001
                                                                                },
                                                                                "pid" : 12202,
                                                                                "subrole" : null,
                                                                                "type" : "Group",
                                                                                "content_required" : false,
                                                                                "custom_actions" : [

                                                                                ],
                                                                                "role_description" : "group",
                                                                                "AXValue" : null,
                                                                                "role" : "AXGroup",
                                                                                "title" : null,
                                                                                "AXLabel" : null,
                                                                                "AXUniqueId" : null,
                                                                                "help" : null,
                                                                                "enabled" : true,
                                                                                "traits" : [

                                                                                ],
                                                                                "AXFrame" : "{{0, 0}, {402, 170.80000000000001}}",
                                                                                "children" : [

                                                                                ]
                                                                              },
                                                                              {
                                                                                "role" : "AXGroup",
                                                                                "subrole" : null,
                                                                                "content_required" : false,
                                                                                "traits" : [

                                                                                ],
                                                                                "help" : null,
                                                                                "AXFrame" : "{{0, 726.20000000000005}, {402, 147.79999999999995}}",
                                                                                "AXLabel" : null,
                                                                                "AXValue" : null,
                                                                                "custom_actions" : [

                                                                                ],
                                                                                "AXUniqueId" : null,
                                                                                "children" : [

                                                                                ],
                                                                                "frame" : {
                                                                                  "y" : 726.20000000000005,
                                                                                  "width" : 402,
                                                                                  "x" : 0,
                                                                                  "height" : 147.79999999999995
                                                                                },
                                                                                "enabled" : true,
                                                                                "pid" : 12202,
                                                                                "role_description" : "group",
                                                                                "type" : "Group",
                                                                                "title" : null
                                                                              }
                                                                            ],
                                                                            "custom_actions" : [

                                                                            ],
                                                                            "type" : "Group",
                                                                            "AXLabel" : null,
                                                                            "role" : "AXGroup",
                                                                            "enabled" : true
                                                                          },
                                                                          {
                                                                            "role_description" : "group",
                                                                            "title" : null,
                                                                            "AXLabel" : null,
                                                                            "role" : "AXGroup",
                                                                            "pid" : 12202,
                                                                            "help" : null,
                                                                            "enabled" : true,
                                                                            "AXValue" : null,
                                                                            "subrole" : null,
                                                                            "children" : [
                                                                              {
                                                                                "content_required" : false,
                                                                                "AXValue" : null,
                                                                                "type" : "Group",
                                                                                "subrole" : null,
                                                                                "enabled" : true,
                                                                                "title" : null,
                                                                                "custom_actions" : [

                                                                                ],
                                                                                "frame" : {
                                                                                  "y" : 726.20000000000005,
                                                                                  "width" : 402,
                                                                                  "x" : 0,
                                                                                  "height" : 147.79999999999995
                                                                                },
                                                                                "help" : null,
                                                                                "pid" : 12202,
                                                                                "AXUniqueId" : null,
                                                                                "children" : [
                                                                                  {
                                                                                    "AXLabel" : null,
                                                                                    "AXValue" : null,
                                                                                    "role" : "AXImage",
                                                                                    "traits" : [

                                                                                    ],
                                                                                    "custom_actions" : [

                                                                                    ],
                                                                                    "subrole" : null,
                                                                                    "content_required" : false,
                                                                                    "help" : null,
                                                                                    "role_description" : "image",
                                                                                    "frame" : {
                                                                                      "y" : 731,
                                                                                      "width" : 642,
                                                                                      "x" : -120,
                                                                                      "height" : 286
                                                                                    },
                                                                                    "children" : [

                                                                                    ],
                                                                                    "pid" : 12202,
                                                                                    "AXFrame" : "{{-120, 731}, {642, 286}}",
                                                                                    "title" : null,
                                                                                    "enabled" : true,
                                                                                    "type" : "Image",
                                                                                    "AXUniqueId" : "AdditionalDimmingOverlay"
                                                                                  },
                                                                                  {
                                                                                    "enabled" : true,
                                                                                    "children" : [
                                                                                      {
                                                                                        "pid" : 12202,
                                                                                        "traits" : [

                                                                                        ],
                                                                                        "subrole" : null,
                                                                                        "role" : "AXGroup",
                                                                                        "content_required" : false,
                                                                                        "AXFrame" : "{{0, 726.20000000000005}, {402, 147.79999999999995}}",
                                                                                        "type" : "Group",
                                                                                        "frame" : {
                                                                                          "y" : 726.20000000000005,
                                                                                          "width" : 402,
                                                                                          "x" : 0,
                                                                                          "height" : 147.79999999999995
                                                                                        },
                                                                                        "AXValue" : null,
                                                                                        "children" : [

                                                                                        ],
                                                                                        "custom_actions" : [

                                                                                        ],
                                                                                        "AXLabel" : null,
                                                                                        "help" : null,
                                                                                        "AXUniqueId" : null,
                                                                                        "role_description" : "group",
                                                                                        "enabled" : true,
                                                                                        "title" : null
                                                                                      }
                                                                                    ],
                                                                                    "AXFrame" : "{{0, 726.20000000000005}, {402, 147.79999999999995}}",
                                                                                    "role" : "AXGroup",
                                                                                    "AXUniqueId" : null,
                                                                                    "traits" : [

                                                                                    ],
                                                                                    "custom_actions" : [

                                                                                    ],
                                                                                    "role_description" : "group",
                                                                                    "frame" : {
                                                                                      "y" : 726.20000000000005,
                                                                                      "width" : 402,
                                                                                      "x" : 0,
                                                                                      "height" : 147.79999999999995
                                                                                    },
                                                                                    "subrole" : null,
                                                                                    "AXLabel" : null,
                                                                                    "help" : null,
                                                                                    "pid" : 12202,
                                                                                    "content_required" : false,
                                                                                    "AXValue" : null,
                                                                                    "type" : "Group",
                                                                                    "title" : null
                                                                                  },
                                                                                  {
                                                                                    "role_description" : "group",
                                                                                    "enabled" : true,
                                                                                    "frame" : {
                                                                                      "y" : 726.20000000000005,
                                                                                      "width" : 402,
                                                                                      "x" : 0,
                                                                                      "height" : 147.79999999999995
                                                                                    },
                                                                                    "type" : "Group",
                                                                                    "AXUniqueId" : null,
                                                                                    "title" : null,
                                                                                    "AXLabel" : null,
                                                                                    "traits" : [

                                                                                    ],
                                                                                    "AXValue" : null,
                                                                                    "pid" : 12202,
                                                                                    "children" : [
                                                                                      {
                                                                                        "subrole" : null,
                                                                                        "enabled" : true,
                                                                                        "children" : [

                                                                                        ],
                                                                                        "custom_actions" : [

                                                                                        ],
                                                                                        "type" : "Group",
                                                                                        "help" : null,
                                                                                        "AXValue" : null,
                                                                                        "AXFrame" : "{{0, 726.20000000000005}, {402, 147.79999999999995}}",
                                                                                        "AXUniqueId" : null,
                                                                                        "pid" : 12202,
                                                                                        "content_required" : false,
                                                                                        "role" : "AXGroup",
                                                                                        "title" : null,
                                                                                        "AXLabel" : null,
                                                                                        "frame" : {
                                                                                          "y" : 726.20000000000005,
                                                                                          "width" : 402,
                                                                                          "x" : 0,
                                                                                          "height" : 147.79999999999995
                                                                                        },
                                                                                        "traits" : [

                                                                                        ],
                                                                                        "role_description" : "group"
                                                                                      },
                                                                                      {
                                                                                        "title" : null,
                                                                                        "role_description" : "group",
                                                                                        "traits" : [

                                                                                        ],
                                                                                        "help" : null,
                                                                                        "subrole" : null,
                                                                                        "type" : "Group",
                                                                                        "AXFrame" : "{{0, 726.20000000000005}, {402, 147.79999999999995}}",
                                                                                        "content_required" : false,
                                                                                        "frame" : {
                                                                                          "y" : 726.20000000000005,
                                                                                          "width" : 402,
                                                                                          "height" : 147.79999999999995,
                                                                                          "x" : 0
                                                                                        },
                                                                                        "AXLabel" : null,
                                                                                        "role" : "AXGroup",
                                                                                        "enabled" : true,
                                                                                        "children" : [

                                                                                        ],
                                                                                        "AXUniqueId" : null,
                                                                                        "pid" : 12202,
                                                                                        "custom_actions" : [

                                                                                        ],
                                                                                        "AXValue" : null
                                                                                      }
                                                                                    ],
                                                                                    "subrole" : null,
                                                                                    "role" : "AXGroup",
                                                                                    "custom_actions" : [

                                                                                    ],
                                                                                    "AXFrame" : "{{0, 726.20000000000005}, {402, 147.79999999999995}}",
                                                                                    "content_required" : false,
                                                                                    "help" : null
                                                                                  }
                                                                                ],
                                                                                "AXFrame" : "{{0, 726.20000000000005}, {402, 147.79999999999995}}",
                                                                                "traits" : [

                                                                                ],
                                                                                "role_description" : "group",
                                                                                "AXLabel" : null,
                                                                                "role" : "AXGroup"
                                                                              }
                                                                            ],
                                                                            "custom_actions" : [

                                                                            ],
                                                                            "content_required" : false,
                                                                            "AXUniqueId" : null,
                                                                            "type" : "Group",
                                                                            "frame" : {
                                                                              "y" : 0,
                                                                              "width" : 402,
                                                                              "x" : 0,
                                                                              "height" : 874
                                                                            },
                                                                            "AXFrame" : "{{0, 0}, {402, 874}}",
                                                                            "traits" : [

                                                                            ]
                                                                          },
                                                                          {
                                                                            "AXLabel" : null,
                                                                            "AXUniqueId" : null,
                                                                            "type" : "Group",
                                                                            "frame" : {
                                                                              "y" : 116,
                                                                              "width" : 402,
                                                                              "height" : 1044.6666666666665,
                                                                              "x" : 0
                                                                            },
                                                                            "help" : null,
                                                                            "title" : null,
                                                                            "children" : [
                                                                              {
                                                                                "role" : "AXStaticText",
                                                                                "traits" : [

                                                                                ],
                                                                                "frame" : {
                                                                                  "y" : 134,
                                                                                  "width" : 83.333333333333329,
                                                                                  "height" : 13.333333333333343,
                                                                                  "x" : 20
                                                                                },
                                                                                "content_required" : false,
                                                                                "type" : "StaticText",
                                                                                "AXUniqueId" : null,
                                                                                "pid" : 12202,
                                                                                "AXValue" : null,
                                                                                "title" : null,
                                                                                "children" : [

                                                                                ],
                                                                                "AXFrame" : "{{20, 134}, {83.333333333333329, 13.333333333333343}}",
                                                                                "custom_actions" : [

                                                                                ],
                                                                                "role_description" : "text",
                                                                                "AXLabel" : "ZLAGBOARD",
                                                                                "help" : null,
                                                                                "enabled" : true,
                                                                                "subrole" : null
                                                                              },
                                                                              {
                                                                                "role" : "AXStaticText",
                                                                                "AXUniqueId" : null,
                                                                                "frame" : {
                                                                                  "y" : 152.33333333333331,
                                                                                  "width" : 236,
                                                                                  "height" : 33.666666666666686,
                                                                                  "x" : 20
                                                                                },
                                                                                "enabled" : true,
                                                                                "pid" : 12202,
                                                                                "children" : [

                                                                                ],
                                                                                "title" : null,
                                                                                "traits" : [

                                                                                ],
                                                                                "subrole" : null,
                                                                                "role_description" : "text",
                                                                                "AXValue" : null,
                                                                                "content_required" : false,
                                                                                "help" : null,
                                                                                "AXLabel" : "Zlagboard.Pro 2.0",
                                                                                "AXFrame" : "{{20, 152.33333333333331}, {236, 33.666666666666686}}",
                                                                                "type" : "StaticText",
                                                                                "custom_actions" : [

                                                                                ]
                                                                              },
                                                                              {
                                                                                "custom_actions" : [

                                                                                ],
                                                                                "role_description" : "",
                                                                                "subrole" : null,
                                                                                "content_required" : false,
                                                                                "AXUniqueId" : "boardModel.renderDiagnostic",
                                                                                "pid" : 12202,
                                                                                "title" : null,
                                                                                "frame" : {
                                                                                  "y" : 220,
                                                                                  "width" : 1,
                                                                                  "x" : 34.000000000000028,
                                                                                  "height" : 1
                                                                                },
                                                                                "traits" : [

                                                                                ],
                                                                                "AXValue" : "revision=2;rootActive=true;cameraActive=true;sameScene=true;azimuth=0.0;elevation=0.0;cameraPitch=0.3366748;cameraSettled=true;selection=edge-20-right;tapRevision=1;pickedContact=edge-20-right",
                                                                                "role" : "AXGenericElement",
                                                                                "AXLabel" : "Board renderer diagnostic",
                                                                                "enabled" : true,
                                                                                "children" : [

                                                                                ],
                                                                                "type" : "GenericElement",
                                                                                "help" : null,
                                                                                "AXFrame" : "{{34.000000000000028, 220}, {1, 1}}"
                                                                              },
                                                                              {
                                                                                "frame" : {
                                                                                  "y" : 211,
                                                                                  "width" : 44,
                                                                                  "height" : 44,
                                                                                  "x" : 67.333333333333357
                                                                                },
                                                                                "role_description" : "button",
                                                                                "type" : "Button",
                                                                                "help" : null,
                                                                                "children" : [

                                                                                ],
                                                                                "traits" : [

                                                                                ],
                                                                                "AXValue" : null,
                                                                                "content_required" : false,
                                                                                "AXLabel" : "Left top jug",
                                                                                "title" : null,
                                                                                "enabled" : true,
                                                                                "subrole" : null,
                                                                                "custom_actions" : [

                                                                                ],
                                                                                "AXFrame" : "{{67.333333333333357, 211}, {44, 44}}",
                                                                                "pid" : 12202,
                                                                                "AXUniqueId" : "boardModel.contact.top-jug-left",
                                                                                "role" : "AXButton"
                                                                              },
                                                                              {
                                                                                "AXFrame" : "{{79.000000000000028, 224.33333333333331}, {44, 44}}",
                                                                                "pid" : 12202,
                                                                                "title" : null,
                                                                                "custom_actions" : [

                                                                                ],
                                                                                "help" : null,
                                                                                "AXLabel" : "Left 30 mm edge",
                                                                                "type" : "Button",
                                                                                "role" : "AXButton",
                                                                                "frame" : {
                                                                                  "y" : 224.33333333333331,
                                                                                  "width" : 44,
                                                                                  "height" : 44,
                                                                                  "x" : 79.000000000000028
                                                                                },
                                                                                "enabled" : true,
                                                                                "AXValue" : null,
                                                                                "role_description" : "button",
                                                                                "content_required" : false,
                                                                                "children" : [

                                                                                ],
                                                                                "traits" : [

                                                                                ],
                                                                                "subrole" : null,
                                                                                "AXUniqueId" : "boardModel.contact.edge-30-left"
                                                                              },
                                                                              {
                                                                                "AXLabel" : "Left 32-degree top sloper",
                                                                                "AXValue" : null,
                                                                                "content_required" : false,
                                                                                "traits" : [

                                                                                ],
                                                                                "type" : "Button",
                                                                                "frame" : {
                                                                                  "y" : 212.66666666666666,
                                                                                  "width" : 44,
                                                                                  "height" : 43.999999999999972,
                                                                                  "x" : 99.666666666666686
                                                                                },
                                                                                "AXUniqueId" : "boardModel.contact.top-sloper-32-left",
                                                                                "role" : "AXButton",
                                                                                "title" : null,
                                                                                "AXFrame" : "{{99.666666666666686, 212.66666666666666}, {44, 43.999999999999972}}",
                                                                                "children" : [

                                                                                ],
                                                                                "enabled" : true,
                                                                                "pid" : 12202,
                                                                                "role_description" : "button",
                                                                                "help" : null,
                                                                                "subrole" : null,
                                                                                "custom_actions" : [

                                                                                ]
                                                                              },
                                                                              {
                                                                                "AXFrame" : "{{116.00000000000003, 223.66666666666666}, {44, 43.999999999999972}}",
                                                                                "content_required" : false,
                                                                                "children" : [

                                                                                ],
                                                                                "enabled" : true,
                                                                                "traits" : [

                                                                                ],
                                                                                "custom_actions" : [

                                                                                ],
                                                                                "role_description" : "button",
                                                                                "subrole" : null,
                                                                                "AXValue" : null,
                                                                                "AXLabel" : "Left 30 mm sloper edge",
                                                                                "title" : null,
                                                                                "type" : "Button",
                                                                                "frame" : {
                                                                                  "x" : 116.00000000000003,
                                                                                  "width" : 44,
                                                                                  "y" : 223.66666666666666,
                                                                                  "height" : 43.999999999999972
                                                                                },
                                                                                "help" : null,
                                                                                "pid" : 12202,
                                                                                "AXUniqueId" : "boardModel.contact.sloper-edge-30-left",
                                                                                "role" : "AXButton"
                                                                              },
                                                                              {
                                                                                "role" : "AXButton",
                                                                                "AXUniqueId" : "boardModel.contact.top-sloper-20-left",
                                                                                "children" : [

                                                                                ],
                                                                                "content_required" : false,
                                                                                "role_description" : "button",
                                                                                "AXValue" : null,
                                                                                "type" : "Button",
                                                                                "AXLabel" : "Left 20-degree top sloper",
                                                                                "traits" : [

                                                                                ],
                                                                                "enabled" : true,
                                                                                "pid" : 12202,
                                                                                "custom_actions" : [

                                                                                ],
                                                                                "frame" : {
                                                                                  "x" : 129.66666666666669,
                                                                                  "width" : 44,
                                                                                  "y" : 210.66666666666666,
                                                                                  "height" : 44
                                                                                },
                                                                                "help" : null,
                                                                                "AXFrame" : "{{129.66666666666669, 210.66666666666666}, {44, 44}}",
                                                                                "title" : null,
                                                                                "subrole" : null
                                                                              },
                                                                              {
                                                                                "traits" : [

                                                                                ],
                                                                                "custom_actions" : [

                                                                                ],
                                                                                "AXLabel" : "Left 25 mm sloper edge",
                                                                                "content_required" : false,
                                                                                "frame" : {
                                                                                  "x" : 143.66666666666669,
                                                                                  "width" : 44,
                                                                                  "y" : 224,
                                                                                  "height" : 44
                                                                                },
                                                                                "role_description" : "button",
                                                                                "title" : null,
                                                                                "pid" : 12202,
                                                                                "subrole" : null,
                                                                                "children" : [

                                                                                ],
                                                                                "help" : null,
                                                                                "AXFrame" : "{{143.66666666666669, 224}, {44, 44}}",
                                                                                "AXUniqueId" : "boardModel.contact.sloper-edge-25-left",
                                                                                "role" : "AXButton",
                                                                                "type" : "Button",
                                                                                "AXValue" : null,
                                                                                "enabled" : true
                                                                              },
                                                                              {
                                                                                "traits" : [

                                                                                ],
                                                                                "type" : "Button",
                                                                                "content_required" : false,
                                                                                "pid" : 12202,
                                                                                "AXUniqueId" : "boardModel.contact.top-sloper-jug-center",
                                                                                "help" : null,
                                                                                "custom_actions" : [

                                                                                ],
                                                                                "children" : [

                                                                                ],
                                                                                "title" : null,
                                                                                "enabled" : true,
                                                                                "role_description" : "button",
                                                                                "AXFrame" : "{{179.00000000000003, 209.33333333333331}, {44, 44}}",
                                                                                "subrole" : null,
                                                                                "AXLabel" : "Center top sloper jug",
                                                                                "role" : "AXButton",
                                                                                "AXValue" : null,
                                                                                "frame" : {
                                                                                  "x" : 179.00000000000003,
                                                                                  "width" : 44,
                                                                                  "y" : 209.33333333333331,
                                                                                  "height" : 44
                                                                                }
                                                                              },
                                                                              {
                                                                                "children" : [

                                                                                ],
                                                                                "role" : "AXButton",
                                                                                "AXUniqueId" : "boardModel.contact.edge-35-center",
                                                                                "title" : null,
                                                                                "AXFrame" : "{{179.00000000000003, 224}, {44, 44}}",
                                                                                "subrole" : null,
                                                                                "role_description" : "button",
                                                                                "enabled" : true,
                                                                                "pid" : 12202,
                                                                                "AXLabel" : "Center 35 mm edge",
                                                                                "AXValue" : null,
                                                                                "custom_actions" : [

                                                                                ],
                                                                                "content_required" : false,
                                                                                "frame" : {
                                                                                  "x" : 179.00000000000003,
                                                                                  "width" : 44,
                                                                                  "y" : 224,
                                                                                  "height" : 44
                                                                                },
                                                                                "traits" : [

                                                                                ],
                                                                                "help" : null,
                                                                                "type" : "Button"
                                                                              },
                                                                              {
                                                                                "enabled" : true,
                                                                                "role_description" : "button",
                                                                                "children" : [

                                                                                ],
                                                                                "type" : "Button",
                                                                                "role" : "AXButton",
                                                                                "subrole" : null,
                                                                                "AXFrame" : "{{214.33333333333334, 224}, {44.000000000000028, 44}}",
                                                                                "traits" : [

                                                                                ],
                                                                                "help" : null,
                                                                                "custom_actions" : [

                                                                                ],
                                                                                "AXValue" : null,
                                                                                "title" : null,
                                                                                "frame" : {
                                                                                  "x" : 214.33333333333334,
                                                                                  "width" : 44.000000000000028,
                                                                                  "y" : 224,
                                                                                  "height" : 44
                                                                                },
                                                                                "pid" : 12202,
                                                                                "AXLabel" : "Right 25 mm sloper edge",
                                                                                "AXUniqueId" : "boardModel.contact.sloper-edge-25-right",
                                                                                "content_required" : false
                                                                              },
                                                                              {
                                                                                "enabled" : true,
                                                                                "pid" : 12202,
                                                                                "subrole" : null,
                                                                                "AXFrame" : "{{228.33333333333334, 210.66666666666666}, {44.000000000000028, 44}}",
                                                                                "children" : [

                                                                                ],
                                                                                "role" : "AXButton",
                                                                                "AXLabel" : "Right 20-degree top sloper",
                                                                                "traits" : [

                                                                                ],
                                                                                "frame" : {
                                                                                  "x" : 228.33333333333334,
                                                                                  "width" : 44.000000000000028,
                                                                                  "y" : 210.66666666666666,
                                                                                  "height" : 44
                                                                                },
                                                                                "help" : null,
                                                                                "content_required" : false,
                                                                                "AXValue" : null,
                                                                                "type" : "Button",
                                                                                "role_description" : "button",
                                                                                "title" : null,
                                                                                "custom_actions" : [

                                                                                ],
                                                                                "AXUniqueId" : "boardModel.contact.top-sloper-20-right"
                                                                              },
                                                                              {
                                                                                "enabled" : true,
                                                                                "custom_actions" : [

                                                                                ],
                                                                                "AXValue" : null,
                                                                                "traits" : [

                                                                                ],
                                                                                "role_description" : "button",
                                                                                "AXFrame" : "{{242.00000000000003, 223.66666666666666}, {43.999999999999972, 43.999999999999972}}",
                                                                                "content_required" : false,
                                                                                "pid" : 12202,
                                                                                "type" : "Button",
                                                                                "AXLabel" : "Right 30 mm sloper edge",
                                                                                "AXUniqueId" : "boardModel.contact.sloper-edge-30-right",
                                                                                "title" : null,
                                                                                "help" : null,
                                                                                "subrole" : null,
                                                                                "children" : [

                                                                                ],
                                                                                "frame" : {
                                                                                  "x" : 242.00000000000003,
                                                                                  "width" : 43.999999999999972,
                                                                                  "y" : 223.66666666666666,
                                                                                  "height" : 43.999999999999972
                                                                                },
                                                                                "role" : "AXButton"
                                                                              },
                                                                              {
                                                                                "subrole" : null,
                                                                                "frame" : {
                                                                                  "x" : 258.33333333333337,
                                                                                  "width" : 44,
                                                                                  "y" : 212.66666666666666,
                                                                                  "height" : 43.999999999999972
                                                                                },
                                                                                "children" : [

                                                                                ],
                                                                                "role_description" : "button",
                                                                                "traits" : [

                                                                                ],
                                                                                "custom_actions" : [

                                                                                ],
                                                                                "AXLabel" : "Right 32-degree top sloper",
                                                                                "type" : "Button",
                                                                                "content_required" : false,
                                                                                "role" : "AXButton",
                                                                                "AXFrame" : "{{258.33333333333337, 212.66666666666666}, {44, 43.999999999999972}}",
                                                                                "AXUniqueId" : "boardModel.contact.top-sloper-32-right",
                                                                                "enabled" : true,
                                                                                "title" : null,
                                                                                "pid" : 12202,
                                                                                "help" : null,
                                                                                "AXValue" : null
                                                                              },
                                                                              {
                                                                                "AXValue" : null,
                                                                                "custom_actions" : [

                                                                                ],
                                                                                "frame" : {
                                                                                  "x" : 279,
                                                                                  "width" : 44,
                                                                                  "y" : 224.33333333333331,
                                                                                  "height" : 44
                                                                                },
                                                                                "help" : null,
                                                                                "pid" : 12202,
                                                                                "children" : [

                                                                                ],
                                                                                "role" : "AXButton",
                                                                                "type" : "Button",
                                                                                "subrole" : null,
                                                                                "content_required" : false,
                                                                                "role_description" : "button",
                                                                                "enabled" : true,
                                                                                "traits" : [

                                                                                ],
                                                                                "AXUniqueId" : "boardModel.contact.edge-30-right",
                                                                                "title" : null,
                                                                                "AXLabel" : "Right 30 mm edge",
                                                                                "AXFrame" : "{{279, 224.33333333333331}, {44, 44}}"
                                                                              },
                                                                              {
                                                                                "AXFrame" : "{{290.66666666666663, 211}, {44, 44}}",
                                                                                "help" : null,
                                                                                "title" : null,
                                                                                "AXLabel" : "Right top jug",
                                                                                "role" : "AXButton",
                                                                                "traits" : [

                                                                                ],
                                                                                "role_description" : "button",
                                                                                "AXValue" : null,
                                                                                "frame" : {
                                                                                  "x" : 290.66666666666663,
                                                                                  "width" : 44,
                                                                                  "y" : 211,
                                                                                  "height" : 44
                                                                                },
                                                                                "children" : [

                                                                                ],
                                                                                "AXUniqueId" : "boardModel.contact.top-jug-right",
                                                                                "type" : "Button",
                                                                                "custom_actions" : [

                                                                                ],
                                                                                "pid" : 12202,
                                                                                "enabled" : true,
                                                                                "subrole" : null,
                                                                                "content_required" : false
                                                                              },
                                                                              {
                                                                                "custom_actions" : [

                                                                                ],
                                                                                "content_required" : false,
                                                                                "AXFrame" : "{{81.333333333333357, 238.33333333333331}, {44, 44}}",
                                                                                "AXUniqueId" : "boardModel.contact.edge-20-left",
                                                                                "enabled" : true,
                                                                                "role" : "AXButton",
                                                                                "frame" : {
                                                                                  "x" : 81.333333333333357,
                                                                                  "width" : 44,
                                                                                  "y" : 238.33333333333331,
                                                                                  "height" : 44
                                                                                },
                                                                                "AXLabel" : "Left 20 mm edge",
                                                                                "help" : null,
                                                                                "title" : null,
                                                                                "pid" : 12202,
                                                                                "role_description" : "button",
                                                                                "AXValue" : null,
                                                                                "subrole" : null,
                                                                                "type" : "Button",
                                                                                "children" : [

                                                                                ],
                                                                                "traits" : [

                                                                                ]
                                                                              },
                                                                              {
                                                                                "AXFrame" : "{{118.00000000000003, 237.33333333333331}, {44, 44}}",
                                                                                "type" : "Button",
                                                                                "AXUniqueId" : "boardModel.contact.sloper-edge-25-lower-left",
                                                                                "help" : null,
                                                                                "AXValue" : null,
                                                                                "custom_actions" : [

                                                                                ],
                                                                                "subrole" : null,
                                                                                "pid" : 12202,
                                                                                "role" : "AXButton",
                                                                                "frame" : {
                                                                                  "x" : 118.00000000000003,
                                                                                  "width" : 44,
                                                                                  "y" : 237.33333333333331,
                                                                                  "height" : 44
                                                                                },
                                                                                "title" : null,
                                                                                "enabled" : true,
                                                                                "content_required" : false,
                                                                                "children" : [

                                                                                ],
                                                                                "traits" : [

                                                                                ],
                                                                                "AXLabel" : "Lower left 25 mm sloper edge",
                                                                                "role_description" : "button"
                                                                              },
                                                                              {
                                                                                "AXValue" : null,
                                                                                "type" : "Button",
                                                                                "pid" : 12202,
                                                                                "role" : "AXButton",
                                                                                "title" : null,
                                                                                "enabled" : true,
                                                                                "AXLabel" : "Inner left 30 mm edge",
                                                                                "subrole" : null,
                                                                                "frame" : {
                                                                                  "x" : 145.33333333333334,
                                                                                  "width" : 44,
                                                                                  "y" : 237.66666666666666,
                                                                                  "height" : 43.999999999999972
                                                                                },
                                                                                "AXFrame" : "{{145.33333333333334, 237.66666666666666}, {44, 43.999999999999972}}",
                                                                                "custom_actions" : [

                                                                                ],
                                                                                "AXUniqueId" : "boardModel.contact.edge-30-inner-left",
                                                                                "content_required" : false,
                                                                                "children" : [

                                                                                ],
                                                                                "help" : null,
                                                                                "role_description" : "button",
                                                                                "traits" : [

                                                                                ]
                                                                              },
                                                                              {
                                                                                "frame" : {
                                                                                  "x" : 179.00000000000003,
                                                                                  "width" : 44,
                                                                                  "y" : 237,
                                                                                  "height" : 44
                                                                                },
                                                                                "role" : "AXButton",
                                                                                "children" : [

                                                                                ],
                                                                                "traits" : [

                                                                                ],
                                                                                "content_required" : false,
                                                                                "type" : "Button",
                                                                                "title" : null,
                                                                                "pid" : 12202,
                                                                                "custom_actions" : [

                                                                                ],
                                                                                "help" : null,
                                                                                "role_description" : "button",
                                                                                "subrole" : null,
                                                                                "AXValue" : null,
                                                                                "AXUniqueId" : "boardModel.contact.sloper-edge-30-center",
                                                                                "AXFrame" : "{{179.00000000000003, 237}, {44, 44}}",
                                                                                "AXLabel" : "Center 30 mm sloper edge",
                                                                                "enabled" : true
                                                                              },
                                                                              {
                                                                                "title" : null,
                                                                                "AXUniqueId" : "boardModel.contact.edge-30-inner-right",
                                                                                "enabled" : true,
                                                                                "pid" : 12202,
                                                                                "AXValue" : null,
                                                                                "content_required" : false,
                                                                                "frame" : {
                                                                                  "x" : 212.66666666666669,
                                                                                  "width" : 43.999999999999943,
                                                                                  "y" : 237.66666666666666,
                                                                                  "height" : 43.999999999999972
                                                                                },
                                                                                "custom_actions" : [

                                                                                ],
                                                                                "help" : null,
                                                                                "subrole" : null,
                                                                                "AXLabel" : "Inner right 30 mm edge",
                                                                                "type" : "Button",
                                                                                "role" : "AXButton",
                                                                                "children" : [

                                                                                ],
                                                                                "traits" : [

                                                                                ],
                                                                                "role_description" : "button",
                                                                                "AXFrame" : "{{212.66666666666669, 237.66666666666666}, {43.999999999999943, 43.999999999999972}}"
                                                                              },
                                                                              {
                                                                                "AXLabel" : "Lower right 25 mm sloper edge",
                                                                                "enabled" : true,
                                                                                "type" : "Button",
                                                                                "content_required" : false,
                                                                                "traits" : [

                                                                                ],
                                                                                "frame" : {
                                                                                  "x" : 240.00000000000003,
                                                                                  "width" : 43.999999999999972,
                                                                                  "y" : 237.33333333333331,
                                                                                  "height" : 44
                                                                                },
                                                                                "role" : "AXButton",
                                                                                "pid" : 12202,
                                                                                "children" : [

                                                                                ],
                                                                                "role_description" : "button",
                                                                                "AXValue" : null,
                                                                                "subrole" : null,
                                                                                "AXFrame" : "{{240.00000000000003, 237.33333333333331}, {43.999999999999972, 44}}",
                                                                                "help" : null,
                                                                                "title" : null,
                                                                                "AXUniqueId" : "boardModel.contact.sloper-edge-25-lower-right",
                                                                                "custom_actions" : [

                                                                                ]
                                                                              },
                                                                              {
                                                                                "AXValue" : null,
                                                                                "frame" : {
                                                                                  "x" : 276.66666666666663,
                                                                                  "width" : 44,
                                                                                  "y" : 238.33333333333331,
                                                                                  "height" : 44
                                                                                },
                                                                                "enabled" : true,
                                                                                "subrole" : null,
                                                                                "type" : "Button",
                                                                                "custom_actions" : [

                                                                                ],
                                                                                "help" : null,
                                                                                "content_required" : false,
                                                                                "role_description" : "button",
                                                                                "children" : [

                                                                                ],
                                                                                "AXLabel" : "Right 20 mm edge",
                                                                                "pid" : 12202,
                                                                                "traits" : [

                                                                                ],
                                                                                "AXFrame" : "{{276.66666666666663, 238.33333333333331}, {44, 44}}",
                                                                                "title" : null,
                                                                                "role" : "AXButton",
                                                                                "AXUniqueId" : "boardModel.contact.edge-20-right"
                                                                              },
                                                                              {
                                                                                "pid" : 12202,
                                                                                "role" : "AXGroup",
                                                                                "AXUniqueId" : null,
                                                                                "enabled" : true,
                                                                                "type" : "Group",
                                                                                "AXFrame" : "{{34.000000000000028, 220}, {334, 72}}",
                                                                                "custom_actions" : [

                                                                                ],
                                                                                "content_required" : false,
                                                                                "subrole" : null,
                                                                                "role_description" : "group",
                                                                                "AXLabel" : null,
                                                                                "frame" : {
                                                                                  "x" : 34.000000000000028,
                                                                                  "width" : 334,
                                                                                  "y" : 220,
                                                                                  "height" : 72
                                                                                },
                                                                                "help" : null,
                                                                                "children" : [

                                                                                ],
                                                                                "title" : null,
                                                                                "traits" : [

                                                                                ],
                                                                                "AXValue" : null
                                                                              },
                                                                              {
                                                                                "traits" : [

                                                                                ],
                                                                                "role_description" : "group",
                                                                                "type" : "Group",
                                                                                "AXUniqueId" : null,
                                                                                "AXFrame" : "{{34.000000000000028, 220}, {334, 72}}",
                                                                                "subrole" : null,
                                                                                "pid" : 12202,
                                                                                "title" : null,
                                                                                "frame" : {
                                                                                  "x" : 34.000000000000028,
                                                                                  "width" : 334,
                                                                                  "y" : 220,
                                                                                  "height" : 72
                                                                                },
                                                                                "AXLabel" : null,
                                                                                "children" : [

                                                                                ],
                                                                                "content_required" : false,
                                                                                "role" : "AXGroup",
                                                                                "enabled" : true,
                                                                                "custom_actions" : [

                                                                                ],
                                                                                "AXValue" : null,
                                                                                "help" : null
                                                                              },
                                                                              {
                                                                                "custom_actions" : [

                                                                                ],
                                                                                "help" : null,
                                                                                "pid" : 12202,
                                                                                "frame" : {
                                                                                  "x" : 34.000000000000028,
                                                                                  "width" : 334,
                                                                                  "y" : 220,
                                                                                  "height" : 72
                                                                                },
                                                                                "AXFrame" : "{{34.000000000000028, 220}, {334, 72}}",
                                                                                "role_description" : "",
                                                                                "AXLabel" : null,
                                                                                "traits" : [

                                                                                ],
                                                                                "role" : "AXGenericElement",
                                                                                "AXUniqueId" : "boardDetail.map",
                                                                                "enabled" : true,
                                                                                "AXValue" : null,
                                                                                "type" : "GenericElement",
                                                                                "title" : null,
                                                                                "subrole" : null,
                                                                                "content_required" : false,
                                                                                "children" : [

                                                                                ]
                                                                              },
                                                                              {
                                                                                "role_description" : "button",
                                                                                "enabled" : true,
                                                                                "traits" : [

                                                                                ],
                                                                                "help" : null,
                                                                                "custom_actions" : [

                                                                                ],
                                                                                "pid" : 12202,
                                                                                "frame" : {
                                                                                  "x" : 84.000000000000028,
                                                                                  "width" : 44,
                                                                                  "y" : 251,
                                                                                  "height" : 44
                                                                                },
                                                                                "role" : "AXButton",
                                                                                "AXFrame" : "{{84.000000000000028, 251}, {44, 44}}",
                                                                                "children" : [

                                                                                ],
                                                                                "type" : "Button",
                                                                                "subrole" : null,
                                                                                "content_required" : false,
                                                                                "title" : null,
                                                                                "AXLabel" : "Left incut 15 mm edge",
                                                                                "AXUniqueId" : "boardModel.contact.edge-incut-15-left",
                                                                                "AXValue" : null
                                                                              },
                                                                              {
                                                                                "custom_actions" : [

                                                                                ],
                                                                                "AXValue" : null,
                                                                                "AXLabel" : "Left 15 mm edge",
                                                                                "AXFrame" : "{{119.33333333333336, 251}, {44.000000000000014, 44}}",
                                                                                "content_required" : false,
                                                                                "subrole" : null,
                                                                                "pid" : 12202,
                                                                                "role" : "AXButton",
                                                                                "title" : null,
                                                                                "frame" : {
                                                                                  "x" : 119.33333333333336,
                                                                                  "width" : 44.000000000000014,
                                                                                  "y" : 251,
                                                                                  "height" : 44
                                                                                },
                                                                                "role_description" : "button",
                                                                                "enabled" : true,
                                                                                "traits" : [

                                                                                ],
                                                                                "type" : "Button",
                                                                                "AXUniqueId" : "boardModel.contact.edge-15-left",
                                                                                "children" : [

                                                                                ],
                                                                                "help" : null
                                                                              },
                                                                              {
                                                                                "role" : "AXButton",
                                                                                "custom_actions" : [

                                                                                ],
                                                                                "AXLabel" : "Inner left incut 30 mm edge",
                                                                                "frame" : {
                                                                                  "x" : 146.33333333333334,
                                                                                  "width" : 44,
                                                                                  "y" : 250,
                                                                                  "height" : 44
                                                                                },
                                                                                "content_required" : false,
                                                                                "role_description" : "button",
                                                                                "children" : [

                                                                                ],
                                                                                "AXUniqueId" : "boardModel.contact.edge-incut-30-left",
                                                                                "title" : null,
                                                                                "subrole" : null,
                                                                                "enabled" : true,
                                                                                "AXValue" : null,
                                                                                "AXFrame" : "{{146.33333333333334, 250}, {44, 44}}",
                                                                                "pid" : 12202,
                                                                                "traits" : [

                                                                                ],
                                                                                "type" : "Button",
                                                                                "help" : null
                                                                              },
                                                                              {
                                                                                "role_description" : "button",
                                                                                "AXValue" : null,
                                                                                "enabled" : true,
                                                                                "type" : "Button",
                                                                                "AXFrame" : "{{179.00000000000003, 251.33333333333331}, {44, 44}}",
                                                                                "traits" : [

                                                                                ],
                                                                                "help" : null,
                                                                                "custom_actions" : [

                                                                                ],
                                                                                "role" : "AXButton",
                                                                                "title" : null,
                                                                                "frame" : {
                                                                                  "x" : 179.00000000000003,
                                                                                  "width" : 44,
                                                                                  "y" : 251.33333333333331,
                                                                                  "height" : 44
                                                                                },
                                                                                "children" : [

                                                                                ],
                                                                                "AXLabel" : "Center incut 10 mm edge",
                                                                                "AXUniqueId" : "boardModel.contact.edge-incut-10-center",
                                                                                "subrole" : null,
                                                                                "pid" : 12202,
                                                                                "content_required" : false
                                                                              },
                                                                              {
                                                                                "type" : "Button",
                                                                                "children" : [

                                                                                ],
                                                                                "role_description" : "button",
                                                                                "AXFrame" : "{{211.66666666666669, 250}, {44, 44}}",
                                                                                "role" : "AXButton",
                                                                                "custom_actions" : [

                                                                                ],
                                                                                "subrole" : null,
                                                                                "pid" : 12202,
                                                                                "AXValue" : null,
                                                                                "frame" : {
                                                                                  "x" : 211.66666666666669,
                                                                                  "width" : 44,
                                                                                  "y" : 250,
                                                                                  "height" : 44
                                                                                },
                                                                                "help" : null,
                                                                                "enabled" : true,
                                                                                "traits" : [

                                                                                ],
                                                                                "AXLabel" : "Inner right incut 30 mm edge",
                                                                                "content_required" : false,
                                                                                "AXUniqueId" : "boardModel.contact.edge-incut-30-right",
                                                                                "title" : null
                                                                              },
                                                                              {
                                                                                "AXValue" : null,
                                                                                "AXFrame" : "{{238.66666666666669, 251}, {43.999999999999943, 44}}",
                                                                                "AXLabel" : "Right 15 mm edge",
                                                                                "traits" : [

                                                                                ],
                                                                                "pid" : 12202,
                                                                                "content_required" : false,
                                                                                "type" : "Button",
                                                                                "role_description" : "button",
                                                                                "title" : null,
                                                                                "AXUniqueId" : "boardModel.contact.edge-15-right",
                                                                                "enabled" : true,
                                                                                "help" : null,
                                                                                "subrole" : null,
                                                                                "frame" : {
                                                                                  "x" : 238.66666666666669,
                                                                                  "width" : 43.999999999999943,
                                                                                  "y" : 251,
                                                                                  "height" : 44
                                                                                },
                                                                                "children" : [

                                                                                ],
                                                                                "custom_actions" : [

                                                                                ],
                                                                                "role" : "AXButton"
                                                                              },
                                                                              {
                                                                                "custom_actions" : [

                                                                                ],
                                                                                "traits" : [

                                                                                ],
                                                                                "type" : "Button",
                                                                                "AXUniqueId" : "boardModel.contact.edge-incut-15-right",
                                                                                "frame" : {
                                                                                  "x" : 274,
                                                                                  "width" : 44,
                                                                                  "y" : 251,
                                                                                  "height" : 44
                                                                                },
                                                                                "subrole" : null,
                                                                                "pid" : 12202,
                                                                                "content_required" : false,
                                                                                "role_description" : "button",
                                                                                "AXLabel" : "Right incut 15 mm edge",
                                                                                "help" : null,
                                                                                "AXValue" : null,
                                                                                "AXFrame" : "{{274, 251}, {44, 44}}",
                                                                                "children" : [

                                                                                ],
                                                                                "role" : "AXButton",
                                                                                "title" : null,
                                                                                "enabled" : true
                                                                              },
                                                                              {
                                                                                "title" : null,
                                                                                "AXValue" : null,
                                                                                "role_description" : "group",
                                                                                "role" : "AXGroup",
                                                                                "traits" : [

                                                                                ],
                                                                                "frame" : {
                                                                                  "x" : 33.500000000000028,
                                                                                  "width" : 335,
                                                                                  "y" : 303.5,
                                                                                  "height" : 152.33332824707031
                                                                                },
                                                                                "AXLabel" : null,
                                                                                "pid" : 12202,
                                                                                "children" : [
                                                                                  {
                                                                                    "AXUniqueId" : null,
                                                                                    "pid" : 12202,
                                                                                    "type" : "StaticText",
                                                                                    "role_description" : "text",
                                                                                    "AXValue" : null,
                                                                                    "AXLabel" : "SELECTED HOLD",
                                                                                    "subrole" : null,
                                                                                    "enabled" : true,
                                                                                    "help" : null,
                                                                                    "traits" : [

                                                                                    ],
                                                                                    "title" : null,
                                                                                    "content_required" : false,
                                                                                    "frame" : {
                                                                                      "x" : 52,
                                                                                      "width" : 111.66666666666666,
                                                                                      "y" : 322.01134751773048,
                                                                                      "height" : 13.333333333333314
                                                                                    },
                                                                                    "custom_actions" : [

                                                                                    ],
                                                                                    "role" : "AXStaticText",
                                                                                    "children" : [

                                                                                    ],
                                                                                    "AXFrame" : "{{52, 322.01134751773048}, {111.66666666666666, 13.333333333333314}}"
                                                                                  },
                                                                                  {
                                                                                    "enabled" : true,
                                                                                    "AXUniqueId" : null,
                                                                                    "AXValue" : null,
                                                                                    "traits" : [

                                                                                    ],
                                                                                    "title" : null,
                                                                                    "frame" : {
                                                                                      "x" : 52,
                                                                                      "width" : 171.66666666666666,
                                                                                      "y" : 349.3446808510638,
                                                                                      "height" : 24
                                                                                    },
                                                                                    "children" : [

                                                                                    ],
                                                                                    "role_description" : "text",
                                                                                    "custom_actions" : [

                                                                                    ],
                                                                                    "AXLabel" : "Right 20 mm edge",
                                                                                    "subrole" : null,
                                                                                    "type" : "StaticText",
                                                                                    "help" : null,
                                                                                    "AXFrame" : "{{52, 349.3446808510638}, {171.66666666666666, 24}}",
                                                                                    "pid" : 12202,
                                                                                    "role" : "AXStaticText",
                                                                                    "content_required" : false
                                                                                  },
                                                                                  {
                                                                                    "subrole" : null,
                                                                                    "custom_actions" : [

                                                                                    ],
                                                                                    "children" : [

                                                                                    ],
                                                                                    "title" : null,
                                                                                    "help" : null,
                                                                                    "AXLabel" : "Kind",
                                                                                    "AXFrame" : "{{52, 389.3446808510638}, {27.666666666666657, 15.666666666666686}}",
                                                                                    "content_required" : false,
                                                                                    "AXUniqueId" : null,
                                                                                    "frame" : {
                                                                                      "x" : 52,
                                                                                      "width" : 27.666666666666657,
                                                                                      "y" : 389.3446808510638,
                                                                                      "height" : 15.666666666666686
                                                                                    },
                                                                                    "pid" : 12202,
                                                                                    "traits" : [

                                                                                    ],
                                                                                    "type" : "StaticText",
                                                                                    "AXValue" : null,
                                                                                    "role_description" : "text",
                                                                                    "role" : "AXStaticText",
                                                                                    "enabled" : true
                                                                                  },
                                                                                  {
                                                                                    "custom_actions" : [

                                                                                    ],
                                                                                    "type" : "StaticText",
                                                                                    "AXLabel" : "Edge",
                                                                                    "frame" : {
                                                                                      "height" : 18,
                                                                                      "width" : 36.666666666666629,
                                                                                      "x" : 313.33333333333337,
                                                                                      "y" : 387.3446808510638
                                                                                    },
                                                                                    "traits" : [

                                                                                    ],
                                                                                    "title" : null,
                                                                                    "subrole" : null,
                                                                                    "enabled" : true,
                                                                                    "role" : "AXStaticText",
                                                                                    "AXValue" : null,
                                                                                    "AXUniqueId" : null,
                                                                                    "role_description" : "text",
                                                                                    "children" : [

                                                                                    ],
                                                                                    "AXFrame" : "{{313.33333333333337, 387.3446808510638}, {36.666666666666629, 18}}",
                                                                                    "help" : null,
                                                                                    "content_required" : false,
                                                                                    "pid" : 12202
                                                                                  },
                                                                                  {
                                                                                    "AXFrame" : "{{52, 421.3446808510638}, {37.333333333333329, 15.666666666666686}}",
                                                                                    "pid" : 12202,
                                                                                    "frame" : {
                                                                                      "x" : 52,
                                                                                      "height" : 15.666666666666686,
                                                                                      "width" : 37.333333333333329,
                                                                                      "y" : 421.3446808510638
                                                                                    },
                                                                                    "traits" : [

                                                                                    ],
                                                                                    "AXValue" : null,
                                                                                    "type" : "StaticText",
                                                                                    "subrole" : null,
                                                                                    "role" : "AXStaticText",
                                                                                    "custom_actions" : [

                                                                                    ],
                                                                                    "enabled" : true,
                                                                                    "AXLabel" : "Depth",
                                                                                    "content_required" : false,
                                                                                    "children" : [

                                                                                    ],
                                                                                    "AXUniqueId" : null,
                                                                                    "title" : null,
                                                                                    "role_description" : "text",
                                                                                    "help" : null
                                                                                  },
                                                                                  {
                                                                                    "role" : "AXStaticText",
                                                                                    "AXValue" : null,
                                                                                    "title" : null,
                                                                                    "subrole" : null,
                                                                                    "frame" : {
                                                                                      "x" : 300,
                                                                                      "width" : 50,
                                                                                      "height" : 18,
                                                                                      "y" : 419.3446808510638
                                                                                    },
                                                                                    "traits" : [

                                                                                    ],
                                                                                    "custom_actions" : [

                                                                                    ],
                                                                                    "AXLabel" : "20 mm",
                                                                                    "enabled" : true,
                                                                                    "content_required" : false,
                                                                                    "type" : "StaticText",
                                                                                    "pid" : 12202,
                                                                                    "AXFrame" : "{{300, 419.3446808510638}, {50, 18}}",
                                                                                    "AXUniqueId" : null,
                                                                                    "children" : [

                                                                                    ],
                                                                                    "role_description" : "text",
                                                                                    "help" : null
                                                                                  }
                                                                                ],
                                                                                "custom_actions" : [

                                                                                ],
                                                                                "AXFrame" : "{{33.500000000000028, 303.5}, {335, 152.33332824707031}}",
                                                                                "content_required" : false,
                                                                                "help" : null,
                                                                                "AXUniqueId" : "boardDetail.selectedHold.edge-20-right",
                                                                                "type" : "Group",
                                                                                "subrole" : null,
                                                                                "enabled" : true
                                                                              },
                                                                              {
                                                                                "traits" : [

                                                                                ],
                                                                                "children" : [

                                                                                ],
                                                                                "type" : "StaticText",
                                                                                "AXLabel" : "HOLD MAP",
                                                                                "AXFrame" : "{{34, 467.3446808510638}, {72, 13.333333333333314}}",
                                                                                "subrole" : null,
                                                                                "frame" : {
                                                                                  "x" : 34,
                                                                                  "width" : 72,
                                                                                  "height" : 13.333333333333314,
                                                                                  "y" : 467.3446808510638
                                                                                },
                                                                                "enabled" : true,
                                                                                "role_description" : "text",
                                                                                "custom_actions" : [

                                                                                ],
                                                                                "help" : null,
                                                                                "AXUniqueId" : null,
                                                                                "title" : null,
                                                                                "content_required" : false,
                                                                                "AXValue" : null,
                                                                                "pid" : 12202,
                                                                                "role" : "AXStaticText"
                                                                              },
                                                                              {
                                                                                "AXFrame" : "{{34, 492.66665649414062}, {334, 406.00003051757812}}",
                                                                                "enabled" : true,
                                                                                "subrole" : null,
                                                                                "help" : null,
                                                                                "AXLabel" : null,
                                                                                "frame" : {
                                                                                  "height" : 406.00003051757812,
                                                                                  "x" : 34,
                                                                                  "width" : 334,
                                                                                  "y" : 492.66665649414062
                                                                                },
                                                                                "content_required" : false,
                                                                                "children" : [
                                                                                  {
                                                                                    "enabled" : true,
                                                                                    "help" : null,
                                                                                    "AXLabel" : "Hold 1: Left top jug",
                                                                                    "pid" : 12202,
                                                                                    "role_description" : "button",
                                                                                    "AXValue" : null,
                                                                                    "type" : "Button",
                                                                                    "AXFrame" : "{{34.000000000000028, 492.66666666666663}, {163, 38}}",
                                                                                    "traits" : [

                                                                                    ],
                                                                                    "content_required" : false,
                                                                                    "role" : "AXButton",
                                                                                    "custom_actions" : [

                                                                                    ],
                                                                                    "title" : null,
                                                                                    "frame" : {
                                                                                      "x" : 34.000000000000028,
                                                                                      "width" : 163,
                                                                                      "height" : 38,
                                                                                      "y" : 492.66666666666663
                                                                                    },
                                                                                    "subrole" : null,
                                                                                    "children" : [
                                                                                      {
                                                                                        "title" : null,
                                                                                        "subrole" : null,
                                                                                        "enabled" : true,
                                                                                        "AXLabel" : "1",
                                                                                        "help" : null,
                                                                                        "pid" : 12202,
                                                                                        "children" : [

                                                                                        ],
                                                                                        "role" : "AXStaticText",
                                                                                        "AXFrame" : "{{50.833333333333336, 504.51134751773043}, {6.3333333333333357, 14.333333333333258}}",
                                                                                        "frame" : {
                                                                                          "height" : 14.333333333333258,
                                                                                          "width" : 6.3333333333333357,
                                                                                          "x" : 50.833333333333336,
                                                                                          "y" : 504.51134751773043
                                                                                        },
                                                                                        "AXValue" : null,
                                                                                        "AXUniqueId" : null,
                                                                                        "custom_actions" : [

                                                                                        ],
                                                                                        "traits" : [

                                                                                        ],
                                                                                        "content_required" : false,
                                                                                        "role_description" : "text",
                                                                                        "type" : "StaticText"
                                                                                      },
                                                                                      {
                                                                                        "children" : [

                                                                                        ],
                                                                                        "AXLabel" : "Left top jug",
                                                                                        "role_description" : "text",
                                                                                        "subrole" : null,
                                                                                        "traits" : [

                                                                                        ],
                                                                                        "AXValue" : null,
                                                                                        "type" : "StaticText",
                                                                                        "AXUniqueId" : null,
                                                                                        "frame" : {
                                                                                          "x" : 74,
                                                                                          "width" : 70.666666666666657,
                                                                                          "height" : 15.666666666666629,
                                                                                          "y" : 503.8446808510638
                                                                                        },
                                                                                        "title" : null,
                                                                                        "custom_actions" : [

                                                                                        ],
                                                                                        "enabled" : true,
                                                                                        "content_required" : false,
                                                                                        "AXFrame" : "{{74, 503.8446808510638}, {70.666666666666657, 15.666666666666629}}",
                                                                                        "role" : "AXStaticText",
                                                                                        "pid" : 12202,
                                                                                        "help" : null
                                                                                      }
                                                                                    ],
                                                                                    "AXUniqueId" : "boardDetail.holdLegend.top-jug-left"
                                                                                  },
                                                                                  {
                                                                                    "custom_actions" : [

                                                                                    ],
                                                                                    "role" : "AXButton",
                                                                                    "AXUniqueId" : "boardDetail.holdLegend.top-jug-right",
                                                                                    "traits" : [

                                                                                    ],
                                                                                    "AXFrame" : "{{205, 492.66665649414062}, {163, 38.000030517578125}}",
                                                                                    "AXLabel" : "Hold 2: Right top jug",
                                                                                    "role_description" : "button",
                                                                                    "AXValue" : null,
                                                                                    "frame" : {
                                                                                      "x" : 205,
                                                                                      "width" : 163,
                                                                                      "height" : 38.000030517578125,
                                                                                      "y" : 492.66665649414062
                                                                                    },
                                                                                    "help" : null,
                                                                                    "subrole" : null,
                                                                                    "type" : "Button",
                                                                                    "content_required" : false,
                                                                                    "pid" : 12202,
                                                                                    "enabled" : true,
                                                                                    "title" : null,
                                                                                    "children" : [
                                                                                      {
                                                                                        "AXValue" : null,
                                                                                        "content_required" : false,
                                                                                        "pid" : 12202,
                                                                                        "role_description" : "text",
                                                                                        "traits" : [

                                                                                        ],
                                                                                        "AXUniqueId" : null,
                                                                                        "frame" : {
                                                                                          "x" : 221,
                                                                                          "width" : 8,
                                                                                          "height" : 14.333333333333258,
                                                                                          "y" : 504.51134751773043
                                                                                        },
                                                                                        "help" : null,
                                                                                        "AXFrame" : "{{221, 504.51134751773043}, {8, 14.333333333333258}}",
                                                                                        "children" : [

                                                                                        ],
                                                                                        "type" : "StaticText",
                                                                                        "role" : "AXStaticText",
                                                                                        "title" : null,
                                                                                        "AXLabel" : "2",
                                                                                        "subrole" : null,
                                                                                        "custom_actions" : [

                                                                                        ],
                                                                                        "enabled" : true
                                                                                      },
                                                                                      {
                                                                                        "frame" : {
                                                                                          "x" : 245,
                                                                                          "width" : 79,
                                                                                          "height" : 15.666666666666629,
                                                                                          "y" : 503.8446808510638
                                                                                        },
                                                                                        "AXUniqueId" : null,
                                                                                        "traits" : [

                                                                                        ],
                                                                                        "AXLabel" : "Right top jug",
                                                                                        "help" : null,
                                                                                        "children" : [

                                                                                        ],
                                                                                        "role_description" : "text",
                                                                                        "AXValue" : null,
                                                                                        "role" : "AXStaticText",
                                                                                        "enabled" : true,
                                                                                        "content_required" : false,
                                                                                        "type" : "StaticText",
                                                                                        "custom_actions" : [

                                                                                        ],
                                                                                        "title" : null,
                                                                                        "AXFrame" : "{{245, 503.8446808510638}, {79, 15.666666666666629}}",
                                                                                        "subrole" : null,
                                                                                        "pid" : 12202
                                                                                      }
                                                                                    ]
                                                                                  },
                                                                                  {
                                                                                    "role_description" : "button",
                                                                                    "pid" : 12202,
                                                                                    "type" : "Button",
                                                                                    "children" : [
                                                                                      {
                                                                                        "pid" : 12202,
                                                                                        "AXValue" : null,
                                                                                        "title" : null,
                                                                                        "custom_actions" : [

                                                                                        ],
                                                                                        "type" : "StaticText",
                                                                                        "role_description" : "text",
                                                                                        "traits" : [

                                                                                        ],
                                                                                        "AXUniqueId" : null,
                                                                                        "subrole" : null,
                                                                                        "children" : [

                                                                                        ],
                                                                                        "AXFrame" : "{{49.833333333333336, 550.51134751773043}, {8.3333333333333357, 14.333333333333258}}",
                                                                                        "content_required" : false,
                                                                                        "enabled" : true,
                                                                                        "help" : null,
                                                                                        "role" : "AXStaticText",
                                                                                        "AXLabel" : "3",
                                                                                        "frame" : {
                                                                                          "height" : 14.333333333333258,
                                                                                          "width" : 8.3333333333333357,
                                                                                          "x" : 49.833333333333336,
                                                                                          "y" : 550.51134751773043
                                                                                        }
                                                                                      },
                                                                                      {
                                                                                        "children" : [

                                                                                        ],
                                                                                        "pid" : 12202,
                                                                                        "custom_actions" : [

                                                                                        ],
                                                                                        "AXLabel" : "Left 32-degree top sloper",
                                                                                        "traits" : [

                                                                                        ],
                                                                                        "role_description" : "text",
                                                                                        "type" : "StaticText",
                                                                                        "frame" : {
                                                                                          "x" : 74,
                                                                                          "width" : 105,
                                                                                          "height" : 15.666666666666629,
                                                                                          "y" : 549.8446808510638
                                                                                        },
                                                                                        "subrole" : null,
                                                                                        "help" : null,
                                                                                        "enabled" : true,
                                                                                        "content_required" : false,
                                                                                        "AXFrame" : "{{74, 549.8446808510638}, {105, 15.666666666666629}}",
                                                                                        "AXUniqueId" : null,
                                                                                        "AXValue" : null,
                                                                                        "role" : "AXStaticText",
                                                                                        "title" : null
                                                                                      }
                                                                                    ],
                                                                                    "traits" : [

                                                                                    ],
                                                                                    "AXLabel" : "Hold 3: Left 32-degree top sloper",
                                                                                    "AXValue" : null,
                                                                                    "title" : null,
                                                                                    "role" : "AXButton",
                                                                                    "AXUniqueId" : "boardDetail.holdLegend.top-sloper-32-left",
                                                                                    "frame" : {
                                                                                      "x" : 34.000000000000028,
                                                                                      "width" : 163,
                                                                                      "height" : 38,
                                                                                      "y" : 538.66666666666663
                                                                                    },
                                                                                    "help" : null,
                                                                                    "enabled" : true,
                                                                                    "custom_actions" : [

                                                                                    ],
                                                                                    "subrole" : null,
                                                                                    "content_required" : false,
                                                                                    "AXFrame" : "{{34.000000000000028, 538.66666666666663}, {163, 38}}"
                                                                                  },
                                                                                  {
                                                                                    "help" : null,
                                                                                    "AXLabel" : "Hold 4: Right 32-degree top sloper",
                                                                                    "role" : "AXButton",
                                                                                    "pid" : 12202,
                                                                                    "children" : [
                                                                                      {
                                                                                        "role" : "AXStaticText",
                                                                                        "AXValue" : null,
                                                                                        "title" : null,
                                                                                        "enabled" : true,
                                                                                        "AXLabel" : "4",
                                                                                        "type" : "StaticText",
                                                                                        "help" : null,
                                                                                        "AXFrame" : "{{220.83333333333334, 550.51134751773043}, {8.3333333333333428, 14.333333333333258}}",
                                                                                        "custom_actions" : [

                                                                                        ],
                                                                                        "content_required" : false,
                                                                                        "role_description" : "text",
                                                                                        "pid" : 12202,
                                                                                        "AXUniqueId" : null,
                                                                                        "subrole" : null,
                                                                                        "children" : [

                                                                                        ],
                                                                                        "traits" : [

                                                                                        ],
                                                                                        "frame" : {
                                                                                          "x" : 220.83333333333334,
                                                                                          "width" : 8.3333333333333428,
                                                                                          "height" : 14.333333333333258,
                                                                                          "y" : 550.51134751773043
                                                                                        }
                                                                                      },
                                                                                      {
                                                                                        "traits" : [

                                                                                        ],
                                                                                        "AXLabel" : "Right 32-degree top sloper",
                                                                                        "role_description" : "text",
                                                                                        "help" : null,
                                                                                        "AXUniqueId" : null,
                                                                                        "AXFrame" : "{{245, 549.8446808510638}, {105.66666666666663, 15.666666666666629}}",
                                                                                        "subrole" : null,
                                                                                        "custom_actions" : [

                                                                                        ],
                                                                                        "role" : "AXStaticText",
                                                                                        "title" : null,
                                                                                        "pid" : 12202,
                                                                                        "children" : [

                                                                                        ],
                                                                                        "type" : "StaticText",
                                                                                        "AXValue" : null,
                                                                                        "enabled" : true,
                                                                                        "frame" : {
                                                                                          "height" : 15.666666666666629,
                                                                                          "x" : 245,
                                                                                          "width" : 105.66666666666663,
                                                                                          "y" : 549.8446808510638
                                                                                        },
                                                                                        "content_required" : false
                                                                                      }
                                                                                    ],
                                                                                    "custom_actions" : [

                                                                                    ],
                                                                                    "type" : "Button",
                                                                                    "AXFrame" : "{{205, 538.66668701171875}, {163, 38}}",
                                                                                    "traits" : [

                                                                                    ],
                                                                                    "subrole" : null,
                                                                                    "AXUniqueId" : "boardDetail.holdLegend.top-sloper-32-right",
                                                                                    "frame" : {
                                                                                      "x" : 205,
                                                                                      "width" : 163,
                                                                                      "height" : 38,
                                                                                      "y" : 538.66668701171875
                                                                                    },
                                                                                    "AXValue" : null,
                                                                                    "enabled" : true,
                                                                                    "content_required" : false,
                                                                                    "role_description" : "button",
                                                                                    "title" : null
                                                                                  },
                                                                                  {
                                                                                    "AXFrame" : "{{34.000000000000028, 584.66666666666663}, {163, 38}}",
                                                                                    "custom_actions" : [

                                                                                    ],
                                                                                    "subrole" : null,
                                                                                    "traits" : [

                                                                                    ],
                                                                                    "type" : "Button",
                                                                                    "enabled" : true,
                                                                                    "AXValue" : null,
                                                                                    "help" : null,
                                                                                    "children" : [
                                                                                      {
                                                                                        "subrole" : null,
                                                                                        "help" : null,
                                                                                        "type" : "StaticText",
                                                                                        "AXFrame" : "{{49.833333333333336, 596.51134751773043}, {8.3333333333333357, 14.333333333333258}}",
                                                                                        "traits" : [

                                                                                        ],
                                                                                        "children" : [

                                                                                        ],
                                                                                        "title" : null,
                                                                                        "enabled" : true,
                                                                                        "pid" : 12202,
                                                                                        "AXLabel" : "5",
                                                                                        "custom_actions" : [

                                                                                        ],
                                                                                        "AXUniqueId" : null,
                                                                                        "frame" : {
                                                                                          "x" : 49.833333333333336,
                                                                                          "width" : 8.3333333333333357,
                                                                                          "height" : 14.333333333333258,
                                                                                          "y" : 596.51134751773043
                                                                                        },
                                                                                        "AXValue" : null,
                                                                                        "content_required" : false,
                                                                                        "role" : "AXStaticText",
                                                                                        "role_description" : "text"
                                                                                      },
                                                                                      {
                                                                                        "help" : null,
                                                                                        "AXUniqueId" : null,
                                                                                        "pid" : 12202,
                                                                                        "subrole" : null,
                                                                                        "custom_actions" : [

                                                                                        ],
                                                                                        "role" : "AXStaticText",
                                                                                        "children" : [

                                                                                        ],
                                                                                        "type" : "StaticText",
                                                                                        "AXValue" : null,
                                                                                        "role_description" : "text",
                                                                                        "frame" : {
                                                                                          "height" : 15.666666666666629,
                                                                                          "x" : 74,
                                                                                          "width" : 105,
                                                                                          "y" : 595.8446808510638
                                                                                        },
                                                                                        "title" : null,
                                                                                        "AXLabel" : "Left 20-degree top sloper",
                                                                                        "enabled" : true,
                                                                                        "AXFrame" : "{{74, 595.8446808510638}, {105, 15.666666666666629}}",
                                                                                        "content_required" : false,
                                                                                        "traits" : [

                                                                                        ]
                                                                                      }
                                                                                    ],
                                                                                    "title" : null,
                                                                                    "role" : "AXButton",
                                                                                    "pid" : 12202,
                                                                                    "AXLabel" : "Hold 5: Left 20-degree top sloper",
                                                                                    "frame" : {
                                                                                      "height" : 38,
                                                                                      "width" : 163,
                                                                                      "x" : 34.000000000000028,
                                                                                      "y" : 584.66666666666663
                                                                                    },
                                                                                    "role_description" : "button",
                                                                                    "AXUniqueId" : "boardDetail.holdLegend.top-sloper-20-left",
                                                                                    "content_required" : false
                                                                                  },
                                                                                  {
                                                                                    "title" : null,
                                                                                    "AXUniqueId" : "boardDetail.holdLegend.top-sloper-20-right",
                                                                                    "enabled" : true,
                                                                                    "children" : [
                                                                                      {
                                                                                        "type" : "StaticText",
                                                                                        "role" : "AXStaticText",
                                                                                        "subrole" : null,
                                                                                        "content_required" : false,
                                                                                        "AXLabel" : "6",
                                                                                        "role_description" : "text",
                                                                                        "pid" : 12202,
                                                                                        "title" : null,
                                                                                        "AXFrame" : "{{220.83333333333334, 596.51134751773043}, {8.3333333333333428, 14.333333333333258}}",
                                                                                        "custom_actions" : [

                                                                                        ],
                                                                                        "children" : [

                                                                                        ],
                                                                                        "AXUniqueId" : null,
                                                                                        "traits" : [

                                                                                        ],
                                                                                        "enabled" : true,
                                                                                        "frame" : {
                                                                                          "height" : 14.333333333333258,
                                                                                          "width" : 8.3333333333333428,
                                                                                          "x" : 220.83333333333334,
                                                                                          "y" : 596.51134751773043
                                                                                        },
                                                                                        "AXValue" : null,
                                                                                        "help" : null
                                                                                      },
                                                                                      {
                                                                                        "AXLabel" : "Right 20-degree top sloper",
                                                                                        "AXUniqueId" : null,
                                                                                        "AXFrame" : "{{245, 595.8446808510638}, {105.66666666666663, 15.666666666666629}}",
                                                                                        "custom_actions" : [

                                                                                        ],
                                                                                        "content_required" : false,
                                                                                        "AXValue" : null,
                                                                                        "title" : null,
                                                                                        "role_description" : "text",
                                                                                        "children" : [

                                                                                        ],
                                                                                        "type" : "StaticText",
                                                                                        "subrole" : null,
                                                                                        "pid" : 12202,
                                                                                        "role" : "AXStaticText",
                                                                                        "enabled" : true,
                                                                                        "traits" : [

                                                                                        ],
                                                                                        "help" : null,
                                                                                        "frame" : {
                                                                                          "x" : 245,
                                                                                          "width" : 105.66666666666663,
                                                                                          "height" : 15.666666666666629,
                                                                                          "y" : 595.8446808510638
                                                                                        }
                                                                                      }
                                                                                    ],
                                                                                    "custom_actions" : [

                                                                                    ],
                                                                                    "role_description" : "button",
                                                                                    "frame" : {
                                                                                      "x" : 205,
                                                                                      "width" : 163,
                                                                                      "height" : 38,
                                                                                      "y" : 584.66668701171875
                                                                                    },
                                                                                    "subrole" : null,
                                                                                    "content_required" : false,
                                                                                    "AXValue" : null,
                                                                                    "AXFrame" : "{{205, 584.66668701171875}, {163, 38}}",
                                                                                    "type" : "Button",
                                                                                    "help" : null,
                                                                                    "pid" : 12202,
                                                                                    "traits" : [

                                                                                    ],
                                                                                    "role" : "AXButton",
                                                                                    "AXLabel" : "Hold 6: Right 20-degree top sloper"
                                                                                  },
                                                                                  {
                                                                                    "children" : [
                                                                                      {
                                                                                        "content_required" : false,
                                                                                        "pid" : 12202,
                                                                                        "role_description" : "text",
                                                                                        "traits" : [

                                                                                        ],
                                                                                        "enabled" : true,
                                                                                        "AXLabel" : "7",
                                                                                        "title" : null,
                                                                                        "frame" : {
                                                                                          "x" : 50.166666666666671,
                                                                                          "width" : 7.6666666666666643,
                                                                                          "height" : 14.333333333333371,
                                                                                          "y" : 642.51134751773054
                                                                                        },
                                                                                        "custom_actions" : [

                                                                                        ],
                                                                                        "children" : [

                                                                                        ],
                                                                                        "AXValue" : null,
                                                                                        "AXFrame" : "{{50.166666666666671, 642.51134751773054}, {7.6666666666666643, 14.333333333333371}}",
                                                                                        "subrole" : null,
                                                                                        "help" : null,
                                                                                        "role" : "AXStaticText",
                                                                                        "type" : "StaticText",
                                                                                        "AXUniqueId" : null
                                                                                      },
                                                                                      {
                                                                                        "subrole" : null,
                                                                                        "role_description" : "text",
                                                                                        "children" : [

                                                                                        ],
                                                                                        "AXValue" : null,
                                                                                        "frame" : {
                                                                                          "height" : 15.666666666666629,
                                                                                          "x" : 74,
                                                                                          "width" : 106,
                                                                                          "y" : 641.8446808510638
                                                                                        },
                                                                                        "pid" : 12202,
                                                                                        "help" : null,
                                                                                        "traits" : [

                                                                                        ],
                                                                                        "AXFrame" : "{{74, 641.8446808510638}, {106, 15.666666666666629}}",
                                                                                        "role" : "AXStaticText",
                                                                                        "custom_actions" : [

                                                                                        ],
                                                                                        "content_required" : false,
                                                                                        "type" : "StaticText",
                                                                                        "title" : null,
                                                                                        "AXUniqueId" : null,
                                                                                        "AXLabel" : "Center top sloper jug",
                                                                                        "enabled" : true
                                                                                      }
                                                                                    ],
                                                                                    "traits" : [

                                                                                    ],
                                                                                    "title" : null,
                                                                                    "AXLabel" : "Hold 7: Center top sloper jug",
                                                                                    "help" : null,
                                                                                    "AXValue" : null,
                                                                                    "type" : "Button",
                                                                                    "AXUniqueId" : "boardDetail.holdLegend.top-sloper-jug-center",
                                                                                    "frame" : {
                                                                                      "x" : 34.000000000000028,
                                                                                      "height" : 38,
                                                                                      "width" : 163,
                                                                                      "y" : 630.66666666666663
                                                                                    },
                                                                                    "role_description" : "button",
                                                                                    "enabled" : true,
                                                                                    "subrole" : null,
                                                                                    "content_required" : false,
                                                                                    "AXFrame" : "{{34.000000000000028, 630.66666666666663}, {163, 38}}",
                                                                                    "pid" : 12202,
                                                                                    "custom_actions" : [

                                                                                    ],
                                                                                    "role" : "AXButton"
                                                                                  },
                                                                                  {
                                                                                    "role_description" : "button",
                                                                                    "AXValue" : null,
                                                                                    "enabled" : true,
                                                                                    "subrole" : null,
                                                                                    "content_required" : false,
                                                                                    "traits" : [

                                                                                    ],
                                                                                    "custom_actions" : [

                                                                                    ],
                                                                                    "AXFrame" : "{{205, 630.66668701171875}, {163, 38}}",
                                                                                    "AXLabel" : "Hold 8: Left 30 mm edge",
                                                                                    "AXUniqueId" : "boardDetail.holdLegend.edge-30-left",
                                                                                    "children" : [
                                                                                      {
                                                                                        "traits" : [

                                                                                        ],
                                                                                        "frame" : {
                                                                                          "x" : 220.66666666666666,
                                                                                          "height" : 14.333333333333371,
                                                                                          "width" : 8.6666666666666572,
                                                                                          "y" : 642.51134751773054
                                                                                        },
                                                                                        "children" : [

                                                                                        ],
                                                                                        "role" : "AXStaticText",
                                                                                        "AXUniqueId" : null,
                                                                                        "pid" : 12202,
                                                                                        "role_description" : "text",
                                                                                        "title" : null,
                                                                                        "help" : null,
                                                                                        "custom_actions" : [

                                                                                        ],
                                                                                        "AXFrame" : "{{220.66666666666666, 642.51134751773054}, {8.6666666666666572, 14.333333333333371}}",
                                                                                        "enabled" : true,
                                                                                        "type" : "StaticText",
                                                                                        "content_required" : false,
                                                                                        "subrole" : null,
                                                                                        "AXValue" : null,
                                                                                        "AXLabel" : "8"
                                                                                      },
                                                                                      {
                                                                                        "AXLabel" : "Left 30 mm edge",
                                                                                        "frame" : {
                                                                                          "height" : 15.666666666666629,
                                                                                          "width" : 105.33333333333337,
                                                                                          "x" : 245,
                                                                                          "y" : 641.8446808510638
                                                                                        },
                                                                                        "subrole" : null,
                                                                                        "content_required" : false,
                                                                                        "children" : [

                                                                                        ],
                                                                                        "help" : null,
                                                                                        "role" : "AXStaticText",
                                                                                        "role_description" : "text",
                                                                                        "AXValue" : null,
                                                                                        "custom_actions" : [

                                                                                        ],
                                                                                        "enabled" : true,
                                                                                        "traits" : [

                                                                                        ],
                                                                                        "AXFrame" : "{{245, 641.8446808510638}, {105.33333333333337, 15.666666666666629}}",
                                                                                        "AXUniqueId" : null,
                                                                                        "type" : "StaticText",
                                                                                        "title" : null,
                                                                                        "pid" : 12202
                                                                                      }
                                                                                    ],
                                                                                    "help" : null,
                                                                                    "role" : "AXButton",
                                                                                    "title" : null,
                                                                                    "type" : "Button",
                                                                                    "frame" : {
                                                                                      "x" : 205,
                                                                                      "width" : 163,
                                                                                      "height" : 38,
                                                                                      "y" : 630.66668701171875
                                                                                    },
                                                                                    "pid" : 12202
                                                                                  },
                                                                                  {
                                                                                    "AXValue" : null,
                                                                                    "pid" : 12202,
                                                                                    "role_description" : "button",
                                                                                    "type" : "Button",
                                                                                    "role" : "AXButton",
                                                                                    "enabled" : true,
                                                                                    "content_required" : false,
                                                                                    "title" : null,
                                                                                    "subrole" : null,
                                                                                    "AXUniqueId" : "boardDetail.holdLegend.sloper-edge-30-left",
                                                                                    "frame" : {
                                                                                      "x" : 34.000000000000028,
                                                                                      "width" : 163,
                                                                                      "height" : 38,
                                                                                      "y" : 676.66666666666663
                                                                                    },
                                                                                    "custom_actions" : [

                                                                                    ],
                                                                                    "help" : null,
                                                                                    "AXFrame" : "{{34.000000000000028, 676.66666666666663}, {163, 38}}",
                                                                                    "traits" : [

                                                                                    ],
                                                                                    "AXLabel" : "Hold 9: Left 30 mm sloper edge",
                                                                                    "children" : [
                                                                                      {
                                                                                        "children" : [

                                                                                        ],
                                                                                        "subrole" : null,
                                                                                        "AXUniqueId" : null,
                                                                                        "frame" : {
                                                                                          "height" : 14.333333333333371,
                                                                                          "width" : 8.3333333333333357,
                                                                                          "x" : 49.833333333333336,
                                                                                          "y" : 688.51134751773054
                                                                                        },
                                                                                        "AXFrame" : "{{49.833333333333336, 688.51134751773054}, {8.3333333333333357, 14.333333333333371}}",
                                                                                        "traits" : [

                                                                                        ],
                                                                                        "enabled" : true,
                                                                                        "role_description" : "text",
                                                                                        "AXValue" : null,
                                                                                        "custom_actions" : [

                                                                                        ],
                                                                                        "type" : "StaticText",
                                                                                        "content_required" : false,
                                                                                        "pid" : 12202,
                                                                                        "help" : null,
                                                                                        "title" : null,
                                                                                        "role" : "AXStaticText",
                                                                                        "AXLabel" : "9"
                                                                                      },
                                                                                      {
                                                                                        "subrole" : null,
                                                                                        "traits" : [

                                                                                        ],
                                                                                        "AXUniqueId" : null,
                                                                                        "content_required" : false,
                                                                                        "AXLabel" : "Left 30 mm sloper edge",
                                                                                        "pid" : 12202,
                                                                                        "custom_actions" : [

                                                                                        ],
                                                                                        "type" : "StaticText",
                                                                                        "frame" : {
                                                                                          "height" : 15.666666666666629,
                                                                                          "width" : 103.33333333333334,
                                                                                          "x" : 74,
                                                                                          "y" : 687.8446808510638
                                                                                        },
                                                                                        "role" : "AXStaticText",
                                                                                        "help" : null,
                                                                                        "AXFrame" : "{{74, 687.8446808510638}, {103.33333333333334, 15.666666666666629}}",
                                                                                        "children" : [

                                                                                        ],
                                                                                        "enabled" : true,
                                                                                        "AXValue" : null,
                                                                                        "title" : null,
                                                                                        "role_description" : "text"
                                                                                      }
                                                                                    ]
                                                                                  },
                                                                                  {
                                                                                    "frame" : {
                                                                                      "x" : 205,
                                                                                      "width" : 163,
                                                                                      "y" : 676.66668701171875,
                                                                                      "height" : 38
                                                                                    },
                                                                                    "help" : null,
                                                                                    "enabled" : true,
                                                                                    "role_description" : "button",
                                                                                    "AXUniqueId" : "boardDetail.holdLegend.sloper-edge-25-left",
                                                                                    "AXFrame" : "{{205, 676.66668701171875}, {163, 38}}",
                                                                                    "pid" : 12202,
                                                                                    "children" : [
                                                                                      {
                                                                                        "AXFrame" : "{{217.5, 688.51134751773054}, {15, 14.333333333333371}}",
                                                                                        "title" : null,
                                                                                        "type" : "StaticText",
                                                                                        "frame" : {
                                                                                          "x" : 217.5,
                                                                                          "width" : 15,
                                                                                          "y" : 688.51134751773054,
                                                                                          "height" : 14.333333333333371
                                                                                        },
                                                                                        "children" : [

                                                                                        ],
                                                                                        "help" : null,
                                                                                        "content_required" : false,
                                                                                        "AXLabel" : "10",
                                                                                        "AXUniqueId" : null,
                                                                                        "role_description" : "text",
                                                                                        "role" : "AXStaticText",
                                                                                        "subrole" : null,
                                                                                        "pid" : 12202,
                                                                                        "enabled" : true,
                                                                                        "custom_actions" : [

                                                                                        ],
                                                                                        "AXValue" : null,
                                                                                        "traits" : [

                                                                                        ]
                                                                                      },
                                                                                      {
                                                                                        "AXLabel" : "Left 25 mm sloper edge",
                                                                                        "traits" : [

                                                                                        ],
                                                                                        "frame" : {
                                                                                          "x" : 245,
                                                                                          "width" : 102.66666666666663,
                                                                                          "y" : 687.8446808510638,
                                                                                          "height" : 15.666666666666629
                                                                                        },
                                                                                        "custom_actions" : [

                                                                                        ],
                                                                                        "role" : "AXStaticText",
                                                                                        "role_description" : "text",
                                                                                        "type" : "StaticText",
                                                                                        "AXValue" : null,
                                                                                        "AXUniqueId" : null,
                                                                                        "pid" : 12202,
                                                                                        "help" : null,
                                                                                        "title" : null,
                                                                                        "subrole" : null,
                                                                                        "enabled" : true,
                                                                                        "children" : [

                                                                                        ],
                                                                                        "content_required" : false,
                                                                                        "AXFrame" : "{{245, 687.8446808510638}, {102.66666666666663, 15.666666666666629}}"
                                                                                      }
                                                                                    ],
                                                                                    "subrole" : null,
                                                                                    "AXLabel" : "Hold 10: Left 25 mm sloper edge",
                                                                                    "custom_actions" : [

                                                                                    ],
                                                                                    "content_required" : false,
                                                                                    "role" : "AXButton",
                                                                                    "type" : "Button",
                                                                                    "title" : null,
                                                                                    "AXValue" : null,
                                                                                    "traits" : [

                                                                                    ]
                                                                                  },
                                                                                  {
                                                                                    "content_required" : false,
                                                                                    "type" : "Button",
                                                                                    "frame" : {
                                                                                      "x" : 34.000000000000028,
                                                                                      "width" : 163,
                                                                                      "y" : 722.66666666666663,
                                                                                      "height" : 38
                                                                                    },
                                                                                    "help" : null,
                                                                                    "custom_actions" : [

                                                                                    ],
                                                                                    "AXLabel" : "Hold 11: Center 35 mm edge",
                                                                                    "title" : null,
                                                                                    "traits" : [

                                                                                    ],
                                                                                    "AXValue" : null,
                                                                                    "role_description" : "button",
                                                                                    "pid" : 12202,
                                                                                    "subrole" : null,
                                                                                    "children" : [
                                                                                      {
                                                                                        "content_required" : false,
                                                                                        "help" : null,
                                                                                        "traits" : [

                                                                                        ],
                                                                                        "AXLabel" : "11",
                                                                                        "subrole" : null,
                                                                                        "role_description" : "text",
                                                                                        "role" : "AXStaticText",
                                                                                        "AXFrame" : "{{47.666666666666664, 734.51134751773054}, {12.666666666666664, 14.333333333333371}}",
                                                                                        "title" : null,
                                                                                        "AXUniqueId" : null,
                                                                                        "AXValue" : null,
                                                                                        "enabled" : true,
                                                                                        "pid" : 12202,
                                                                                        "custom_actions" : [

                                                                                        ],
                                                                                        "frame" : {
                                                                                          "x" : 47.666666666666664,
                                                                                          "width" : 12.666666666666664,
                                                                                          "y" : 734.51134751773054,
                                                                                          "height" : 14.333333333333371
                                                                                        },
                                                                                        "children" : [

                                                                                        ],
                                                                                        "type" : "StaticText"
                                                                                      },
                                                                                      {
                                                                                        "AXValue" : null,
                                                                                        "title" : null,
                                                                                        "AXLabel" : "Center 35 mm edge",
                                                                                        "custom_actions" : [

                                                                                        ],
                                                                                        "children" : [

                                                                                        ],
                                                                                        "traits" : [

                                                                                        ],
                                                                                        "frame" : {
                                                                                          "x" : 74,
                                                                                          "width" : 99,
                                                                                          "y" : 733.8446808510638,
                                                                                          "height" : 15.666666666666629
                                                                                        },
                                                                                        "enabled" : true,
                                                                                        "subrole" : null,
                                                                                        "type" : "StaticText",
                                                                                        "help" : null,
                                                                                        "role" : "AXStaticText",
                                                                                        "pid" : 12202,
                                                                                        "AXUniqueId" : null,
                                                                                        "AXFrame" : "{{74, 733.8446808510638}, {99, 15.666666666666629}}",
                                                                                        "content_required" : false,
                                                                                        "role_description" : "text"
                                                                                      }
                                                                                    ],
                                                                                    "AXFrame" : "{{34.000000000000028, 722.66666666666663}, {163, 38}}",
                                                                                    "role" : "AXButton",
                                                                                    "AXUniqueId" : "boardDetail.holdLegend.edge-35-center",
                                                                                    "enabled" : true
                                                                                  },
                                                                                  {
                                                                                    "pid" : 12202,
                                                                                    "AXValue" : null,
                                                                                    "role" : "AXButton",
                                                                                    "children" : [
                                                                                      {
                                                                                        "content_required" : false,
                                                                                        "custom_actions" : [

                                                                                        ],
                                                                                        "traits" : [

                                                                                        ],
                                                                                        "AXFrame" : "{{217.83333333333334, 734.51134751773054}, {14.333333333333343, 14.333333333333371}}",
                                                                                        "AXUniqueId" : null,
                                                                                        "title" : null,
                                                                                        "frame" : {
                                                                                          "x" : 217.83333333333334,
                                                                                          "width" : 14.333333333333343,
                                                                                          "y" : 734.51134751773054,
                                                                                          "height" : 14.333333333333371
                                                                                        },
                                                                                        "type" : "StaticText",
                                                                                        "AXLabel" : "12",
                                                                                        "subrole" : null,
                                                                                        "pid" : 12202,
                                                                                        "children" : [

                                                                                        ],
                                                                                        "AXValue" : null,
                                                                                        "role_description" : "text",
                                                                                        "help" : null,
                                                                                        "enabled" : true,
                                                                                        "role" : "AXStaticText"
                                                                                      },
                                                                                      {
                                                                                        "AXLabel" : "Right 25 mm sloper edge",
                                                                                        "AXUniqueId" : null,
                                                                                        "AXValue" : null,
                                                                                        "help" : null,
                                                                                        "subrole" : null,
                                                                                        "role_description" : "text",
                                                                                        "custom_actions" : [

                                                                                        ],
                                                                                        "traits" : [

                                                                                        ],
                                                                                        "content_required" : false,
                                                                                        "frame" : {
                                                                                          "x" : 245,
                                                                                          "width" : 103,
                                                                                          "y" : 733.8446808510638,
                                                                                          "height" : 15.666666666666629
                                                                                        },
                                                                                        "role" : "AXStaticText",
                                                                                        "enabled" : true,
                                                                                        "children" : [

                                                                                        ],
                                                                                        "type" : "StaticText",
                                                                                        "title" : null,
                                                                                        "AXFrame" : "{{245, 733.8446808510638}, {103, 15.666666666666629}}",
                                                                                        "pid" : 12202
                                                                                      }
                                                                                    ],
                                                                                    "traits" : [

                                                                                    ],
                                                                                    "custom_actions" : [

                                                                                    ],
                                                                                    "help" : null,
                                                                                    "subrole" : null,
                                                                                    "AXUniqueId" : "boardDetail.holdLegend.sloper-edge-25-right",
                                                                                    "AXFrame" : "{{205, 722.66668701171875}, {163, 38}}",
                                                                                    "title" : null,
                                                                                    "type" : "Button",
                                                                                    "frame" : {
                                                                                      "x" : 205,
                                                                                      "width" : 163,
                                                                                      "y" : 722.66668701171875,
                                                                                      "height" : 38
                                                                                    },
                                                                                    "content_required" : false,
                                                                                    "AXLabel" : "Hold 12: Right 25 mm sloper edge",
                                                                                    "role_description" : "button",
                                                                                    "enabled" : true
                                                                                  },
                                                                                  {
                                                                                    "traits" : [

                                                                                    ],
                                                                                    "AXUniqueId" : "boardDetail.holdLegend.sloper-edge-30-right",
                                                                                    "frame" : {
                                                                                      "x" : 34.000000000000028,
                                                                                      "width" : 163,
                                                                                      "y" : 768.66666666666663,
                                                                                      "height" : 38
                                                                                    },
                                                                                    "subrole" : null,
                                                                                    "children" : [
                                                                                      {
                                                                                        "AXValue" : null,
                                                                                        "traits" : [

                                                                                        ],
                                                                                        "custom_actions" : [

                                                                                        ],
                                                                                        "role_description" : "text",
                                                                                        "AXLabel" : "13",
                                                                                        "help" : null,
                                                                                        "enabled" : true,
                                                                                        "title" : null,
                                                                                        "pid" : 12202,
                                                                                        "children" : [

                                                                                        ],
                                                                                        "content_required" : false,
                                                                                        "role" : "AXStaticText",
                                                                                        "AXUniqueId" : null,
                                                                                        "AXFrame" : "{{46.666666666666664, 780.51134751773054}, {14.666666666666664, 14.333333333333371}}",
                                                                                        "subrole" : null,
                                                                                        "frame" : {
                                                                                          "x" : 46.666666666666664,
                                                                                          "width" : 14.666666666666664,
                                                                                          "y" : 780.51134751773054,
                                                                                          "height" : 14.333333333333371
                                                                                        },
                                                                                        "type" : "StaticText"
                                                                                      },
                                                                                      {
                                                                                        "children" : [

                                                                                        ],
                                                                                        "AXLabel" : "Right 30 mm sloper edge",
                                                                                        "frame" : {
                                                                                          "x" : 74,
                                                                                          "width" : 103.66666666666666,
                                                                                          "y" : 779.8446808510638,
                                                                                          "height" : 15.666666666666629
                                                                                        },
                                                                                        "type" : "StaticText",
                                                                                        "enabled" : true,
                                                                                        "traits" : [

                                                                                        ],
                                                                                        "AXValue" : null,
                                                                                        "help" : null,
                                                                                        "role" : "AXStaticText",
                                                                                        "title" : null,
                                                                                        "custom_actions" : [

                                                                                        ],
                                                                                        "role_description" : "text",
                                                                                        "AXUniqueId" : null,
                                                                                        "content_required" : false,
                                                                                        "pid" : 12202,
                                                                                        "AXFrame" : "{{74, 779.8446808510638}, {103.66666666666666, 15.666666666666629}}",
                                                                                        "subrole" : null
                                                                                      }
                                                                                    ],
                                                                                    "role" : "AXButton",
                                                                                    "role_description" : "button",
                                                                                    "AXFrame" : "{{34.000000000000028, 768.66666666666663}, {163, 38}}",
                                                                                    "AXValue" : null,
                                                                                    "type" : "Button",
                                                                                    "custom_actions" : [

                                                                                    ],
                                                                                    "help" : null,
                                                                                    "enabled" : true,
                                                                                    "content_required" : false,
                                                                                    "pid" : 12202,
                                                                                    "AXLabel" : "Hold 13: Right 30 mm sloper edge",
                                                                                    "title" : null
                                                                                  },
                                                                                  {
                                                                                    "frame" : {
                                                                                      "x" : 205,
                                                                                      "width" : 163,
                                                                                      "y" : 768.66668701171875,
                                                                                      "height" : 38
                                                                                    },
                                                                                    "subrole" : null,
                                                                                    "type" : "Button",
                                                                                    "pid" : 12202,
                                                                                    "role_description" : "button",
                                                                                    "AXFrame" : "{{205, 768.66668701171875}, {163, 38}}",
                                                                                    "title" : null,
                                                                                    "children" : [
                                                                                      {
                                                                                        "content_required" : false,
                                                                                        "title" : null,
                                                                                        "role" : "AXStaticText",
                                                                                        "help" : null,
                                                                                        "AXLabel" : "14",
                                                                                        "children" : [

                                                                                        ],
                                                                                        "traits" : [

                                                                                        ],
                                                                                        "AXFrame" : "{{217.66666666666666, 780.51134751773054}, {14.666666666666657, 14.333333333333371}}",
                                                                                        "frame" : {
                                                                                          "x" : 217.66666666666666,
                                                                                          "width" : 14.666666666666657,
                                                                                          "y" : 780.51134751773054,
                                                                                          "height" : 14.333333333333371
                                                                                        },
                                                                                        "AXUniqueId" : null,
                                                                                        "enabled" : true,
                                                                                        "subrole" : null,
                                                                                        "pid" : 12202,
                                                                                        "type" : "StaticText",
                                                                                        "custom_actions" : [

                                                                                        ],
                                                                                        "AXValue" : null,
                                                                                        "role_description" : "text"
                                                                                      },
                                                                                      {
                                                                                        "children" : [

                                                                                        ],
                                                                                        "traits" : [

                                                                                        ],
                                                                                        "AXLabel" : "Right 30 mm edge",
                                                                                        "custom_actions" : [

                                                                                        ],
                                                                                        "enabled" : true,
                                                                                        "content_required" : false,
                                                                                        "type" : "StaticText",
                                                                                        "AXFrame" : "{{245, 779.8446808510638}, {100.66666666666663, 15.666666666666629}}",
                                                                                        "pid" : 12202,
                                                                                        "help" : null,
                                                                                        "AXUniqueId" : null,
                                                                                        "role_description" : "text",
                                                                                        "AXValue" : null,
                                                                                        "title" : null,
                                                                                        "role" : "AXStaticText",
                                                                                        "frame" : {
                                                                                          "x" : 245,
                                                                                          "width" : 100.66666666666663,
                                                                                          "y" : 779.8446808510638,
                                                                                          "height" : 15.666666666666629
                                                                                        },
                                                                                        "subrole" : null
                                                                                      }
                                                                                    ],
                                                                                    "custom_actions" : [

                                                                                    ],
                                                                                    "enabled" : true,
                                                                                    "AXValue" : null,
                                                                                    "AXLabel" : "Hold 14: Right 30 mm edge",
                                                                                    "role" : "AXButton",
                                                                                    "AXUniqueId" : "boardDetail.holdLegend.edge-30-right",
                                                                                    "traits" : [

                                                                                    ],
                                                                                    "help" : null,
                                                                                    "content_required" : false
                                                                                  },
                                                                                  {
                                                                                    "traits" : [

                                                                                    ],
                                                                                    "custom_actions" : [

                                                                                    ],
                                                                                    "title" : null,
                                                                                    "AXUniqueId" : "boardDetail.holdLegend.edge-20-left",
                                                                                    "frame" : {
                                                                                      "x" : 34.000000000000028,
                                                                                      "width" : 163,
                                                                                      "y" : 814.66666666666663,
                                                                                      "height" : 38
                                                                                    },
                                                                                    "children" : [
                                                                                      {
                                                                                        "role" : "AXStaticText",
                                                                                        "subrole" : null,
                                                                                        "AXValue" : null,
                                                                                        "AXLabel" : "15",
                                                                                        "traits" : [

                                                                                        ],
                                                                                        "type" : "StaticText",
                                                                                        "AXFrame" : "{{46.666666666666664, 826.51134751773054}, {14.666666666666664, 14.333333333333371}}",
                                                                                        "enabled" : true,
                                                                                        "pid" : 12202,
                                                                                        "title" : null,
                                                                                        "help" : null,
                                                                                        "AXUniqueId" : null,
                                                                                        "content_required" : false,
                                                                                        "children" : [

                                                                                        ],
                                                                                        "frame" : {
                                                                                          "x" : 46.666666666666664,
                                                                                          "width" : 14.666666666666664,
                                                                                          "y" : 826.51134751773054,
                                                                                          "height" : 14.333333333333371
                                                                                        },
                                                                                        "role_description" : "text",
                                                                                        "custom_actions" : [

                                                                                        ]
                                                                                      },
                                                                                      {
                                                                                        "frame" : {
                                                                                          "x" : 74,
                                                                                          "width" : 105,
                                                                                          "y" : 825.8446808510638,
                                                                                          "height" : 15.666666666666629
                                                                                        },
                                                                                        "children" : [

                                                                                        ],
                                                                                        "subrole" : null,
                                                                                        "custom_actions" : [

                                                                                        ],
                                                                                        "title" : null,
                                                                                        "help" : null,
                                                                                        "role_description" : "text",
                                                                                        "traits" : [

                                                                                        ],
                                                                                        "AXFrame" : "{{74, 825.8446808510638}, {105, 15.666666666666629}}",
                                                                                        "enabled" : true,
                                                                                        "AXValue" : null,
                                                                                        "type" : "StaticText",
                                                                                        "AXLabel" : "Left 20 mm edge",
                                                                                        "content_required" : false,
                                                                                        "pid" : 12202,
                                                                                        "AXUniqueId" : null,
                                                                                        "role" : "AXStaticText"
                                                                                      }
                                                                                    ],
                                                                                    "enabled" : true,
                                                                                    "subrole" : null,
                                                                                    "type" : "Button",
                                                                                    "role_description" : "button",
                                                                                    "role" : "AXButton",
                                                                                    "content_required" : false,
                                                                                    "AXLabel" : "Hold 15: Left 20 mm edge",
                                                                                    "help" : null,
                                                                                    "pid" : 12202,
                                                                                    "AXValue" : null,
                                                                                    "AXFrame" : "{{34.000000000000028, 814.66666666666663}, {163, 38}}"
                                                                                  },
                                                                                  {
                                                                                    "AXValue" : null,
                                                                                    "enabled" : true,
                                                                                    "subrole" : null,
                                                                                    "children" : [
                                                                                      {
                                                                                        "AXFrame" : "{{217.66666666666666, 826.51134751773054}, {14.666666666666657, 14.333333333333371}}",
                                                                                        "subrole" : null,
                                                                                        "traits" : [

                                                                                        ],
                                                                                        "enabled" : true,
                                                                                        "type" : "StaticText",
                                                                                        "AXLabel" : "16",
                                                                                        "content_required" : false,
                                                                                        "AXValue" : null,
                                                                                        "title" : null,
                                                                                        "pid" : 12202,
                                                                                        "AXUniqueId" : null,
                                                                                        "role" : "AXStaticText",
                                                                                        "role_description" : "text",
                                                                                        "children" : [

                                                                                        ],
                                                                                        "custom_actions" : [

                                                                                        ],
                                                                                        "help" : null,
                                                                                        "frame" : {
                                                                                          "x" : 217.66666666666666,
                                                                                          "width" : 14.666666666666657,
                                                                                          "y" : 826.51134751773054,
                                                                                          "height" : 14.333333333333371
                                                                                        }
                                                                                      },
                                                                                      {
                                                                                        "traits" : [

                                                                                        ],
                                                                                        "pid" : 12202,
                                                                                        "AXValue" : null,
                                                                                        "help" : null,
                                                                                        "AXLabel" : "Lower left 25 mm sloper edge",
                                                                                        "content_required" : false,
                                                                                        "role_description" : "text",
                                                                                        "custom_actions" : [

                                                                                        ],
                                                                                        "title" : null,
                                                                                        "role" : "AXStaticText",
                                                                                        "AXUniqueId" : null,
                                                                                        "AXFrame" : "{{245, 825.8446808510638}, {107, 15.666666666666629}}",
                                                                                        "children" : [

                                                                                        ],
                                                                                        "frame" : {
                                                                                          "x" : 245,
                                                                                          "width" : 107,
                                                                                          "y" : 825.8446808510638,
                                                                                          "height" : 15.666666666666629
                                                                                        },
                                                                                        "enabled" : true,
                                                                                        "subrole" : null,
                                                                                        "type" : "StaticText"
                                                                                      }
                                                                                    ],
                                                                                    "custom_actions" : [

                                                                                    ],
                                                                                    "AXLabel" : "Hold 16: Lower left 25 mm sloper edge",
                                                                                    "AXUniqueId" : "boardDetail.holdLegend.sloper-edge-25-lower-left",
                                                                                    "traits" : [

                                                                                    ],
                                                                                    "frame" : {
                                                                                      "x" : 205,
                                                                                      "width" : 163,
                                                                                      "y" : 814.66668701171875,
                                                                                      "height" : 38
                                                                                    },
                                                                                    "role_description" : "button",
                                                                                    "type" : "Button",
                                                                                    "help" : null,
                                                                                    "content_required" : false,
                                                                                    "role" : "AXButton",
                                                                                    "pid" : 12202,
                                                                                    "AXFrame" : "{{205, 814.66668701171875}, {163, 38}}",
                                                                                    "title" : null
                                                                                  },
                                                                                  {
                                                                                    "children" : [
                                                                                      {
                                                                                        "frame" : {
                                                                                          "x" : 47,
                                                                                          "width" : 14,
                                                                                          "y" : 872.51134751773054,
                                                                                          "height" : 14.333333333333371
                                                                                        },
                                                                                        "AXUniqueId" : null,
                                                                                        "custom_actions" : [

                                                                                        ],
                                                                                        "AXValue" : null,
                                                                                        "subrole" : null,
                                                                                        "pid" : 12202,
                                                                                        "enabled" : true,
                                                                                        "content_required" : false,
                                                                                        "help" : null,
                                                                                        "role_description" : "text",
                                                                                        "role" : "AXStaticText",
                                                                                        "title" : null,
                                                                                        "traits" : [

                                                                                        ],
                                                                                        "type" : "StaticText",
                                                                                        "children" : [

                                                                                        ],
                                                                                        "AXFrame" : "{{47, 872.51134751773054}, {14, 14.333333333333371}}",
                                                                                        "AXLabel" : "17"
                                                                                      },
                                                                                      {
                                                                                        "role" : "AXStaticText",
                                                                                        "role_description" : "text",
                                                                                        "AXFrame" : "{{74, 871.8446808510638}, {101.66666666666666, 15.666666666666629}}",
                                                                                        "title" : null,
                                                                                        "children" : [

                                                                                        ],
                                                                                        "pid" : 12202,
                                                                                        "frame" : {
                                                                                          "x" : 74,
                                                                                          "width" : 101.66666666666666,
                                                                                          "y" : 871.8446808510638,
                                                                                          "height" : 15.666666666666629
                                                                                        },
                                                                                        "help" : null,
                                                                                        "AXValue" : null,
                                                                                        "traits" : [

                                                                                        ],
                                                                                        "subrole" : null,
                                                                                        "type" : "StaticText",
                                                                                        "content_required" : false,
                                                                                        "AXLabel" : "Inner left 30 mm edge",
                                                                                        "enabled" : true,
                                                                                        "AXUniqueId" : null,
                                                                                        "custom_actions" : [

                                                                                        ]
                                                                                      }
                                                                                    ],
                                                                                    "pid" : 12202,
                                                                                    "custom_actions" : [

                                                                                    ],
                                                                                    "frame" : {
                                                                                      "x" : 34.000000000000028,
                                                                                      "width" : 163,
                                                                                      "y" : 860.66666666666663,
                                                                                      "height" : 38
                                                                                    },
                                                                                    "traits" : [

                                                                                    ],
                                                                                    "AXValue" : null,
                                                                                    "role" : "AXButton",
                                                                                    "role_description" : "button",
                                                                                    "help" : null,
                                                                                    "content_required" : false,
                                                                                    "type" : "Button",
                                                                                    "AXLabel" : "Hold 17: Inner left 30 mm edge",
                                                                                    "enabled" : true,
                                                                                    "AXUniqueId" : "boardDetail.holdLegend.edge-30-inner-left",
                                                                                    "AXFrame" : "{{34.000000000000028, 860.66666666666663}, {163, 38}}",
                                                                                    "subrole" : null,
                                                                                    "title" : null
                                                                                  },
                                                                                  {
                                                                                    "content_required" : false,
                                                                                    "traits" : [

                                                                                    ],
                                                                                    "custom_actions" : [

                                                                                    ],
                                                                                    "pid" : 12202,
                                                                                    "role_description" : "button",
                                                                                    "AXValue" : null,
                                                                                    "role" : "AXButton",
                                                                                    "AXUniqueId" : "boardDetail.holdLegend.sloper-edge-30-center",
                                                                                    "title" : null,
                                                                                    "frame" : {
                                                                                      "x" : 205,
                                                                                      "width" : 163,
                                                                                      "y" : 860.66668701171875,
                                                                                      "height" : 38
                                                                                    },
                                                                                    "subrole" : null,
                                                                                    "children" : [
                                                                                      {
                                                                                        "pid" : 12202,
                                                                                        "traits" : [

                                                                                        ],
                                                                                        "frame" : {
                                                                                          "x" : 217.66666666666666,
                                                                                          "width" : 14.666666666666657,
                                                                                          "y" : 872.51134751773054,
                                                                                          "height" : 14.333333333333371
                                                                                        },
                                                                                        "AXValue" : null,
                                                                                        "AXFrame" : "{{217.66666666666666, 872.51134751773054}, {14.666666666666657, 14.333333333333371}}",
                                                                                        "role" : "AXStaticText",
                                                                                        "title" : null,
                                                                                        "content_required" : false,
                                                                                        "type" : "StaticText",
                                                                                        "role_description" : "text",
                                                                                        "children" : [

                                                                                        ],
                                                                                        "AXLabel" : "18",
                                                                                        "custom_actions" : [

                                                                                        ],
                                                                                        "enabled" : true,
                                                                                        "subrole" : null,
                                                                                        "AXUniqueId" : null,
                                                                                        "help" : null
                                                                                      },
                                                                                      {
                                                                                        "AXValue" : null,
                                                                                        "role" : "AXStaticText",
                                                                                        "help" : null,
                                                                                        "traits" : [

                                                                                        ],
                                                                                        "type" : "StaticText",
                                                                                        "custom_actions" : [

                                                                                        ],
                                                                                        "pid" : 12202,
                                                                                        "frame" : {
                                                                                          "x" : 245,
                                                                                          "width" : 99.333333333333371,
                                                                                          "y" : 871.8446808510638,
                                                                                          "height" : 15.666666666666629
                                                                                        },
                                                                                        "children" : [

                                                                                        ],
                                                                                        "title" : null,
                                                                                        "subrole" : null,
                                                                                        "AXFrame" : "{{245, 871.8446808510638}, {99.333333333333371, 15.666666666666629}}",
                                                                                        "AXUniqueId" : null,
                                                                                        "enabled" : true,
                                                                                        "content_required" : false,
                                                                                        "AXLabel" : "Center 30 mm sloper edge",
                                                                                        "role_description" : "text"
                                                                                      }
                                                                                    ],
                                                                                    "help" : null,
                                                                                    "enabled" : true,
                                                                                    "type" : "Button",
                                                                                    "AXFrame" : "{{205, 860.66668701171875}, {163, 38}}",
                                                                                    "AXLabel" : "Hold 18: Center 30 mm sloper edge"
                                                                                  }
                                                                                ],
                                                                                "AXUniqueId" : null,
                                                                                "role_description" : "group",
                                                                                "traits" : [

                                                                                ],
                                                                                "custom_actions" : [

                                                                                ],
                                                                                "type" : "Group",
                                                                                "role" : "AXGroup",
                                                                                "pid" : 12202,
                                                                                "AXValue" : null,
                                                                                "title" : null
                                                                              }
                                                                            ],
                                                                            "enabled" : true,
                                                                            "AXFrame" : "{{0, 116}, {402, 1044.6666666666665}}",
                                                                            "content_required" : false,
                                                                            "pid" : 12202,
                                                                            "role" : "AXGroup",
                                                                            "AXValue" : null,
                                                                            "custom_actions" : [

                                                                            ],
                                                                            "subrole" : null,
                                                                            "role_description" : "group",
                                                                            "traits" : [

                                                                            ]
                                                                          }
                                                                        ]
                                                                      }
                                                                    ],
                                                                    "AXUniqueId" : null,
                                                                    "enabled" : true,
                                                                    "AXFrame" : "{{0, 0}, {402, 874}}",
                                                                    "content_required" : false,
                                                                    "role" : "AXGroup",
                                                                    "title" : null,
                                                                    "AXValue" : null,
                                                                    "role_description" : "group",
                                                                    "custom_actions" : [

                                                                    ],
                                                                    "type" : "Group",
                                                                    "help" : null,
                                                                    "pid" : 12202
                                                                  }
                                                                ],
                                                                "frame" : {
                                                                  "x" : 0,
                                                                  "width" : 402,
                                                                  "y" : 0,
                                                                  "height" : 874
                                                                },
                                                                "title" : null,
                                                                "subrole" : null,
                                                                "traits" : [

                                                                ]
                                                              }
                                                            ],
                                                            "enabled" : true,
                                                            "frame" : {
                                                              "x" : 0,
                                                              "width" : 402,
                                                              "y" : 0,
                                                              "height" : 874
                                                            },
                                                            "AXUniqueId" : null,
                                                            "content_required" : false,
                                                            "role" : "AXGroup",
                                                            "custom_actions" : [

                                                            ],
                                                            "AXLabel" : null,
                                                            "pid" : 12202,
                                                            "AXFrame" : "{{0, 0}, {402, 874}}",
                                                            "role_description" : "group",
                                                            "title" : null,
                                                            "help" : null,
                                                            "type" : "Group",
                                                            "AXValue" : null,
                                                            "subrole" : null
                                                          }
                                                        ],
                                                        "type" : "Group",
                                                        "role_description" : "group",
                                                        "frame" : {
                                                          "x" : 0,
                                                          "width" : 402,
                                                          "y" : 0,
                                                          "height" : 874
                                                        },
                                                        "custom_actions" : [

                                                        ],
                                                        "AXUniqueId" : null,
                                                        "traits" : [

                                                        ],
                                                        "enabled" : true,
                                                        "AXFrame" : "{{0, 0}, {402, 874}}"
                                                      },
                                                      {
                                                        "frame" : {
                                                          "x" : 0,
                                                          "width" : 402,
                                                          "y" : 0,
                                                          "height" : 874
                                                        },
                                                        "enabled" : true,
                                                        "subrole" : null,
                                                        "content_required" : false,
                                                        "AXValue" : null,
                                                        "custom_actions" : [

                                                        ],
                                                        "role_description" : "group",
                                                        "help" : null,
                                                        "AXLabel" : null,
                                                        "AXUniqueId" : null,
                                                        "role" : "AXGroup",
                                                        "children" : [
                                                          {
                                                            "AXValue" : null,
                                                            "type" : "Group",
                                                            "AXLabel" : null,
                                                            "AXUniqueId" : null,
                                                            "pid" : 12202,
                                                            "subrole" : null,
                                                            "custom_actions" : [

                                                            ],
                                                            "content_required" : false,
                                                            "children" : [

                                                            ],
                                                            "traits" : [

                                                            ],
                                                            "frame" : {
                                                              "x" : 0,
                                                              "width" : 402,
                                                              "y" : 0,
                                                              "height" : 874
                                                            },
                                                            "enabled" : true,
                                                            "title" : null,
                                                            "role_description" : "group",
                                                            "help" : null,
                                                            "role" : "AXGroup",
                                                            "AXFrame" : "{{0, 0}, {402, 874}}"
                                                          }
                                                        ],
                                                        "pid" : 12202,
                                                        "title" : null,
                                                        "AXFrame" : "{{0, 0}, {402, 874}}",
                                                        "type" : "Group",
                                                        "traits" : [

                                                        ]
                                                      }
                                                    ],
                                                    "traits" : [

                                                    ],
                                                    "help" : null,
                                                    "frame" : {
                                                      "x" : 0,
                                                      "y" : 0,
                                                      "height" : 874,
                                                      "width" : 402
                                                    },
                                                    "subrole" : null,
                                                    "role_description" : "group",
                                                    "content_required" : false,
                                                    "type" : "Group",
                                                    "enabled" : true,
                                                    "title" : null,
                                                    "AXFrame" : "{{0, 0}, {402, 874}}",
                                                    "AXValue" : null,
                                                    "pid" : 12202,
                                                    "custom_actions" : [

                                                    ],
                                                    "AXLabel" : null,
                                                    "AXUniqueId" : null
                                                  }
                                                ],
                                                "role" : "AXGroup",
                                                "frame" : {
                                                  "y" : 0,
                                                  "x" : 0,
                                                  "height" : 874,
                                                  "width" : 402
                                                },
                                                "enabled" : true,
                                                "title" : null,
                                                "AXLabel" : null
                                              }
                                            ],
                                            "AXLabel" : null,
                                            "AXFrame" : "{{0, 0}, {402, 874}}"
                                          }
                                        ],
                                        "role_description" : "group",
                                        "custom_actions" : [

                                        ],
                                        "role" : "AXGroup",
                                        "title" : null,
                                        "content_required" : false,
                                        "AXValue" : null,
                                        "pid" : 12202,
                                        "frame" : {
                                          "x" : 0,
                                          "y" : 0,
                                          "height" : 874,
                                          "width" : 402
                                        },
                                        "subrole" : null,
                                        "AXLabel" : null,
                                        "type" : "Group",
                                        "help" : null,
                                        "AXFrame" : "{{0, 0}, {402, 874}}",
                                        "AXUniqueId" : null,
                                        "traits" : [

                                        ]
                                      }
                                    ],
                                    "role_description" : "group",
                                    "AXFrame" : "{{0, 0}, {402, 874}}",
                                    "title" : null,
                                    "AXValue" : null,
                                    "traits" : [

                                    ]
                                  }
                                ],
                                "AXLabel" : null,
                                "traits" : [

                                ],
                                "enabled" : true,
                                "AXUniqueId" : null,
                                "AXFrame" : "{{0, 0}, {402, 874}}",
                                "title" : null,
                                "subrole" : null,
                                "content_required" : false
                              },
                              {
                                "AXValue" : null,
                                "type" : "Group",
                                "role" : "AXGroup",
                                "AXUniqueId" : null,
                                "frame" : {
                                  "x" : 0,
                                  "y" : 791,
                                  "height" : 83,
                                  "width" : 402
                                },
                                "subrole" : null,
                                "pid" : 12202,
                                "AXLabel" : null,
                                "children" : [
                                  {
                                    "role_description" : "group",
                                    "type" : "Group",
                                    "AXValue" : null,
                                    "role" : "AXGroup",
                                    "traits" : [

                                    ],
                                    "subrole" : null,
                                    "help" : null,
                                    "children" : [
                                      {
                                        "role" : "AXGroup",
                                        "traits" : [

                                        ],
                                        "role_description" : "group",
                                        "custom_actions" : [

                                        ],
                                        "subrole" : null,
                                        "AXValue" : null,
                                        "help" : null,
                                        "type" : "Group",
                                        "AXLabel" : "Tab Bar",
                                        "frame" : {
                                          "y" : 791,
                                          "x" : 0,
                                          "height" : 83,
                                          "width" : 402
                                        },
                                        "title" : null,
                                        "enabled" : true,
                                        "AXFrame" : "{{0, 791}, {402, 83}}",
                                        "content_required" : false,
                                        "AXUniqueId" : null,
                                        "pid" : 12202,
                                        "children" : [
                                          {
                                            "title" : null,
                                            "content_required" : false,
                                            "enabled" : true,
                                            "role" : "AXGroup",
                                            "custom_actions" : [

                                            ],
                                            "type" : "Group",
                                            "AXUniqueId" : null,
                                            "help" : null,
                                            "pid" : 12202,
                                            "traits" : [

                                            ],
                                            "role_description" : "group",
                                            "frame" : {
                                              "y" : 791,
                                              "x" : 64,
                                              "height" : 62,
                                              "width" : 274
                                            },
                                            "AXFrame" : "{{64, 791}, {274, 62}}",
                                            "subrole" : null,
                                            "AXLabel" : null,
                                            "children" : [
                                              {
                                                "role" : "AXGroup",
                                                "pid" : 12202,
                                                "traits" : [

                                                ],
                                                "AXLabel" : null,
                                                "custom_actions" : [

                                                ],
                                                "title" : null,
                                                "AXFrame" : "{{64, 791}, {94, 54}}",
                                                "children" : [

                                                ],
                                                "help" : null,
                                                "enabled" : true,
                                                "AXValue" : null,
                                                "role_description" : "group",
                                                "type" : "Group",
                                                "AXUniqueId" : null,
                                                "frame" : {
                                                  "y" : 791,
                                                  "x" : 64,
                                                  "height" : 54,
                                                  "width" : 94
                                                },
                                                "content_required" : false,
                                                "subrole" : null
                                              },
                                              {
                                                "frame" : {
                                                  "y" : 791,
                                                  "x" : 64,
                                                  "height" : 62,
                                                  "width" : 274
                                                },
                                                "AXValue" : null,
                                                "role" : "AXGroup",
                                                "pid" : 12202,
                                                "custom_actions" : [

                                                ],
                                                "content_required" : false,
                                                "AXUniqueId" : null,
                                                "children" : [
                                                  {
                                                    "custom_actions" : [

                                                    ],
                                                    "children" : [
                                                      {
                                                        "custom_actions" : [

                                                        ],
                                                        "AXFrame" : "{{100, 797}, {30, 35.666666666666629}}",
                                                        "pid" : 12202,
                                                        "traits" : [

                                                        ],
                                                        "role_description" : "image",
                                                        "title" : null,
                                                        "children" : [

                                                        ],
                                                        "type" : "Image",
                                                        "AXUniqueId" : "figure.climbing",
                                                        "AXLabel" : "figure.climbing",
                                                        "role" : "AXImage",
                                                        "help" : null,
                                                        "subrole" : null,
                                                        "AXValue" : null,
                                                        "content_required" : false,
                                                        "frame" : {
                                                          "y" : 797,
                                                          "x" : 100,
                                                          "height" : 35.666666666666629,
                                                          "width" : 30
                                                        },
                                                        "enabled" : true
                                                      }
                                                    ],
                                                    "AXLabel" : "Train",
                                                    "subrole" : "AXTabButton",
                                                    "content_required" : false,
                                                    "help" : null,
                                                    "role_description" : "tab",
                                                    "AXUniqueId" : "figure.climbing",
                                                    "frame" : {
                                                      "y" : 795,
                                                      "x" : 68,
                                                      "height" : 54,
                                                      "width" : 94
                                                    },
                                                    "enabled" : true,
                                                    "role" : "AXRadioButton",
                                                    "pid" : 12202,
                                                    "type" : "RadioButton",
                                                    "title" : null,
                                                    "AXFrame" : "{{68, 795}, {94, 54}}",
                                                    "traits" : [

                                                    ],
                                                    "AXValue" : 1
                                                  },
                                                  {
                                                    "AXUniqueId" : "list.bullet.rectangle.portrait.fill",
                                                    "AXLabel" : "Plans",
                                                    "AXFrame" : "{{154, 795}, {94, 54}}",
                                                    "content_required" : false,
                                                    "title" : null,
                                                    "role_description" : "tab",
                                                    "custom_actions" : [

                                                    ],
                                                    "pid" : 12202,
                                                    "AXValue" : 0,
                                                    "type" : "RadioButton",
                                                    "frame" : {
                                                      "x" : 154,
                                                      "y" : 795,
                                                      "height" : 54,
                                                      "width" : 94
                                                    },
                                                    "children" : [
                                                      {
                                                        "traits" : [

                                                        ],
                                                        "children" : [

                                                        ],
                                                        "help" : null,
                                                        "subrole" : null,
                                                        "pid" : 12202,
                                                        "enabled" : true,
                                                        "type" : "Image",
                                                        "AXValue" : null,
                                                        "title" : null,
                                                        "AXLabel" : "list.bullet.rectangle.portrait.fill",
                                                        "role" : "AXImage",
                                                        "AXUniqueId" : "list.bullet.rectangle.portrait.fill",
                                                        "content_required" : false,
                                                        "frame" : {
                                                          "x" : 188,
                                                          "y" : 800.66666666666663,
                                                          "height" : 28.666666666666629,
                                                          "width" : 25.333333333333343
                                                        },
                                                        "custom_actions" : [

                                                        ],
                                                        "AXFrame" : "{{188, 800.66666666666663}, {25.333333333333343, 28.666666666666629}}",
                                                        "role_description" : "image"
                                                      }
                                                    ],
                                                    "traits" : [

                                                    ],
                                                    "help" : null,
                                                    "role" : "AXRadioButton",
                                                    "enabled" : true,
                                                    "subrole" : "AXTabButton"
                                                  },
                                                  {
                                                    "role_description" : "tab",
                                                    "type" : "RadioButton",
                                                    "AXUniqueId" : "clock.arrow.circlepath",
                                                    "frame" : {
                                                      "x" : 240,
                                                      "y" : 795,
                                                      "height" : 54,
                                                      "width" : 94
                                                    },
                                                    "AXLabel" : "History",
                                                    "role" : "AXRadioButton",
                                                    "traits" : [

                                                    ],
                                                    "AXFrame" : "{{240, 795}, {94, 54}}",
                                                    "enabled" : true,
                                                    "content_required" : false,
                                                    "AXValue" : 0,
                                                    "subrole" : "AXTabButton",
                                                    "help" : null,
                                                    "pid" : 12202,
                                                    "custom_actions" : [

                                                    ],
                                                    "children" : [
                                                      {
                                                        "pid" : 12202,
                                                        "title" : null,
                                                        "type" : "Image",
                                                        "AXFrame" : "{{272.66666666666663, 801.33333333333337}, {27.666666666666686, 27.333333333333371}}",
                                                        "subrole" : null,
                                                        "help" : null,
                                                        "content_required" : false,
                                                        "traits" : [

                                                        ],
                                                        "AXValue" : null,
                                                        "AXUniqueId" : "clock.arrow.trianglehead.counterclockwise.rotate.90",
                                                        "custom_actions" : [

                                                        ],
                                                        "frame" : {
                                                          "y" : 801.33333333333337,
                                                          "x" : 272.66666666666663,
                                                          "height" : 27.333333333333371,
                                                          "width" : 27.666666666666686
                                                        },
                                                        "role" : "AXImage",
                                                        "AXLabel" : "clock.arrow.trianglehead.counterclockwise.rotate.90",
                                                        "role_description" : "image",
                                                        "enabled" : true,
                                                        "children" : [

                                                        ]
                                                      }
                                                    ],
                                                    "title" : null
                                                  }
                                                ],
                                                "type" : "Group",
                                                "AXLabel" : null,
                                                "traits" : [

                                                ],
                                                "help" : null,
                                                "enabled" : true,
                                                "subrole" : null,
                                                "AXFrame" : "{{64, 791}, {274, 62}}",
                                                "role_description" : "group",
                                                "title" : null
                                              },
                                              {
                                                "children" : [
                                                  {
                                                    "role_description" : "group",
                                                    "AXFrame" : "{{68, 795}, {94, 54}}",
                                                    "children" : [
                                                      {
                                                        "AXLabel" : null,
                                                        "help" : null,
                                                        "type" : "Group",
                                                        "title" : null,
                                                        "subrole" : null,
                                                        "pid" : 12202,
                                                        "role_description" : "group",
                                                        "enabled" : true,
                                                        "AXUniqueId" : null,
                                                        "AXFrame" : "{{68, 795}, {94, 54}}",
                                                        "content_required" : false,
                                                        "AXValue" : null,
                                                        "children" : [

                                                        ],
                                                        "traits" : [

                                                        ],
                                                        "frame" : {
                                                          "x" : 68,
                                                          "y" : 795,
                                                          "height" : 54,
                                                          "width" : 94
                                                        },
                                                        "custom_actions" : [

                                                        ],
                                                        "role" : "AXGroup"
                                                      },
                                                      {
                                                        "role_description" : "group",
                                                        "content_required" : false,
                                                        "role" : "AXGroup",
                                                        "AXFrame" : "{{68, 795}, {94, 54}}",
                                                        "help" : null,
                                                        "title" : null,
                                                        "traits" : [

                                                        ],
                                                        "subrole" : null,
                                                        "custom_actions" : [

                                                        ],
                                                        "enabled" : true,
                                                        "AXValue" : null,
                                                        "type" : "Group",
                                                        "AXUniqueId" : null,
                                                        "pid" : 12202,
                                                        "children" : [
                                                          {
                                                            "AXValue" : null,
                                                            "AXLabel" : null,
                                                            "title" : null,
                                                            "custom_actions" : [

                                                            ],
                                                            "AXFrame" : "{{68, 795}, {94, 54}}",
                                                            "help" : null,
                                                            "traits" : [

                                                            ],
                                                            "AXUniqueId" : null,
                                                            "frame" : {
                                                              "x" : 68,
                                                              "y" : 795,
                                                              "height" : 54,
                                                              "width" : 94
                                                            },
                                                            "children" : [
                                                              {
                                                                "enabled" : true,
                                                                "AXValue" : null,
                                                                "custom_actions" : [

                                                                ],
                                                                "frame" : {
                                                                  "x" : 68,
                                                                  "y" : 795,
                                                                  "height" : 54,
                                                                  "width" : 94
                                                                },
                                                                "children" : [
                                                                  {
                                                                    "role_description" : "group",
                                                                    "type" : "Group",
                                                                    "AXLabel" : null,
                                                                    "title" : null,
                                                                    "pid" : 12202,
                                                                    "traits" : [

                                                                    ],
                                                                    "AXValue" : null,
                                                                    "content_required" : false,
                                                                    "help" : null,
                                                                    "custom_actions" : [

                                                                    ],
                                                                    "role" : "AXGroup",
                                                                    "enabled" : true,
                                                                    "subrole" : null,
                                                                    "children" : [

                                                                    ],
                                                                    "frame" : {
                                                                      "y" : 795,
                                                                      "x" : 68,
                                                                      "height" : 54,
                                                                      "width" : 94
                                                                    },
                                                                    "AXUniqueId" : null,
                                                                    "AXFrame" : "{{68, 795}, {94, 54}}"
                                                                  }
                                                                ],
                                                                "AXFrame" : "{{68, 795}, {94, 54}}",
                                                                "role" : "AXGroup",
                                                                "AXLabel" : null,
                                                                "traits" : [

                                                                ],
                                                                "pid" : 12202,
                                                                "help" : null,
                                                                "title" : null,
                                                                "content_required" : false,
                                                                "subrole" : null,
                                                                "type" : "Group",
                                                                "role_description" : "group",
                                                                "AXUniqueId" : null
                                                              },
                                                              {
                                                                "title" : null,
                                                                "children" : [

                                                                ],
                                                                "frame" : {
                                                                  "x" : 68,
                                                                  "y" : 795,
                                                                  "height" : 54,
                                                                  "width" : 94
                                                                },
                                                                "help" : null,
                                                                "AXLabel" : null,
                                                                "enabled" : true,
                                                                "subrole" : null,
                                                                "content_required" : false,
                                                                "custom_actions" : [

                                                                ],
                                                                "traits" : [

                                                                ],
                                                                "AXValue" : null,
                                                                "type" : "Group",
                                                                "AXUniqueId" : null,
                                                                "AXFrame" : "{{68, 795}, {94, 54}}",
                                                                "role_description" : "group",
                                                                "role" : "AXGroup",
                                                                "pid" : 12202
                                                              }
                                                            ],
                                                            "content_required" : false,
                                                            "enabled" : true,
                                                            "role" : "AXGroup",
                                                            "role_description" : "group",
                                                            "subrole" : null,
                                                            "pid" : 12202,
                                                            "type" : "Group"
                                                          },
                                                          {
                                                            "custom_actions" : [

                                                            ],
                                                            "subrole" : null,
                                                            "pid" : 12202,
                                                            "AXLabel" : null,
                                                            "content_required" : false,
                                                            "children" : [

                                                            ],
                                                            "title" : null,
                                                            "AXFrame" : "{{68, 795}, {94, 54}}",
                                                            "role_description" : "group",
                                                            "AXValue" : null,
                                                            "type" : "Group",
                                                            "AXUniqueId" : null,
                                                            "frame" : {
                                                              "y" : 795,
                                                              "x" : 68,
                                                              "height" : 54,
                                                              "width" : 94
                                                            },
                                                            "help" : null,
                                                            "enabled" : true,
                                                            "traits" : [

                                                            ],
                                                            "role" : "AXGroup"
                                                          }
                                                        ],
                                                        "AXLabel" : null,
                                                        "frame" : {
                                                          "y" : 795,
                                                          "x" : 68,
                                                          "height" : 54,
                                                          "width" : 94
                                                        }
                                                      }
                                                    ],
                                                    "frame" : {
                                                      "x" : 68,
                                                      "y" : 795,
                                                      "height" : 54,
                                                      "width" : 94
                                                    },
                                                    "role" : "AXGroup",
                                                    "help" : null,
                                                    "type" : "Group",
                                                    "title" : null,
                                                    "custom_actions" : [

                                                    ],
                                                    "enabled" : true,
                                                    "subrole" : null,
                                                    "AXLabel" : null,
                                                    "AXUniqueId" : null,
                                                    "content_required" : false,
                                                    "AXValue" : null,
                                                    "pid" : 12202,
                                                    "traits" : [

                                                    ]
                                                  }
                                                ],
                                                "AXUniqueId" : null,
                                                "title" : null,
                                                "help" : null,
                                                "AXFrame" : "{{68, 795}, {94, 54}}",
                                                "enabled" : true,
                                                "traits" : [

                                                ],
                                                "content_required" : false,
                                                "pid" : 12202,
                                                "AXValue" : null,
                                                "frame" : {
                                                  "x" : 68,
                                                  "y" : 795,
                                                  "height" : 54,
                                                  "width" : 94
                                                },
                                                "custom_actions" : [

                                                ],
                                                "role_description" : "group",
                                                "AXLabel" : null,
                                                "type" : "Group",
                                                "role" : "AXGroup",
                                                "subrole" : null
                                              }
                                            ],
                                            "AXValue" : null
                                          }
                                        ]
                                      }
                                    ],
                                    "AXFrame" : "{{0, 0}, {402, 874}}",
                                    "content_required" : false,
                                    "frame" : {
                                      "y" : 0,
                                      "x" : 0,
                                      "height" : 874,
                                      "width" : 402
                                    },
                                    "pid" : 12202,
                                    "AXUniqueId" : null,
                                    "custom_actions" : [

                                    ],
                                    "enabled" : true,
                                    "title" : null,
                                    "AXLabel" : null
                                  },
                                  {
                                    "AXFrame" : "{{0, 791}, {402, 83}}",
                                    "help" : null,
                                    "type" : "Group",
                                    "title" : null,
                                    "traits" : [

                                    ],
                                    "children" : [
                                      {
                                        "AXUniqueId" : null,
                                        "help" : null,
                                        "type" : "Group",
                                        "title" : null,
                                        "enabled" : true,
                                        "AXValue" : null,
                                        "traits" : [

                                        ],
                                        "children" : [
                                          {
                                            "type" : "Group",
                                            "enabled" : true,
                                            "frame" : {
                                              "x" : 0,
                                              "y" : 791,
                                              "height" : 83,
                                              "width" : 402
                                            },
                                            "title" : null,
                                            "content_required" : false,
                                            "AXFrame" : "{{0, 791}, {402, 83}}",
                                            "pid" : 12202,
                                            "AXUniqueId" : null,
                                            "subrole" : null,
                                            "AXValue" : null,
                                            "AXLabel" : null,
                                            "help" : null,
                                            "role_description" : "group",
                                            "traits" : [

                                            ],
                                            "custom_actions" : [

                                            ],
                                            "role" : "AXGroup",
                                            "children" : [
                                              {
                                                "role" : "AXGroup",
                                                "frame" : {
                                                  "y" : 791,
                                                  "x" : 0,
                                                  "height" : 83,
                                                  "width" : 402
                                                },
                                                "AXLabel" : null,
                                                "custom_actions" : [

                                                ],
                                                "title" : null,
                                                "role_description" : "group",
                                                "enabled" : true,
                                                "AXValue" : null,
                                                "subrole" : null,
                                                "AXFrame" : "{{0, 791}, {402, 83}}",
                                                "pid" : 12202,
                                                "children" : [
                                                  {
                                                    "custom_actions" : [

                                                    ],
                                                    "pid" : 12202,
                                                    "AXValue" : null,
                                                    "role" : "AXGroup",
                                                    "help" : null,
                                                    "type" : "Group",
                                                    "AXFrame" : "{{0, 791}, {402, 83}}",
                                                    "children" : [
                                                      {
                                                        "help" : null,
                                                        "type" : "Group",
                                                        "custom_actions" : [

                                                        ],
                                                        "AXLabel" : null,
                                                        "content_required" : false,
                                                        "enabled" : true,
                                                        "AXFrame" : "{{0, 791}, {402, 83}}",
                                                        "title" : null,
                                                        "pid" : 12202,
                                                        "subrole" : null,
                                                        "role_description" : "group",
                                                        "AXValue" : null,
                                                        "children" : [

                                                        ],
                                                        "traits" : [

                                                        ],
                                                        "frame" : {
                                                          "x" : 0,
                                                          "y" : 791,
                                                          "height" : 83,
                                                          "width" : 402
                                                        },
                                                        "role" : "AXGroup",
                                                        "AXUniqueId" : null
                                                      }
                                                    ],
                                                    "traits" : [

                                                    ],
                                                    "frame" : {
                                                      "x" : 0,
                                                      "y" : 791,
                                                      "height" : 83,
                                                      "width" : 402
                                                    },
                                                    "role_description" : "group",
                                                    "title" : null,
                                                    "AXLabel" : null,
                                                    "content_required" : false,
                                                    "enabled" : true,
                                                    "subrole" : null,
                                                    "AXUniqueId" : null
                                                  }
                                                ],
                                                "traits" : [

                                                ],
                                                "content_required" : false,
                                                "AXUniqueId" : null,
                                                "help" : null,
                                                "type" : "Group"
                                              },
                                              {
                                                "children" : [
                                                  {
                                                    "AXFrame" : "{{0, 791}, {402, 83}}",
                                                    "role_description" : "group",
                                                    "role" : "AXGroup",
                                                    "AXValue" : null,
                                                    "pid" : 12202,
                                                    "traits" : [

                                                    ],
                                                    "frame" : {
                                                      "y" : 791,
                                                      "x" : 0,
                                                      "height" : 83,
                                                      "width" : 402
                                                    },
                                                    "help" : null,
                                                    "type" : "Group",
                                                    "children" : [

                                                    ],
                                                    "AXLabel" : null,
                                                    "custom_actions" : [

                                                    ],
                                                    "AXUniqueId" : null,
                                                    "enabled" : true,
                                                    "title" : null,
                                                    "content_required" : false,
                                                    "subrole" : null
                                                  }
                                                ],
                                                "traits" : [

                                                ],
                                                "custom_actions" : [

                                                ],
                                                "AXValue" : null,
                                                "frame" : {
                                                  "y" : 791,
                                                  "x" : 0,
                                                  "height" : 83,
                                                  "width" : 402
                                                },
                                                "content_required" : false,
                                                "AXUniqueId" : null,
                                                "role" : "AXGroup",
                                                "role_description" : "group",
                                                "title" : null,
                                                "AXFrame" : "{{0, 791}, {402, 83}}",
                                                "subrole" : null,
                                                "enabled" : true,
                                                "type" : "Group",
                                                "AXLabel" : null,
                                                "help" : null,
                                                "pid" : 12202
                                              }
                                            ]
                                          }
                                        ],
                                        "AXFrame" : "{{0, 791}, {402, 83}}",
                                        "content_required" : false,
                                        "AXLabel" : null,
                                        "frame" : {
                                          "x" : 0,
                                          "y" : 791,
                                          "height" : 83,
                                          "width" : 402
                                        },
                                        "custom_actions" : [

                                        ],
                                        "role_description" : "group",
                                        "role" : "AXGroup",
                                        "pid" : 12202,
                                        "subrole" : null
                                      }
                                    ],
                                    "role_description" : "group",
                                    "role" : "AXGroup",
                                    "enabled" : true,
                                    "content_required" : false,
                                    "custom_actions" : [

                                    ],
                                    "frame" : {
                                      "x" : 0,
                                      "y" : 791,
                                      "height" : 83,
                                      "width" : 402
                                    },
                                    "AXValue" : null,
                                    "AXLabel" : null,
                                    "subrole" : null,
                                    "pid" : 12202,
                                    "AXUniqueId" : null
                                  }
                                ],
                                "AXFrame" : "{{0, 791}, {402, 83}}",
                                "enabled" : true,
                                "traits" : [

                                ],
                                "help" : null,
                                "role_description" : "group",
                                "title" : null,
                                "content_required" : false,
                                "custom_actions" : [

                                ]
                              }
                            ],
                            "frame" : {
                              "x" : 0,
                              "width" : 402,
                              "y" : 0,
                              "height" : 874
                            },
                            "AXUniqueId" : null,
                            "title" : null,
                            "AXValue" : null,
                            "content_required" : false,
                            "pid" : 12202
                          }
                        ],
                        "custom_actions" : [

                        ],
                        "type" : "Group",
                        "frame" : {
                          "x" : 0,
                          "width" : 402,
                          "y" : 0,
                          "height" : 874
                        },
                        "help" : null,
                        "pid" : 12202,
                        "traits" : [

                        ]
                      }
                    ],
                    "AXFrame" : "{{0, 0}, {402, 874}}",
                    "AXLabel" : null,
                    "role" : "AXGroup",
                    "content_required" : false,
                    "subrole" : null,
                    "custom_actions" : [

                    ],
                    "pid" : 12202,
                    "title" : null,
                    "traits" : [

                    ],
                    "AXValue" : null,
                    "help" : null
                  }
                ],
                "AXUniqueId" : null,
                "role" : "AXGroup",
                "help" : null,
                "traits" : [

                ],
                "role_description" : "group",
                "type" : "Group",
                "AXFrame" : "{{0, 0}, {402, 874}}",
                "enabled" : true,
                "subrole" : null,
                "custom_actions" : [

                ],
                "content_required" : false,
                "AXLabel" : null
              }
            ],
            "pid" : 12202,
            "AXFrame" : "{{0, 0}, {402, 874}}",
            "AXLabel" : null,
            "AXUniqueId" : null,
            "enabled" : true
          }
        ],
        "custom_actions" : [

        ],
        "AXValue" : null,
        "role" : "AXGroup",
        "frame" : {
          "x" : 0,
          "width" : 402,
          "y" : 0,
          "height" : 874
        },
        "help" : null,
        "role_description" : "group",
        "subrole" : null,
        "content_required" : false,
        "enabled" : true,
        "type" : "Group"
      }
    ],
    "frame" : {
      "x" : 0,
      "width" : 402,
      "y" : 0,
      "height" : 874
    }
  }
]
